system:index,LST_C,MNDWI,NDBI,NDVI,f_bare,f_built,f_crop,f_grass,f_shrub,f_tree,f_water,lat,lon,.geo
0,34.632746401204834,0.07894053281123004,-0.41175967592334006,0.44324508775299326,0.0,0.0,0.08299866131191434,0.5977242302543508,0.0,0.0,0.0,12.770561191344717,79.91143427642086,"{""type"":""MultiPoint"",""coordinates"":[]}"
1,41.26551431609251,-0.23779355931446816,0.05713644949475826,0.16040334864208827,0.04088471849865952,0.35589812332439685,0.031501340482573734,0.24731903485254692,0.0,0.3243967828418231,0.0,12.968014218593911,80.17356350344963,"{""type"":""MultiPoint"",""coordinates"":[]}"
2,40.821109217624176,-0.5351891475501415,0.029334607507001977,0.5078367414703863,0.0,0.0,0.4080536912751679,0.4664429530201343,0.12013422818791947,0.005369127516778524,0.0,12.776448583732341,80.04578847127333,"{""type"":""MultiPoint"",""coordinates"":[]}"
3,44.92634813621731,-0.40374686077892846,-0.008690593359170827,0.36945901854447544,0.0,0.7364185110663983,0.0,0.0,0.0,0.2635814889336016,0.0,12.855999079835183,79.94073377710437,"{""type"":""MultiPoint"",""coordinates"":[]}"
4,35.63473815080484,-0.4782235643403487,-0.13623263988345002,0.6311458082952257,0.0,0.0,0.5855130784708249,0.17102615694164988,0.0,0.24346076458752514,0.0,12.939530067806476,80.04489050432176,"{""type"":""MultiPoint"",""coordinates"":[]}"
5,33.658228541307864,0.06948606952300221,0.021770829500822136,-0.011425825339071738,0.0,0.0,0.0,0.01073105298457411,0.0,0.0,0.24882629107981216,12.649876114268771,80.15951791671829,"{""type"":""MultiPoint"",""coordinates"":[]}"
6,37.96284819239788,-0.4577921987478769,-0.20578045639019285,0.6698143663204168,0.0,0.02210314802411252,0.0,0.0,0.0,0.9778968519758874,0.0,13.010660724672338,80.19209090489203,"{""type"":""MultiPoint"",""coordinates"":[]}"
7,41.526588459638575,-0.2701725062827968,0.09118694817579943,0.11665166871620126,0.0,1.0,0.0,0.0,0.0,0.0,0.0,12.964295229382746,80.15287989005962,"{""type"":""MultiPoint"",""coordinates"":[]}"
8,28.473724519919607,0.1647920235331841,-0.01427343522940051,-0.04794981804135285,0.0,0.0,0.0,0.0,0.0,0.0,1.0,12.992171741553516,80.32019449317986,"{""type"":""MultiPoint"",""coordinates"":[]}"
9,39.17522555963139,-0.5287914937535579,-0.054714048286299784,0.5908869021601756,0.0,0.0,0.0,0.0,0.0,1.0,0.0,12.973873400009946,80.17549061713532,"{""type"":""MultiPoint"",""coordinates"":[]}"
10,39.79764883434989,-0.5363132713701938,-0.0475827901285798,0.606141562743333,0.0,0.0,0.0,0.0,0.0,1.0,0.0,12.95864895157726,80.09953994249264,"{""type"":""MultiPoint"",""coordinates"":[]}"
11,42.26107840397591,-0.295169736770628,0.10739666986485784,0.1177056495696153,0.0,1.0,0.0,0.0,0.0,0.0,0.0,12.943609792206349,80.20647810162033,"{""type"":""MultiPoint"",""coordinates"":[]}"
12,38.029468067947704,-0.38670185682982977,-0.2351157182272297,0.6257648953085708,0.0,0.0,1.0,0.0,0.0,0.0,0.0,12.858227878477766,79.9914716591941,"{""type"":""MultiPoint"",""coordinates"":[]}"
13,28.81576129238929,0.20661411548253394,-0.015159727843746095,-0.059918301786032385,0.0,0.0,0.0,0.0,0.0,0.0,1.0,12.649368409046215,80.27570172602269,"{""type"":""MultiPoint"",""coordinates"":[]}"
14,47.84168307545273,-0.5430891129518765,0.19950271585231616,0.2520018741106302,0.0,0.0,1.0,0.0,0.0,0.0,0.0,12.835020670733153,79.98587105314043,"{""type"":""MultiPoint"",""coordinates"":[]}"
15,39.67840758703085,-0.5104282854187822,0.13577552006245602,0.37730400955046056,0.0,0.0,0.0,0.0,0.0,1.0,0.0,12.94992968709848,80.07116375528119,"{""type"":""MultiPoint"",""coordinates"":[]}"
16,28.564596430328432,0.1521139368544191,-0.0028125964092708096,-0.04777583797005251,0.0,0.0,0.0,0.0,0.0,0.0,1.0,12.76291550476981,80.32553484085983,"{""type"":""MultiPoint"",""coordinates"":[]}"
17,41.315504004041564,-0.5096233550586381,-0.022920442442402652,0.49472566837855086,0.0,0.38136729222520105,0.0,0.0,0.0,0.6186327077747988,0.0,13.037485478485596,80.02515032580004,"{""type"":""MultiPoint"",""coordinates"":[]}"
18,28.538745682214778,0.1528469364793271,-0.0059732435632380045,-0.048268664951108105,0.0,0.0,0.0,0.0,0.0,0.0,1.0,13.041379470073403,80.32673384739498,"{""type"":""MultiPoint"",""coordinates"":[]}"
19,37.525692906832234,-0.5702090479476011,-0.004252572017731094,0.6022719278700457,0.0,0.0,0.0,0.0,0.0,1.0,0.0,12.74927726418512,80.09069864660908,"{""type"":""MultiPoint"",""coordinates"":[]}"
20,42.77073290325958,-0.45513303405711314,0.08530543008870707,0.32577145883403935,0.0,0.0,0.0,1.0,0.0,0.0,0.0,12.682580678904735,80.21034676649714,"{""type"":""MultiPoint"",""coordinates"":[]}"
21,31.643959756066913,-0.160773814428512,0.1692307326503455,0.00900300494210328,0.00334448160535117,0.22742474916387956,0.0,0.0,0.0,0.0,0.7692307692307692,13.108033846831884,80.3038631438532,"{""type"":""MultiPoint"",""coordinates"":[]}"
22,28.80967299366019,0.21107798565206892,-0.03173330247287101,-0.0632183707536952,0.0,0.0,0.0,0.0,0.0,0.0,1.0,12.609220520529307,80.27603024183304,"{""type"":""MultiPoint"",""coordinates"":[]}"
23,28.424576737030858,0.14976123444876427,-0.013176180589513403,-0.05453440024272723,0.0,0.0,0.0,0.0,0.0,0.0,1.0,13.033460482383513,80.34263097587774,"{""type"":""MultiPoint"",""coordinates"":[]}"
24,40.89418726861447,-0.4977482616116291,0.08592802330210214,0.36690903366058225,0.0,0.0,1.0,0.0,0.0,0.0,0.0,13.175574626568594,79.95339007641068,"{""type"":""MultiPoint"",""coordinates"":[]}"
25,28.498154242655954,0.2168071221802622,-0.0499609668986128,-0.04526338161396677,0.0,0.0,0.0,0.0,0.0,0.0,1.0,12.914082420197701,80.31128521571995,"{""type"":""MultiPoint"",""coordinates"":[]}"
26,40.7682626180483,-0.5255372054127889,0.06394390087441475,0.45446401755907306,0.0,0.0,0.0,0.9959758551307847,0.0,0.004024144869215291,0.0,12.8920503990467,80.23580040041274,"{""type"":""MultiPoint"",""coordinates"":[]}"
27,35.640524255754535,-0.23914945543931762,-0.22938784914762506,0.565321744775789,0.0,0.0,0.7645875251509053,0.21193829644533868,0.023474178403755867,0.0,0.0,12.934101103363622,79.92427856129636,"{""type"":""MultiPoint"",""coordinates"":[]}"
28,28.367197744909603,0.14559834956390538,-0.01682354439667475,-0.04753265435216727,0.0,0.0,0.0,0.0,0.0,0.0,1.0,12.981809557563816,80.32778589139863,"{""type"":""MultiPoint"",""coordinates"":[]}"
29,28.34698245506025,0.17946030575037336,-0.037648494554968076,-0.055991594811631434,0.0,0.0,0.0,0.0,0.0,0.0,1.0,13.046865957365315,80.34142667177619,"{""type"":""MultiPoint"",""coordinates"":[]}"
30,42.88154002245474,-0.5306483537538867,0.13272980378589092,0.36581468010635887,0.0,0.0,0.0,0.7250167672702883,0.1924882629107981,0.08249496981891348,0.0,12.77494338093906,80.12150907719558,"{""type"":""MultiPoint"",""coordinates"":[]}"
31,43.332168420569346,-0.43303714409095945,0.04269040009021644,0.3428149565925876,0.0,0.0910917615539183,0.2511721366376424,0.24648359008707302,0.0,0.41125251172136645,0.0,12.89012305679155,80.25276297078965,"{""type"":""MultiPoint"",""coordinates"":[]}"
32,40.2412513874447,-0.5688980774487049,0.05405490087306517,0.5319555079318388,0.0,0.0,0.0,0.0,0.0,1.0,0.0,12.786362009854283,79.9634705496611,"{""type"":""MultiPoint"",""coordinates"":[]}"
33,28.75115571900136,0.25818281347943756,-0.04588860654231477,-0.07614898234753444,0.0,0.0,0.0,0.0,0.0,0.0,1.0,13.022562211944164,80.29183369672059,"{""type"":""MultiPoint"",""coordinates"":[]}"
34,28.566283106760572,0.1627878248913324,0.016853039268931495,-0.052932660605735135,0.0,0.0,0.0,0.0,0.0,0.0,1.0,12.931343233438314,80.29631603907802,"{""type"":""MultiPoint"",""coordinates"":[]}"
35,34.6119111274548,0.00735650780454866,-0.25846420471205733,0.3139238358475216,0.0,0.0,0.506363027461487,0.0,0.4936369725385131,0.0,0.0,13.032287438777058,79.97441471271367,"{""type"":""MultiPoint"",""coordinates"":[]}"
36,42.45135992981235,-0.5966171197835805,0.143729191235273,0.43143999122768506,0.0,0.0,0.0,0.0013404825737265414,0.9986595174262735,0.0,0.0,13.008912412435745,79.96682963924631,"{""type"":""MultiPoint"",""coordinates"":[]}"
37,28.746560177365968,0.1378376293748701,0.025736071331899816,-0.04805850266155802,0.0,0.0,0.0,0.0,0.0,0.0,1.0,12.744556295236045,80.3150120385098,"{""type"":""MultiPoint"",""coordinates"":[]}"
38,41.49695875614459,-0.3189485056329061,0.05217194368885241,0.20088565703887065,0.0,1.0,0.0,0.0,0.0,0.0,0.0,13.13935243982419,80.25266270198148,"{""type"":""MultiPoint"",""coordinates"":[]}"
39,42.84159097602144,-0.3491284351418814,0.10133133077808187,0.1903015500529487,0.0,1.0,0.0,0.0,0.0,0.0,0.0,13.133083566886107,80.22904884512194,"{""type"":""MultiPoint"",""coordinates"":[]}"
40,29.92400283354321,0.3499628777315581,0.062358172907528424,-0.2335229946080639,0.0,0.0,0.0,0.0,0.0,0.0,1.0,13.032758889270323,80.28191663189656,"{""type"":""MultiPoint"",""coordinates"":[]}"
41,29.425233137464822,0.3366552187685674,-0.05172950693467901,-0.08462341363348111,0.0,0.0,0.0,0.0,0.0,0.0,1.0,12.603016478430066,80.20565384563915,"{""type"":""MultiPoint"",""coordinates"":[]}"
42,38.934959600804305,-0.5101726016010582,-0.027427334985922334,0.5263045093251697,0.0,0.0,0.5087131367292225,0.0,0.0,0.49128686327077736,0.0,12.698491745572012,79.92366331474521,"{""type"":""MultiPoint"",""coordinates"":[]}"
43,39.9937403277711,-0.4638797839185397,0.02384626273031235,0.3993709285916209,0.0,0.25903614457831325,0.0,0.0,0.0,0.7409638554216867,0.0,12.895057383473896,80.08918042361147,"{""type"":""MultiPoint"",""coordinates"":[]}"
44,39.87028126778375,-0.5395062047286954,0.062199493947321216,0.4675068373230479,0.0,0.0,0.5171255876427132,0.48287441235728673,0.0,0.0,0.0,12.624480722351892,80.00060165948528,"{""type"":""MultiPoint"",""coordinates"":[]}"
45,41.84100738808056,-0.5130248029480237,0.0842018028421445,0.3628823502703766,0.0,0.09932885906040269,0.5026845637583892,0.0,0.0,0.39798657718120795,0.0,12.81904417765756,80.00953366089144,"{""type"":""MultiPoint"",""coordinates"":[]}"
46,28.5938867082842,0.2100466991730038,-0.005116649873008957,-0.07407970360485988,0.0,0.0,0.0,0.0,0.0,0.0,1.0,12.84912386216263,80.27020540665883,"{""type"":""MultiPoint"",""coordinates"":[]}"
47,43.222488090563395,-0.4063008396040161,0.034649102098439515,0.3496669836058037,0.0,0.5298457411133467,0.024144869215291753,0.0,0.0,0.44600938967136156,0.0,12.946717707092565,80.14249784994661,"{""type"":""MultiPoint"",""coordinates"":[]}"
48,38.22433074068412,-0.5302904670404258,-0.0744824883510599,0.6289176247309736,0.0,0.0,0.15492957746478875,0.42723004694835676,0.0,0.41784037558685444,0.0,12.761799346330651,80.11014393930427,"{""type"":""MultiPoint"",""coordinates"":[]}"
49,41.18717562276255,-0.5080604779247433,0.05237099764073853,0.41186815959422673,0.0,0.0,0.8080267558528428,0.15183946488294311,0.0,0.04013377926421404,0.0,13.079972631421086,80.05766226977029,"{""type"":""MultiPoint"",""coordinates"":[]}"
50,35.397007647701095,-0.023667829836431568,0.01277842692462752,0.1380762894307933,0.0,0.0,0.0,0.682975871313673,0.0,0.030160857908847184,0.28686327077747986,12.850304560651086,80.00836397316316,"{""type"":""MultiPoint"",""coordinates"":[]}"
51,28.662625106474554,0.15592628092138092,0.008907428144169146,-0.04767372936481328,0.0,0.0,0.0,0.0,0.0,0.0,1.0,12.876565905494761,80.30706450725444,"{""type"":""MultiPoint"",""coordinates"":[]}"
52,40.960932498774305,-0.3374421720208337,0.157282371348767,0.10854691368587983,0.0,1.0,0.0,0.0,0.0,0.0,0.0,13.020217851228864,80.26184612359789,"{""type"":""MultiPoint"",""coordinates"":[]}"
53,28.476918934146045,0.18787763967308066,-0.010742482484196923,-0.059158205695902306,0.0,0.0,0.0,0.0,0.0,0.0,1.0,13.144477027261065,80.33005813830717,"{""type"":""MultiPoint"",""coordinates"":[]}"
54,40.24898732088415,-0.35667953933463226,-0.0054137420302668715,0.3555965675812002,0.0,0.5244474212993971,0.0033489618218352306,0.0,0.0,0.47220361687876755,0.0,13.05891151318484,80.08074909493988,"{""type"":""MultiPoint"",""coordinates"":[]}"
55,28.57185285013407,0.17028445188784266,-0.005845885057488904,-0.038768008600450155,0.0,0.0,0.0,0.0,0.0,0.0,1.0,12.88783223513782,80.29729197915236,"{""type"":""MultiPoint"",""coordinates"":[]}"
56,41.81088395438044,-0.468080688271642,0.03299122851374873,0.4215367865496744,0.0,0.02478231748158071,0.0,0.0,0.0,0.9752176825184191,0.0,13.16851737473155,80.21686582028573,"{""type"":""MultiPoint"",""coordinates"":[]}"
57,38.20088028086522,-0.54406157110487,0.10729104116852668,0.40803874728676665,0.0,0.0,0.8900067069081153,0.10999329309188462,0.0,0.0,0.0,12.847758119372141,79.9765283825079,"{""type"":""MultiPoint"",""coordinates"":[]}"
58,41.67758804247155,-0.34131670650763557,0.0722779450566782,0.22707852253383243,0.0,0.7642330877427996,0.0,0.0,0.0,0.23576691225720028,0.0,13.040265256200193,80.23406917992871,"{""type"":""MultiPoint"",""coordinates"":[]}"
59,39.84144054036147,-0.3708167136303594,0.059470595978521695,0.27668377396077004,0.0,0.8721552878179386,0.0,0.0,0.0,0.1278447121820616,0.0,13.067379489290717,80.08946776103403,"{""type"":""MultiPoint"",""coordinates"":[]}"
60,42.03743480713331,-0.33446855164905814,0.11023971762892869,0.25213342201809374,0.0,0.8332217012726054,0.0,0.0,0.0,0.16677829872739452,0.0,12.97728018493113,80.20550264620988,"{""type"":""MultiPoint"",""coordinates"":[]}"
61,47.10299191485257,-0.42468194050180696,0.19135964220528115,0.11384559180535318,0.021447721179624665,0.0,0.0,0.9785522788203752,0.0,0.0,0.0,12.622003644572512,79.94812486814301,"{""type"":""MultiPoint"",""coordinates"":[]}"
62,42.66421680016748,-0.3367451621914112,0.0882941092196024,0.22248276668615233,0.0,1.0,0.0,0.0,0.0,0.0,0.0,13.054354071867124,80.25989875457108,"{""type"":""MultiPoint"",""coordinates"":[]}"
63,42.8851930523175,-0.38187322999226225,0.0033526232629737924,0.3420600295516898,0.0,0.6510381781647689,0.0,0.0,0.0,0.34896182183523106,0.0,12.973289023594194,80.2293424920145,"{""type"":""MultiPoint"",""coordinates"":[]}"
64,40.72362203893361,-0.4972355783955262,0.060910874463713266,0.42569360849195104,0.0,0.2883970489604293,0.0,0.0,0.0,0.7116029510395708,0.0,12.679649318529,79.9737493405695,"{""type"":""MultiPoint"",""coordinates"":[]}"
65,42.35448408937629,-0.5610285707950914,0.09741145225597071,0.39190057407428697,0.0,0.0,0.23742454728370221,0.7625754527162979,0.0,0.0,0.0,12.741316333037192,80.11716963932078,"{""type"":""MultiPoint"",""coordinates"":[]}"
66,40.395200973592516,-0.5329844282483803,0.062102622662186184,0.4574137939456476,0.0,0.0,0.2888739946380696,0.0,0.0,0.7111260053619303,0.0,12.790851407823892,80.00480077395758,"{""type"":""MultiPoint"",""coordinates"":[]}"
67,37.81693946237268,-0.5431709612992611,0.035580819808285175,0.4931859091227632,0.0,0.0,0.0,0.11126005361930294,0.5576407506702412,0.33109919571045576,0.0,12.711908648704608,80.02826409362173,"{""type"":""MultiPoint"",""coordinates"":[]}"
68,42.908098765721974,-0.4413934063501235,0.0940376810041936,0.28373495260312187,0.0,0.9140362659503022,0.05910006715916723,0.0,0.0,0.026863666890530557,0.0,12.821268428518303,80.08786020508468,"{""type"":""MultiPoint"",""coordinates"":[]}"
69,28.844933118189168,0.140242020813741,-0.0088409176799379,-0.03186356005383276,0.0,0.0,0.0,0.0,0.0,0.0,1.0,12.71546887509535,80.34673317422263,"{""type"":""MultiPoint"",""coordinates"":[]}"
70,40.93621423893506,-0.5396129914603576,0.10551238899481337,0.3594930677072349,0.0,0.0,0.0,0.9611520428667113,0.0,0.038847957133288674,0.0,12.905924253864352,80.13279088347029,"{""type"":""MultiPoint"",""coordinates"":[]}"
71,47.70294720622657,-0.3425702054677368,0.1115066276180709,0.10660394687268139,0.9068364611260054,0.07171581769436998,0.0,0.021447721179624665,0.0,0.0,0.0,12.764725977969075,80.24579363588282,"{""type"":""MultiPoint"",""coordinates"":[]}"
72,43.499387699277136,-0.2674454765913171,0.1424566961507669,0.02616548174190616,0.47724230254350736,0.0,0.1706827309236948,0.3333333333333333,0.0,0.018741633199464525,0.0,13.134037443330175,80.27509042939312,"{""type"":""MultiPoint"",""coordinates"":[]}"
73,29.19612617971123,0.2843314799371814,-0.040120798601989346,-0.07310089948441027,0.0,0.0,0.0,0.0,0.0,0.0,1.0,12.683138526946001,80.23418144720806,"{""type"":""MultiPoint"",""coordinates"":[]}"
74,28.510003182600567,0.18130005861825502,0.001756249001777439,-0.059460099965844004,0.0,0.0,0.0,0.0,0.0,0.0,1.0,12.828580791529967,80.31245459853159,"{""type"":""MultiPoint"",""coordinates"":[]}"
75,35.74025547714287,-0.46770509102642244,-0.33954285980802246,0.8001687700326382,0.0,0.0,1.0,0.0,0.0,0.0,0.0,12.780186213270946,79.94545050642245,"{""type"":""MultiPoint"",""coordinates"":[]}"
76,43.382762065722915,-0.29674482410370556,0.08980807483268681,0.16572329935335914,0.0,1.0,0.0,0.0,0.0,0.0,0.0,13.073619624969414,80.22682108662518,"{""type"":""MultiPoint"",""coordinates"":[]}"
77,33.764476827233786,-0.3563537349026519,-0.2771332896834464,0.688349295761687,0.0,0.0,1.0,0.0,0.0,0.0,0.0,13.161673576646253,79.91274993656216,"{""type"":""MultiPoint"",""coordinates"":[]}"
78,28.884992278264097,0.14599618449036683,0.02494472863035663,-0.0753769703336919,0.0,0.0,0.0,0.0,0.0,0.0,1.0,12.739170670511497,80.32110709861584,"{""type"":""MultiPoint"",""coordinates"":[]}"
79,36.43261772356139,-0.5077917397449799,-0.10945889058005022,0.6242626962252348,0.0,0.0,0.021462105969148222,0.0,0.0,0.9785378940308519,0.0,12.935430049440429,80.05835216955286,"{""type"":""MultiPoint"",""coordinates"":[]}"
80,28.53633471642956,0.11236928204513606,0.02390873601030739,-0.04433381920623122,0.0,0.0,0.0,0.0,0.0,0.0,1.0,12.649804923377342,80.3423595535958,"{""type"":""MultiPoint"",""coordinates"":[]}"
81,43.72470868825069,-0.3195982879517212,0.10109005637023247,0.15969088707691362,0.0,1.0,0.0,0.0,0.0,0.0,0.0,13.13214970560869,80.19509284737671,"{""type"":""MultiPoint"",""coordinates"":[]}"
82,28.619973165214507,0.31926623083331074,-0.06201861395757496,-0.08028255481178011,0.0,0.0,0.0,0.0,0.0,0.0,1.0,12.662438691160888,80.23103442882797,"{""type"":""MultiPoint"",""coordinates"":[]}"
83,41.978882041212344,-0.47401280439522653,0.04862705256165091,0.3959406045684305,0.0,0.44340254521098454,0.0,0.0,0.0,0.5565974547890155,0.0,12.847299328670445,80.14790387379881,"{""type"":""MultiPoint"",""coordinates"":[]}"
84,36.7671020865037,-0.4424053660436928,-0.12572089419556412,0.5423894204656236,0.0,0.19691895512391158,0.7508372404554589,0.052243804420629605,0.0,0.0,0.0,13.104586966839967,80.02762767881833,"{""type"":""MultiPoint"",""coordinates"":[]}"
85,47.97977360820378,-0.35477331181352895,0.17713099988743367,0.10749916401220168,1.0,0.0,0.0,0.0,0.0,0.0,0.0,12.706502787692584,80.20763925773383,"{""type"":""MultiPoint"",""coordinates"":[]}"
86,38.94949044295457,-0.4312741710874921,0.13018299089935695,0.2632427014453979,0.0,0.0,0.357620320855615,0.005347593582887701,0.0013368983957219253,0.6356951871657754,0.0,13.098668912495187,79.98277003573057,"{""type"":""MultiPoint"",""coordinates"":[]}"
87,38.33756096325958,-0.5520284168553722,-0.1102998076658421,0.67602611911949,0.0,0.012743125419181758,0.0,0.0,0.0,0.9872568745808182,0.0,13.115404225076206,79.9626271616982,"{""type"":""MultiPoint"",""coordinates"":[]}"
88,38.712053750542196,-0.5259514316645888,-0.0011198926100800346,0.5458692384335544,0.0,0.08232931726907632,0.7315930388219545,0.032797858099062924,0.0,0.1532797858099063,0.0,12.752167333974826,79.99231573571882,"{""type"":""MultiPoint"",""coordinates"":[]}"
89,47.29093970385285,-0.3332057728708371,0.23293843011188733,0.057043056695893525,0.0,0.9792642140468228,0.0,0.0,0.0,0.020735785953177256,0.0,13.18448497380766,80.30564167754365,"{""type"":""MultiPoint"",""coordinates"":[]}"
90,34.56144488348325,0.213913270447166,0.011998879348853398,-0.07103600989411321,0.0,0.0,0.0,0.0,0.6476510067114094,0.0,0.3523489932885906,12.964321322376698,80.02837760401717,"{""type"":""MultiPoint"",""coordinates"":[]}"
91,45.39089431959707,-0.6039464061451689,0.2127587517527648,0.33005088572640207,0.0,0.0,0.038280725319006045,0.9617192746809939,0.0,0.0,0.0,12.760226681786339,80.23390993724648,"{""type"":""MultiPoint"",""coordinates"":[]}"
92,45.41952647066401,-0.4578679616180821,0.22399696839456157,0.181063922094742,0.0,0.0,0.0,1.0,0.0,0.0,0.0,12.634295918824613,80.18453227410599,"{""type"":""MultiPoint"",""coordinates"":[]}"
93,28.520009825603235,0.10535236656831398,0.05644128332375111,-0.06054657694826424,0.0,0.0,0.0,0.0,0.0,0.0,1.0,12.803098206251077,80.3316779818343,"{""type"":""MultiPoint"",""coordinates"":[]}"
94,41.44156692801207,-0.3288972084494619,0.06566094809504905,0.21858786620066975,0.0,1.0,0.0,0.0,0.0,0.0,0.0,13.111831714753727,79.9153824343231,"{""type"":""MultiPoint"",""coordinates"":[]}"
95,42.25696436426849,-0.5152799527862837,0.15044289649405307,0.27912408075937095,0.0,0.0,0.0,0.9899328859060403,0.0,0.010067114093959733,0.0,12.7046993328071,80.17705548342788,"{""type"":""MultiPoint"",""coordinates"":[]}"
96,36.04341747680726,-0.36787222370651773,-0.2148490964871214,0.6123447708437695,0.0,0.0,0.999330655957162,0.0,0.0,6.693440428380188E-4,0.0,13.17012186733062,79.98365375514652,"{""type"":""MultiPoint"",""coordinates"":[]}"
97,28.629852207951824,0.1647856953293036,-0.009887136729281595,-0.04239891266061321,0.0,0.0,0.0,0.0,0.0,0.0,1.0,12.898603876060921,80.3253678643237,"{""type"":""MultiPoint"",""coordinates"":[]}"
98,39.37837673946312,-0.5075004890991631,0.05263935350025822,0.41715592253754935,0.0,0.0,0.4134228187919463,0.02550335570469799,0.0,0.5610738255033557,0.0,12.752655432091492,80.0998187129236,"{""type"":""MultiPoint"",""coordinates"":[]}"
99,42.2751222956942,-0.48945686749133294,0.09933950665702437,0.3338104496168198,0.0,0.12273641851106641,0.7659289067739771,0.11133467471495641,0.0,0.0,0.0,12.855732234003504,80.04438661661935,"{""type"":""MultiPoint"",""coordinates"":[]}"
100,44.759140837590394,-0.5090748926594698,0.06866936267740027,0.3657767282936373,0.0,0.4491298527443106,0.0,0.0,0.0,0.5508701472556895,0.0,12.930619137650877,80.25306484914609,"{""type"":""MultiPoint"",""coordinates"":[]}"
101,38.83600807248494,-0.4937203364401139,-0.13482884118363855,0.6655816810034224,0.0,0.021433355659745478,0.0,0.0,0.0,0.9785666443402544,0.0,12.895066318647489,80.22442360050029,"{""type"":""MultiPoint"",""coordinates"":[]}"
102,43.65112010451809,-0.47761446902561117,0.16988879237824211,0.18143518164161948,0.0,0.11244979919678713,0.018741633199464522,0.8688085676037484,0.0,0.0,0.0,13.133140619565335,80.10219983677324,"{""type"":""MultiPoint"",""coordinates"":[]}"
103,28.717051437032826,0.11595383625148913,0.011294497304962901,-0.03655364937579343,0.0,0.0,0.0,0.0,0.0,0.0,1.0,12.849858903555608,80.32189118467488,"{""type"":""MultiPoint"",""coordinates"":[]}"
104,39.07264815105161,-0.36911262346825846,-0.001573742507004292,0.362729560736417,0.0,0.6175485599464168,0.0,0.00535833891493637,0.0,0.377093101138647,0.0,12.981728644850126,80.06789478271148,"{""type"":""MultiPoint"",""coordinates"":[]}"
105,42.57163607693237,-0.5859506261303605,0.16782219326420444,0.3793983542411289,0.0,0.0,0.012056262558606833,0.9879437374413932,0.0,0.0,0.0,13.013959077610686,79.98329551043588,"{""type"":""MultiPoint"",""coordinates"":[]}"
106,40.15875394193702,-0.5428846645352278,0.04287586932118546,0.47834443038205415,0.0,0.0,0.153485254691689,0.0,0.0,0.846514745308311,0.0,12.72452803636717,79.94890278555621,"{""type"":""MultiPoint"",""coordinates"":[]}"
107,41.26220630593982,-0.4112408012969864,0.03744045273545037,0.3249976363429967,0.0,0.388628762541806,0.1525083612040134,0.0,0.0,0.45886287625418065,0.0,13.12057337850419,80.08691132224908,"{""type"":""MultiPoint"",""coordinates"":[]}"
108,44.31128169823729,-0.5545312608922941,0.19373981571607302,0.29532374439815506,0.0,0.0,1.0,0.0,0.0,0.0,0.0,12.91990281939779,79.98108949594413,"{""type"":""MultiPoint"",""coordinates"":[]}"
109,39.42459080939759,-0.3880992933632183,-0.09741474968891195,0.47566110573551823,0.0,0.18473895582329314,0.0,0.0,0.0,0.8152610441767068,0.0,13.087422493833834,80.28921861026632,"{""type"":""MultiPoint"",""coordinates"":[]}"
110,39.90861551471575,-0.5564541670318255,-0.046465908329201756,0.6106958235631716,0.0,0.0,0.0,0.0,0.013377926421404684,0.9866220735785953,0.0,13.19065362701241,79.93573229813848,"{""type"":""MultiPoint"",""coordinates"":[]}"
111,40.27414438541248,-0.5346750654836182,-0.0449453818497857,0.606447119321681,0.0,0.0,0.0,0.0,0.0,1.0,0.0,12.721131321880097,80.14515355003655,"{""type"":""MultiPoint"",""coordinates"":[]}"
112,42.309738288433756,-0.5348191591873129,0.09120533503717672,0.3949764485798953,0.0,0.0,0.6733601070950469,0.0,0.0,0.32663989290495316,0.0,13.165873802754772,80.07753539035096,"{""type"":""MultiPoint"",""coordinates"":[]}"
113,36.96165908158743,-0.5220517541670395,-0.18219599873911935,0.6673261228390402,0.0,0.042196918955123924,0.0,0.0,0.0,0.9578030810448761,0.0,13.006337847876004,80.23827679724644,"{""type"":""MultiPoint"",""coordinates"":[]}"
114,40.186185961951736,-0.45851747189486053,0.05396225823525121,0.3609264966153541,0.0,0.21998658618376923,0.0,0.29443326626425215,0.0,0.4855801475519784,0.0,12.734034658482498,80.23793963607375,"{""type"":""MultiPoint"",""coordinates"":[]}"
115,39.06579064154932,-0.5757884143624847,-0.007641201297112129,0.5971874170395369,0.0,0.0,0.0,0.0,0.0,1.0,0.0,12.87035427958426,79.92511857950142,"{""type"":""MultiPoint"",""coordinates"":[]}"
116,38.81868116018135,-0.5079608831996452,2.955879458567424E-4,0.47472603995387014,0.0,0.0,0.0,0.0,0.0,1.0,0.0,12.728036409513761,80.06198670368003,"{""type"":""MultiPoint"",""coordinates"":[]}"
117,42.93375319525893,-0.48124366148467573,0.007180718760493945,0.4571036643560857,0.0,0.0,0.024882313382649634,0.0,0.10020174848688637,0.8749159381304641,0.0,12.626140605076387,79.9105902386771,"{""type"":""MultiPoint"",""coordinates"":[]}"
118,28.993092299140947,0.1746814739740965,-0.009364001216961314,-0.05441597360383128,0.0,0.0,0.0,0.0,0.0,0.0,1.0,12.617761362489894,80.25887985028565,"{""type"":""MultiPoint"",""coordinates"":[]}"
119,45.04567094461541,-0.28717579596370196,0.14422620236977157,0.09164139861375625,0.0,0.9892976588628762,0.0,0.0,0.0,0.010702341137123747,0.0,13.122054663424006,80.11208704346738,"{""type"":""MultiPoint"",""coordinates"":[]}"
120,40.44191199965174,-0.4164068728444363,0.036612131626298165,0.35216178821930927,0.0,0.8010716677829872,0.0,0.0,0.0,0.19892833221701273,0.0,13.12599601350889,80.00903882066397,"{""type"":""MultiPoint"",""coordinates"":[]}"
121,28.67313116526812,0.1058526174215271,0.023604443306647818,-0.03146950752579119,0.0,0.0,0.0,0.0,0.0,0.0,1.0,12.897994891363592,80.34608036524901,"{""type"":""MultiPoint"",""coordinates"":[]}"
122,39.984693323752516,-0.3900855323265464,0.01397008779634711,0.35709684599347935,0.0,0.8307692307692308,0.0,0.0,0.0,0.1692307692307692,0.0,13.147318037493793,80.24527538390906,"{""type"":""MultiPoint"",""coordinates"":[]}"
123,48.16857803837352,-0.4148220259212856,0.1792146349545314,0.1659880722625735,0.3788487282463186,0.0,0.0,0.6211512717536813,0.0,0.0,0.0,12.95476928107002,80.22406691393806,"{""type"":""MultiPoint"",""coordinates"":[]}"
124,40.94671178780163,-0.5888966960809122,0.1466848880301021,0.42211853328055365,0.0,0.0,0.8297587131367292,0.0,0.0,0.17024128686327078,0.0,12.976314965695307,79.9808322971855,"{""type"":""MultiPoint"",""coordinates"":[]}"
125,43.61340988268588,-0.3037984475358536,0.14927533654245556,0.10246017234140914,0.17146684527796385,0.8285331547220361,0.0,0.0,0.0,0.0,0.0,12.947283857249513,79.93088659528091,"{""type"":""MultiPoint"",""coordinates"":[]}"
126,43.322854230294936,-0.3125039936289102,0.09996709769455722,0.14906925517180353,0.0,1.0,0.0,0.0,0.0,0.0,0.0,12.941047484502356,80.13223675325848,"{""type"":""MultiPoint"",""coordinates"":[]}"
127,41.977034993614474,-0.4860112309560205,-0.06992999436590898,0.5535405468774712,0.0,0.0,0.0,0.0,0.0,1.0,0.0,13.148502180366915,79.94052437733193,"{""type"":""MultiPoint"",""coordinates"":[]}"
128,28.88069449649666,0.16782345740316948,-0.013418287005392894,-0.06111376174850928,0.0,0.0,0.0,0.0,0.0,0.0,1.0,12.72823347425027,80.33007333417177,"{""type"":""MultiPoint"",""coordinates"":[]}"
129,44.23445473029473,-0.3406126809468939,0.1143146479958653,0.14676601092750224,0.0,1.0,0.0,0.0,0.0,0.0,0.0,13.157259865912726,80.27743649820898,"{""type"":""MultiPoint"",""coordinates"":[]}"
130,44.37177286318367,-0.5718405026371473,0.14302726690100534,0.3753128661346175,0.0,0.0,0.0,0.5857908847184987,0.4142091152815014,0.0,0.0,12.97111104271277,79.9314810368105,"{""type"":""MultiPoint"",""coordinates"":[]}"
131,28.628034108392516,0.19807399528201583,-0.04477025816360104,-0.027967881274376195,0.0,0.0,0.0,0.0,0.0,0.0,1.0,12.906881739849538,80.31651173644633,"{""type"":""MultiPoint"",""coordinates"":[]}"
132,43.14437640916781,-0.43078304160136494,0.05808870022154177,0.32981499136680675,0.0,0.0,1.0,0.0,0.0,0.0,0.0,12.603254355806655,79.90928891630269,"{""type"":""MultiPoint"",""coordinates"":[]}"
133,40.474442713107855,-0.5178164580810515,0.0019792923854735234,0.5023223802137923,0.0,0.11453449430676488,0.08707300736771599,0.0,0.0,0.7983924983255191,0.0,12.79454689647997,80.09582185099856,"{""type"":""MultiPoint"",""coordinates"":[]}"
134,38.152592691809645,-0.4247453254537155,-0.005106453229617859,0.45411324160643773,0.0,0.0,1.0,0.0,0.0,0.0,0.0,12.858541208256945,80.21666189106656,"{""type"":""MultiPoint"",""coordinates"":[]}"
135,38.40289392986597,-0.410343055402806,-0.12378380641831324,0.5491716912955478,0.0,0.0,0.6836461126005361,0.024128686327077747,0.0,0.29222520107238603,0.0,12.863377672791593,80.21691295857275,"{""type"":""MultiPoint"",""coordinates"":[]}"
136,43.07660100922254,-0.43881718619451027,0.06246580241657347,0.35251931973841905,0.0,0.0,0.19906166219839141,0.48659517426273463,0.0,0.31434316353887404,0.0,12.783029064352188,80.15674470048897,"{""type"":""MultiPoint"",""coordinates"":[]}"
137,40.65615040613165,-0.6226104624751605,0.14804683155419598,0.4822980030802583,0.0,0.0,0.0,1.0,0.0,0.0,0.0,12.672190564426275,80.19115369749493,"{""type"":""MultiPoint"",""coordinates"":[]}"
138,41.38985962011366,-0.37021529738879344,0.053682638758439344,0.2768255006515521,0.012032085561497327,0.8830213903743315,0.0,0.0,0.0,0.10494652406417114,0.0,13.043289877349341,80.1383753488009,"{""type"":""MultiPoint"",""coordinates"":[]}"
139,28.86127002819707,0.2649878977578822,-0.016613678758517277,-0.08737286583156237,0.0,0.0,0.0,0.0,0.0,0.0,1.0,13.00691343017678,80.28206940882387,"{""type"":""MultiPoint"",""coordinates"":[]}"
140,41.35427150964504,-0.5090937466014892,0.04619146681795483,0.4207765484302665,0.0,0.0,0.695914266577361,0.0,0.0,0.304085733422639,0.0,13.096994221488547,79.96644948790521,"{""type"":""MultiPoint"",""coordinates"":[]}"
141,45.82751793509055,-0.5074314911989208,0.03869533777659836,0.4347546703953433,0.0,0.0,0.7223340040241448,0.2776659959758551,0.0,0.0,0.0,12.833602169567627,79.96778733421516,"{""type"":""MultiPoint"",""coordinates"":[]}"
142,43.19811522161292,-0.4650052381459819,0.053382471278188605,0.37139522933168706,0.0,0.0,0.8823924731182795,0.11760752688172042,0.0,0.0,0.0,12.699743281059837,80.15338546011873,"{""type"":""MultiPoint"",""coordinates"":[]}"
143,42.089916180529166,-0.3978042024066142,0.08387808274149808,0.25298177229132424,0.14869390488948428,0.5452109845947756,0.13529805760214336,0.0,0.0,0.1707970529135968,0.0,12.85487884303979,80.03863792239986,"{""type"":""MultiPoint"",""coordinates"":[]}"
144,42.700849916987984,-0.4296962854744141,0.05507153864134327,0.3250367708524479,0.0,0.8319946452476573,0.08969210174029452,0.0,0.0,0.0783132530120482,0.0,13.149106815844595,80.1999677593017,"{""type"":""MultiPoint"",""coordinates"":[]}"
145,37.93351066792897,-0.44592281329944705,-0.15141672130451234,0.5817464627794947,0.0,0.0,0.09249329758713136,0.0,0.0,0.9075067024128687,0.0,12.773100196290706,80.09812898516236,"{""type"":""MultiPoint"",""coordinates"":[]}"
146,41.368792157469905,-0.5247347854717138,0.03917844112441588,0.45398525262296907,0.0,0.09103078982597056,0.6485943775100401,0.0,0.0,0.2603748326639893,0.0,13.098084878260309,79.965558125402,"{""type"":""MultiPoint"",""coordinates"":[]}"
147,38.109404116499,-0.47589055671931424,-0.12729840627995076,0.5861603091340359,0.0,0.0,0.7484909456740443,0.09657947686116701,0.0,0.15492957746478875,0.0,12.697582994388416,80.0121166808334,"{""type"":""MultiPoint"",""coordinates"":[]}"
148,44.17077315171027,-0.5418712277605412,0.19503246686815326,0.26451695427683314,0.0,0.0,0.0,0.9382964453386988,0.0,0.06170355466130114,0.0,12.79283194942375,79.98295523011964,"{""type"":""MultiPoint"",""coordinates"":[]}"
149,45.05110395687878,-0.5859882073698719,0.16478200122827713,0.3747831972037048,0.0,0.0,1.0,0.0,0.0,0.0,0.0,12.989563330450133,80.02246203135185,"{""type"":""MultiPoint"",""coordinates"":[]}"
150,30.410915167710858,0.3968806887788093,0.08909324785266755,-0.23805000176644886,0.0,0.0,0.0,0.0,0.0,0.0,1.0,12.689778561129739,80.22523289342833,"{""type"":""MultiPoint"",""coordinates"":[]}"
151,38.77350250422075,-0.520012413629258,-0.08218521180736904,0.6393839563271395,0.0,0.0,0.0,0.0,0.0,1.0,0.0,13.18785538248499,80.24239030325215,"{""type"":""MultiPoint"",""coordinates"":[]}"
152,43.445907621207255,-0.5247712226072586,0.058140209834275494,0.4677694875667132,0.0,0.0,0.0,0.7256874580818242,0.0,0.27431254191817567,0.0,12.681359530598478,80.18194286346143,"{""type"":""MultiPoint"",""coordinates"":[]}"
153,40.954123816287634,-0.47373441550990725,-0.05684442681255676,0.5171854849297016,0.0,0.31772575250836116,0.0,0.0,0.0,0.6822742474916388,0.0,13.012973628153627,80.11647093287682,"{""type"":""MultiPoint"",""coordinates"":[]}"
154,29.178513052891585,0.2583903596809629,-0.016283241878149744,-0.08910906076067411,0.0,0.0,0.0,0.0,0.0,0.0,1.0,12.785688295647944,80.27374226690281,"{""type"":""MultiPoint"",""coordinates"":[]}"
155,40.45782959858866,-0.494991229932031,-0.025001757804859644,0.5021055896265503,0.009364548494983279,0.27090301003344486,0.2013377926421405,0.01939799331103679,0.0,0.4989966555183947,0.0,13.024745906506917,80.02577575632262,"{""type"":""MultiPoint"",""coordinates"":[]}"
156,28.497801859195736,0.2090710585432926,0.016470778123386452,-0.069271864740326,0.0,0.0,0.0,0.0,0.0,0.0,1.0,12.750079964103442,80.27648966798888,"{""type"":""MultiPoint"",""coordinates"":[]}"
157,37.581535628132535,-0.368308478908574,-0.14973168446614388,0.5568353300247068,0.0,0.0,0.896251673360107,0.1037483266398929,0.0,0.0,0.0,13.083892192462857,80.06067544270078,"{""type"":""MultiPoint"",""coordinates"":[]}"
158,42.01154603238798,-0.3186477700954754,0.06078504110322112,0.21905377762921774,0.0,0.8662207357859532,0.0,0.0,0.0,0.13377926421404682,0.0,13.055250187886351,80.18771769008042,"{""type"":""MultiPoint"",""coordinates"":[]}"
159,42.56544653036219,-0.5597559453099649,0.12232341190944927,0.40922928478943016,0.0,0.0,0.5734406438631791,0.4017437961099933,0.0,0.024815560026827627,0.0,12.742978534662672,80.17825770547132,"{""type"":""MultiPoint"",""coordinates"":[]}"
160,40.54331097361262,-0.4009094258690338,0.034684479885969566,0.32777975289974165,0.0,0.6970509383378015,0.0,0.0,0.0,0.30294906166219837,0.0,12.870149414464116,80.08375622745965,"{""type"":""MultiPoint"",""coordinates"":[]}"
161,42.811353313915674,-0.4799514251736157,0.0011138795836448112,0.46931268856722164,0.0,0.0,0.0,0.0,0.0,1.0,0.0,12.985509997274857,79.9745329363853,"{""type"":""MultiPoint"",""coordinates"":[]}"
162,28.493339189651515,0.19702792429207813,-0.008752685547271339,-0.07322015908240816,0.0,0.0,0.0,0.0,0.0,0.0,1.0,12.912468747748264,80.2814044362349,"{""type"":""MultiPoint"",""coordinates"":[]}"
163,28.56258963049699,0.12905857017218414,0.010118218507794272,-0.04455565344594715,0.0,0.0,0.0,0.0,0.0,0.0,1.0,12.784482931143724,80.348089656951,"{""type"":""MultiPoint"",""coordinates"":[]}"
164,28.506193419021468,0.1579187598976469,0.005945135445184835,-0.04550703148070667,0.0,0.0,0.0,0.0,0.0,0.0,1.0,12.933549996429564,80.29838564654075,"{""type"":""MultiPoint"",""coordinates"":[]}"
165,45.38571306020123,-0.5610067729293646,0.20059961504705184,0.2864879668574217,0.0,0.0,0.0,1.0,0.0,0.0,0.0,12.999108742981694,79.94179915795023,"{""type"":""MultiPoint"",""coordinates"":[]}"
166,43.23370288795045,-0.6067835836038565,0.15761062296824124,0.4230922126607413,0.0,0.0,0.796383121232418,0.1620897521768252,0.041527126590756865,0.0,0.0,13.108241625627294,79.9726876192542,"{""type"":""MultiPoint"",""coordinates"":[]}"
167,34.807688493883326,-0.292947499726909,-0.22186403844299088,0.6394045815500969,0.0,0.0,0.272971160295104,0.018108651911468814,0.0,0.7089201877934271,0.0,12.87473872633475,80.07225540990864,"{""type"":""MultiPoint"",""coordinates"":[]}"
168,28.675274300462487,0.2042479791935766,-0.02108623394259972,-0.0620332263587283,0.0,0.0,0.0,0.0,0.0,0.0,1.0,12.87545559689056,80.27515845333404,"{""type"":""MultiPoint"",""coordinates"":[]}"
169,28.568397924454885,0.16669397089053017,-0.024760131161905244,-0.03879348187885877,0.0,0.0,0.0,0.0,0.0,0.0,1.0,12.97548023454351,80.3313096390287,"{""type"":""MultiPoint"",""coordinates"":[]}"
170,38.561294644256044,-0.40551138654551827,-0.02421666539700224,0.44073878222292007,0.0,0.35053619302949063,0.0,0.0,0.0,0.6494638069705094,0.0,12.733440761417958,79.9890487834646,"{""type"":""MultiPoint"",""coordinates"":[]}"
171,39.87559099855423,-0.41473195227716025,-0.02193836574564375,0.41880794931165244,0.0,0.17068273092369474,0.0,0.0,0.0,0.8293172690763052,0.0,13.184542606809465,80.0890488912913,"{""type"":""MultiPoint"",""coordinates"":[]}"
172,43.17483190047556,-0.2697100887334321,0.0873404572171323,0.07474782384215353,0.008037508372404554,0.9919624916275954,0.0,0.0,0.0,0.0,0.0,13.125426333255017,80.29625556338219,"{""type"":""MultiPoint"",""coordinates"":[]}"
173,28.897327857364196,0.15077432120046255,-0.00942543246237079,-0.056110381947170024,0.0,0.0,0.0,0.0,0.0,0.0,1.0,12.847209738439329,80.33461337190789,"{""type"":""MultiPoint"",""coordinates"":[]}"
174,41.96722786575739,-0.39758323525852873,0.05947788480729495,0.34119753307022943,0.0,0.9463806970509384,0.0,0.0,0.0,0.053619302949061656,0.0,12.898755100685605,80.22860635073005,"{""type"":""MultiPoint"",""coordinates"":[]}"
175,42.74439558146116,-0.48922432921149706,0.10558736400002756,0.36427753923485295,0.0,0.1058981233243968,0.5154155495978553,0.0,0.0,0.37868632707774796,0.0,12.964537388612532,80.08950584255881,"{""type"":""MultiPoint"",""coordinates"":[]}"
176,29.53114687841261,0.28210828180878983,0.05113339924001834,-0.13446195036517097,0.0,0.0,0.0,0.0,0.0,0.0,1.0,13.119549407006932,80.30323694533652,"{""type"":""MultiPoint"",""coordinates"":[]}"
177,37.402533173599224,-0.3224999049649906,-0.04568773992514621,0.297619478780407,0.0,0.9792225201072386,0.0,0.0,0.0,0.020777479892761394,0.0,12.994245285529475,80.26647819042162,"{""type"":""MultiPoint"",""coordinates"":[]}"
178,47.59579388285524,-0.41063480837600425,0.174333239190248,0.1180964247835397,0.0,0.0,0.06233243967828418,0.569034852546917,0.0,0.0,0.36863270777479895,12.751708227214062,79.9258214963903,"{""type"":""MultiPoint"",""coordinates"":[]}"
179,39.7541858298793,-0.5378841595150495,0.01021547056226282,0.4979546889945383,0.0,0.0,0.0,0.1743796109993293,0.0,0.8256203890006707,0.0,12.748904581461892,80.168650450786,"{""type"":""MultiPoint"",""coordinates"":[]}"
180,39.47973938424834,-0.5587025262502034,0.11664555279785967,0.4182542646083245,0.0,0.0,0.0,1.0,0.0,0.0,0.0,12.600535582090734,79.91589737006119,"{""type"":""MultiPoint"",""coordinates"":[]}"
181,43.49286102916391,-0.39383591410610597,0.10655316940417085,0.16959216370892716,0.3692307692307693,0.42541806020066897,0.0033444816053511714,0.20200668896321075,0.0,0.0,0.0,13.173209318129091,80.0554665042512,"{""type"":""MultiPoint"",""coordinates"":[]}"
182,41.99224732728372,-0.538793646889833,0.11096699934785652,0.39346971642632583,0.0,0.0,0.40576794097920854,0.0,0.0,0.5942320590207915,0.0,12.815103920492383,80.14475339980984,"{""type"":""MultiPoint"",""coordinates"":[]}"
183,40.83711293068366,-0.2571292744249157,-9.136340715885533E-4,0.19669720706456761,0.0,1.0,0.0,0.0,0.0,0.0,0.0,13.03962618452908,80.19787924889474,"{""type"":""MultiPoint"",""coordinates"":[]}"
184,39.685398972725466,-0.5641575106294123,0.1237055252911001,0.4347394687878717,0.0,0.0,0.4976619906479627,0.2605210420841684,0.2418169672678691,0.0,0.0,13.111201821904617,79.98139437572715,"{""type"":""MultiPoint"",""coordinates"":[]}"
185,39.356876599075086,-0.4945918149368251,-0.08876997403005292,0.5940225408058469,0.0,0.0,0.0,0.3827077747989276,0.0,0.6172922252010723,0.0,12.882738084538115,80.17985729861674,"{""type"":""MultiPoint"",""coordinates"":[]}"
186,39.78085647903616,-0.5534155807947693,0.05904112667432687,0.5134521106117321,0.0,0.0,0.9973226238286479,0.0,0.0,0.0026773761713520753,0.0,13.026243941082923,79.97838617616874,"{""type"":""MultiPoint"",""coordinates"":[]}"
187,41.92172490178285,-0.5893175923909864,0.10140463358753855,0.4974873442005924,0.0,0.0,0.0,1.0,0.0,0.0,0.0,12.854787610315244,80.21320139968343,"{""type"":""MultiPoint"",""coordinates"":[]}"
188,28.47624950060242,0.15982202059178777,0.013274047797517412,-0.060353202472413825,0.0,0.0,0.0,0.0,0.0,0.0,1.0,12.784375061291568,80.30590643188907,"{""type"":""MultiPoint"",""coordinates"":[]}"
189,39.233507746818816,-0.4572889510247442,0.008254285814970569,0.42116532324259764,0.0,0.4516778523489933,0.0,0.0,0.0,0.5483221476510067,0.0,12.740695488494381,80.04524018719859,"{""type"":""MultiPoint"",""coordinates"":[]}"
190,39.30824539218792,-0.5122460703423234,0.010312739297364482,0.49000324975653564,0.0,0.0,0.33020134228187914,0.0,0.0,0.6697986577181207,0.0,12.662822568477514,80.02803739337257,"{""type"":""MultiPoint"",""coordinates"":[]}"
191,28.49781037746481,0.16953654520413153,-0.017812812363204707,-0.053953385649460554,0.0,0.0,0.0,0.0,0.0,0.0,1.0,12.655620155586625,80.32800361035657,"{""type"":""MultiPoint"",""coordinates"":[]}"
192,40.179268540523154,-0.5387145915154107,0.048439371511363676,0.4533543850089103,0.0,0.0,0.22870556673373574,0.4989939637826961,0.0,0.27230046948356806,0.0,12.717326145292096,80.08934097934683,"{""type"":""MultiPoint"",""coordinates"":[]}"
193,34.799456946215685,0.3544193781443059,-0.17958102959332164,-0.14973386166885344,0.0,0.0,0.0,0.0,0.0,0.0,1.0,13.059113024008948,79.92193608306225,"{""type"":""MultiPoint"",""coordinates"":[]}"
194,41.80984970102344,-0.3711458397888427,0.0618960906490257,0.280957780481219,0.0,1.0,0.0,0.0,0.0,0.0,0.0,13.15349668498965,80.06406795731027,"{""type"":""MultiPoint"",""coordinates"":[]}"
195,41.45192317346953,-0.49606729876743993,0.10942459144001992,0.3675158918570105,0.0,0.0,0.5050234427327528,0.0622906898861353,0.0,0.4326858673811118,0.0,12.862977700402201,80.11668508475177,"{""type"":""MultiPoint"",""coordinates"":[]}"
196,39.60695344304436,-0.5450482587602082,-0.012497848580390382,0.5498877551827059,0.0,0.0,0.0,0.03763440860215053,0.0,0.9623655913978495,0.0,12.653359749984187,79.98327913266202,"{""type"":""MultiPoint"",""coordinates"":[]}"
197,41.04704805892835,-0.5936237921124763,0.11828378055755845,0.4572341273571331,0.0,0.0,0.0,0.0,0.22572002679169462,0.7742799732083055,0.0,13.002139336713226,79.9178122935659,"{""type"":""MultiPoint"",""coordinates"":[]}"
198,41.73589582728373,-0.3760029589971752,0.07772660305331727,0.23277239044073342,0.0,0.9932930918846412,0.0,0.00670690811535882,0.0,0.0,0.0,12.936815297868414,80.13843627497226,"{""type"":""MultiPoint"",""coordinates"":[]}"
199,37.33697912380028,-0.5531712735226628,-0.07747052512113603,0.64722199431195,0.0,0.0,0.0,0.0,0.0,1.0,0.0,13.08021872323647,80.28396564374309,"{""type"":""MultiPoint"",""coordinates"":[]}"
200,32.58655433362174,0.1865099089586336,-0.026915464410016545,-0.021928944202803603,0.0,0.0,0.0,0.0,0.05700871898054996,0.0,0.7826961770623742,12.867199978612016,80.04814066899316,"{""type"":""MultiPoint"",""coordinates"":[]}"
201,38.45121469853218,-0.5528668810493478,0.0819766877383174,0.4789822592480979,0.0,0.0,0.0,0.7144772117962465,0.0,0.2855227882037534,0.0,12.925308096835822,80.05537148981972,"{""type"":""MultiPoint"",""coordinates"":[]}"
202,40.38982455771086,-0.33338722772710133,0.047331029638870876,0.2417940081331067,0.0,0.6265060240963854,0.0,0.0,0.0,0.37349397590361444,0.0,13.139663850300773,80.18099731650399,"{""type"":""MultiPoint"",""coordinates"":[]}"
203,39.97743902466177,-0.3724467464380303,0.08435980528534691,0.2399792643447574,0.0,1.0,0.0,0.0,0.0,0.0,0.0,12.881693639044459,80.07400212700696,"{""type"":""MultiPoint"",""coordinates"":[]}"
204,38.52081676531505,-0.4521990743950349,-0.08993178823294733,0.5244020876512067,0.0,0.1809651474530831,0.0,0.0,0.0,0.8190348525469167,0.0,12.789843151358223,80.22459990077724,"{""type"":""MultiPoint"",""coordinates"":[]}"
205,40.2922273938472,-0.45630004834705273,0.09606226980224841,0.28805162382186855,0.0,0.0,1.0,0.0,0.0,0.0,0.0,12.690498547333737,80.13587328303046,"{""type"":""MultiPoint"",""coordinates"":[]}"
206,45.36012605132799,-0.5641921337168874,0.22303405855431993,0.2730823439753843,0.0,0.0,0.0,1.0,0.0,0.0,0.0,12.651210206760267,79.9051709214055,"{""type"":""MultiPoint"",""coordinates"":[]}"
207,43.877077765361456,-0.33734497843355793,0.08232292633592389,0.21160908093010955,0.08232931726907632,0.9176706827309237,0.0,0.0,0.0,0.0,0.0,13.082945844947197,80.15373347347867,"{""type"":""MultiPoint"",""coordinates"":[]}"
208,28.501565804812355,0.18383590688369567,-0.03349883043162184,-0.05032349020496195,0.0,0.0,0.0,0.0,0.0,0.0,1.0,12.982852661034277,80.31094699684837,"{""type"":""MultiPoint"",""coordinates"":[]}"
209,42.653539853012056,-0.28693007197673576,0.14074117053035995,0.17252187777101136,0.0,0.0,0.4651941097724231,0.534805890227577,0.0,0.0,0.0,13.147439413345142,79.97712472968024,"{""type"":""MultiPoint"",""coordinates"":[]}"
210,39.76052909771087,-0.3009677596245485,-0.012274734662946499,0.27553819287232506,0.0,0.8835341365461848,0.0,0.0,0.0,0.1164658634538153,0.0,13.083014922897945,80.17817743615554,"{""type"":""MultiPoint"",""coordinates"":[]}"
211,39.1320595448193,-0.548492256836904,0.04613440794474854,0.514921419765219,0.0,0.0,0.009370816599732261,0.9906291834002677,0.0,0.0,0.0,13.055878012646788,80.06997715019219,"{""type"":""MultiPoint"",""coordinates"":[]}"
212,37.96641140132711,-0.3475984477713066,-0.02582829363154094,0.31313693090023415,0.0,0.7935656836461126,0.0,0.0,0.0,0.2064343163538874,0.0,13.020509814052383,80.25598613817041,"{""type"":""MultiPoint"",""coordinates"":[]}"
213,40.918337742505045,-0.5250686163218922,0.016034488761027695,0.4974861518355687,0.0,0.0,0.0,0.1252511721366376,0.4300066979236436,0.4447421299397187,0.0,12.767663360219052,80.12507909961148,"{""type"":""MultiPoint"",""coordinates"":[]}"
214,38.015534463844624,-0.33324212311920615,0.01689880213446049,0.26856789603733067,0.0,0.8834561286001341,0.0,0.0,0.0,0.11654387139986604,0.0,13.009237947382301,80.2485556014478,"{""type"":""MultiPoint"",""coordinates"":[]}"
215,43.6388481772892,-0.5935377633122396,0.16887038225934278,0.4039272408553553,0.0,0.0,0.3734939759036145,0.6265060240963857,0.0,0.0,0.0,13.17551602523213,80.1101805492729,"{""type"":""MultiPoint"",""coordinates"":[]}"
216,28.856146562072457,0.061811411774590395,0.05417318908014782,-0.03796268669662864,0.0,0.0,0.0,0.0,0.0,0.0,1.0,12.609788560025839,80.32116177649073,"{""type"":""MultiPoint"",""coordinates"":[]}"
217,46.261193615903615,-0.49496831868045976,0.1758899983030812,0.20493574089067843,0.0,0.0,0.0,1.0,0.0,0.0,0.0,13.052559332536989,79.93149282586454,"{""type"":""MultiPoint"",""coordinates"":[]}"
218,43.52377785989286,-0.38646127891323795,0.11212135227412971,0.22797894476750433,0.0,1.0,0.0,0.0,0.0,0.0,0.0,13.13012587616269,79.93391969531937,"{""type"":""MultiPoint"",""coordinates"":[]}"
219,45.25399881454791,-0.49001608554419246,0.13419208846589367,0.27936246322229874,0.0,0.0,1.0,0.0,0.0,0.0,0.0,12.880518913432194,79.99058392894075,"{""type"":""MultiPoint"",""coordinates"":[]}"
220,28.44449380531503,0.14742660641028366,-0.012349961031652803,-0.05304176893711819,0.0,0.0,0.0,0.0,0.0,0.0,1.0,13.04494965829122,80.33565778518926,"{""type"":""MultiPoint"",""coordinates"":[]}"
221,48.40258634764077,-0.23528415835251165,0.09679737545253699,0.11719731369508495,0.0,1.0,0.0,0.0,0.0,0.0,0.0,13.096972630036893,80.20797605012014,"{""type"":""MultiPoint"",""coordinates"":[]}"
222,29.4632432441141,0.33220944870964914,-0.004667687610042789,-0.12105999599616475,0.0,0.0,0.0,0.0,0.0,0.0,1.0,12.639108127059805,80.21132904575612,"{""type"":""MultiPoint"",""coordinates"":[]}"
223,42.646976527097,-0.4509705312915375,0.05284953863778507,0.3643631894751641,0.0,0.0,0.8755852842809364,0.0,0.0,0.12441471571906355,0.0,13.162001916406043,79.9757670466134,"{""type"":""MultiPoint"",""coordinates"":[]}"
224,43.126652551420925,-0.45615717324671473,0.052697322140106646,0.3753039062206074,0.0,0.0,0.025469168900804296,0.0,0.0,0.9745308310991958,0.0,12.955730527623274,80.10639654285505,"{""type"":""MultiPoint"",""coordinates"":[]}"
225,33.94430447518768,-0.4087353358905387,-0.33129439517875975,0.7151369334216231,0.0,0.0,1.0,0.0,0.0,0.0,0.0,12.935909626485062,79.96056214461487,"{""type"":""MultiPoint"",""coordinates"":[]}"
226,28.882787632531848,0.23986328592597211,-0.0235932941798492,-0.060103545812042795,0.0,0.0,0.0,0.0,0.0,0.0,1.0,12.968131596786865,80.2753749708464,"{""type"":""MultiPoint"",""coordinates"":[]}"
227,34.477796768024135,-0.397557817259938,-0.28670992770372977,0.7158902374535382,0.0,0.0,1.0,0.0,0.0,0.0,0.0,12.933480988327336,80.0103825778341,"{""type"":""MultiPoint"",""coordinates"":[]}"
228,39.11342171849968,-0.45265284041480314,-0.04776000285256578,0.5049593880918168,0.0,0.0,0.0,0.0,0.33958472873409246,0.6604152712659075,0.0,13.06472326148146,79.96044991975694,"{""type"":""MultiPoint"",""coordinates"":[]}"
229,46.04775041390607,-0.5389308723379205,0.16272612385531304,0.2991756996244912,0.0,0.0,0.46442953020134226,0.5355704697986576,0.0,0.0,0.0,12.67319782520876,80.20739598046666,"{""type"":""MultiPoint"",""coordinates"":[]}"
230,43.4083572997321,-0.33032458045779506,0.09463424286548086,0.16516003055955025,0.0,0.8292029470864032,0.0,0.0,0.0,0.1707970529135968,0.0,13.195805034372768,80.18295564625718,"{""type"":""MultiPoint"",""coordinates"":[]}"
231,29.39389952476224,0.29967485461058985,0.07295935637452591,-0.1708825330900051,0.0,0.0,0.0,0.0,0.0,0.0,1.0,12.886410111580505,80.25622992270618,"{""type"":""MultiPoint"",""coordinates"":[]}"
232,43.48544294845072,-0.256384664835732,0.10443846394771303,0.12254140484103268,0.0,1.0,0.0,0.0,0.0,0.0,0.0,12.97371241402796,80.24707444537768,"{""type"":""MultiPoint"",""coordinates"":[]}"
233,41.967829226514766,-0.5921405192230972,0.08444481995214063,0.49287120954260566,0.0,0.0,0.0,0.0,0.6414209115281501,0.3585790884718498,0.0,12.979260800096728,79.9307158651883,"{""type"":""MultiPoint"",""coordinates"":[]}"
234,28.725048869397604,0.2441378432385634,-0.04095663780732714,-0.07080194309907184,0.0,0.0,0.0,0.0,0.0,0.0,1.0,13.030899252162218,80.29351005015242,"{""type"":""MultiPoint"",""coordinates"":[]}"
235,41.54277771647691,-0.25341831168226686,0.004539717421538933,0.22375734637579503,0.0,1.0,0.0,0.0,0.0,0.0,0.0,12.965544435873223,80.10386771552,"{""type"":""MultiPoint"",""coordinates"":[]}"
236,42.38453432122408,-0.34145542216570074,0.1543390032735964,0.1089644695882743,0.0,1.0,0.0,0.0,0.0,0.0,0.0,13.102052639188594,80.29010796932539,"{""type"":""MultiPoint"",""coordinates"":[]}"
237,37.12623443977167,-0.3773379727762763,-0.23499219237750174,0.6087433667564313,0.0,0.0,1.0,0.0,0.0,0.0,0.0,12.72870500241249,79.91718352590873,"{""type"":""MultiPoint"",""coordinates"":[]}"
238,39.12873860344067,-0.48385763959317146,-0.08403370619970277,0.5983457630730784,0.0,0.0,1.0,0.0,0.0,0.0,0.0,12.720348823967065,80.05660345913098,"{""type"":""MultiPoint"",""coordinates"":[]}"
239,32.71228870602145,0.26588378694649173,-0.048729134273240104,0.003955170101123857,0.0,0.0,0.014735432016075018,0.0,0.0,0.0,0.32752846617548564,13.107322739198906,80.10564315531583,"{""type"":""MultiPoint"",""coordinates"":[]}"
240,36.76562479818916,0.033317904492150933,0.14979205059571293,-0.03366101685323409,0.0,0.06975184439973174,0.0,0.11871227364185112,0.0,0.0,0.47887323943661986,12.931492887048513,80.13575884264093,"{""type"":""MultiPoint"",""coordinates"":[]}"
241,40.73671184054328,-0.5348456248547238,0.054718672395419485,0.44899251145259955,0.0,0.0,0.9912810194500336,0.0,0.0,0.008718980549966464,0.0,12.765692597698518,79.96340143668714,"{""type"":""MultiPoint"",""coordinates"":[]}"
242,43.06443435903616,-0.42923702161313704,0.11986279832864992,0.2665381946514441,0.0,0.8587684069611781,0.0,0.0,0.0,0.14123159303882196,0.0,13.075711607786392,79.96574105809665,"{""type"":""MultiPoint"",""coordinates"":[]}"
243,43.507973478796,-0.33756269027055963,0.14376980097416853,0.1554381410951994,0.0,1.0,0.0,0.0,0.0,0.0,0.0,13.142330085084028,79.90826746861843,"{""type"":""MultiPoint"",""coordinates"":[]}"
244,28.656532383680336,0.22384457308402697,-0.0163898221187801,-0.0677949897686475,0.0,0.0,0.0,0.0,0.0,0.0,1.0,12.64746452566958,80.25757292194244,"{""type"":""MultiPoint"",""coordinates"":[]}"
245,28.553247464494316,0.18538714633899098,-0.00826849021069369,-0.0439644766749936,0.0,0.0,0.0,0.0,0.0,0.0,1.0,13.155173116346559,80.33982559830108,"{""type"":""MultiPoint"",""coordinates"":[]}"
246,28.985892526204847,0.24167849344169637,0.005961799264086947,-0.07688838323475079,0.0,0.0,0.0,0.0,0.0,0.0,1.0,12.967862418820415,80.27317142628263,"{""type"":""MultiPoint"",""coordinates"":[]}"
247,43.38494376146884,-0.2545826632108092,0.12100133384137207,0.09722908906190474,0.0,0.5264922870556673,0.3708920187793428,0.10261569416498995,0.0,0.0,0.0,12.888034044456901,79.92107247154011,"{""type"":""MultiPoint"",""coordinates"":[]}"
248,28.438435525227902,0.1375690789915826,0.01863256525441842,-0.07259375790129528,0.0,0.0,0.0,0.0,0.0,0.0,1.0,12.655013430877835,80.34889468429185,"{""type"":""MultiPoint"",""coordinates"":[]}"
249,35.80949760019439,0.13781203778327028,0.11928849369355443,-0.011988584899512371,0.0,0.0,0.0,6.702412868632708E-4,0.046916890080428965,0.0,0.9524128686327078,12.794759666679914,79.96932857112526,"{""type"":""MultiPoint"",""coordinates"":[]}"
250,29.279912350577206,0.28554302646517765,0.029661946246055393,-0.13132603880438004,0.0,0.0,0.0,0.0,0.0,0.0,1.0,12.85246655374343,80.25422580780604,"{""type"":""MultiPoint"",""coordinates"":[]}"
251,48.387572505050336,-0.22361912927841074,0.1358831450347628,0.029125075891414644,0.15627095908786048,0.8437290409121395,0.0,0.0,0.0,0.0,0.0,12.993623067651711,80.01115764607674,"{""type"":""MultiPoint"",""coordinates"":[]}"
252,37.773169831352995,-0.43189749112717435,-0.22691849342222617,0.663932928195102,0.0,0.0,0.9879437374413932,0.0,0.0,0.012056262558606833,0.0,12.705410844075068,79.92019049754542,"{""type"":""MultiPoint"",""coordinates"":[]}"
253,41.29440789759039,-0.4268572188628827,0.009785978012406578,0.4085269091126691,0.0,0.0428380187416332,0.9330655957161981,0.0,0.0,0.024096385542168672,0.0,13.120950332146865,80.19514904548025,"{""type"":""MultiPoint"",""coordinates"":[]}"
254,39.60748700864034,-0.38867447897568047,0.042389827965998626,0.29859183552869056,0.0,0.9484259879437374,0.0,0.0,0.0,0.05157401205626256,0.0,13.100900842069544,80.13884787034098,"{""type"":""MultiPoint"",""coordinates"":[]}"
255,37.169579568373514,-0.44816281658077445,-0.05560927036541711,0.5042964686502436,0.0,0.0,0.48058902275769744,0.0,0.0,0.5194109772423026,0.0,13.18269846003766,79.92419946035079,"{""type"":""MultiPoint"",""coordinates"":[]}"
256,41.38030566861448,-0.3833351540825815,0.010529995210728305,0.3530003556717342,0.0,0.8293172690763052,0.0,0.0,0.0,0.17068273092369476,0.0,12.926860402256205,80.14419609867721,"{""type"":""MultiPoint"",""coordinates"":[]}"
257,28.89890360827865,0.2665474392915384,-0.017394390811100748,-0.07866143737305044,0.0,0.0,0.0,0.0,0.0,0.0,1.0,12.758196678553338,80.26083549989087,"{""type"":""MultiPoint"",""coordinates"":[]}"
258,40.69659308869216,-0.2585192837778903,0.019663200486469613,0.1717363181083795,0.25553319919517103,0.5734406438631792,0.0,0.1710261569416499,0.0,0.0,0.0,12.686411750013871,80.22106694714405,"{""type"":""MultiPoint"",""coordinates"":[]}"
259,44.2810232092958,-0.5862788227286704,0.2017463199764704,0.32387674464957417,0.0,0.0,0.0,0.9275653923541247,0.07243460764587525,0.0,0.0,12.877501723584926,79.9300205049152,"{""type"":""MultiPoint"",""coordinates"":[]}"
260,37.3735360460966,-0.43464531222282604,-0.17705796879054225,0.5940591916973974,0.0,0.0,0.738430583501006,0.0,0.0,0.261569416498994,0.0,12.886868082871473,80.05808669781801,"{""type"":""MultiPoint"",""coordinates"":[]}"
261,45.28647471225355,-0.5916411146213895,0.2084102170575314,0.3267092692934056,0.0,0.0,1.0,0.0,0.0,0.0,0.0,12.908650564129404,79.94339912738332,"{""type"":""MultiPoint"",""coordinates"":[]}"
262,37.771041318471866,-0.5101155854466555,-0.1245432810086021,0.6065459053864591,0.0,0.0033512064343163535,0.0,0.0,0.0,0.9966487935656837,0.0,13.090648914112487,80.20626321697057,"{""type"":""MultiPoint"",""coordinates"":[]}"
263,28.726743458245164,0.13449615596468015,0.0023909870389846495,-0.04124694924830074,0.0,0.0,0.0,0.0,0.0,0.0,1.0,12.989529134963558,80.34315589240477,"{""type"":""MultiPoint"",""coordinates"":[]}"
264,41.56538912603625,-0.4952710202965753,0.005030168737694594,0.48319516391943623,0.0,0.0,0.3145539906103286,0.6854460093896714,0.0,0.0,0.0,12.704593585905013,80.09539851495359,"{""type"":""MultiPoint"",""coordinates"":[]}"
265,42.38473568710847,-0.3123666546933083,0.07614381670775626,0.1794264448236329,0.0,1.0,0.0,0.0,0.0,0.0,0.0,13.138166650165028,80.19948882408593,"{""type"":""MultiPoint"",""coordinates"":[]}"
266,40.869200395248015,-0.498030203257188,-0.021820021090339786,0.4948158675817256,0.0,0.0,0.0,0.0,0.0,1.0,0.0,12.886009427896532,80.00613721777908,"{""type"":""MultiPoint"",""coordinates"":[]}"
267,35.87197719470787,-0.1215045890163008,-0.048195431350939705,0.01073290561950625,0.0,0.0,0.0,0.22766957689724648,0.0,0.0,0.7723304231027535,12.647928172005901,79.95435247686865,"{""type"":""MultiPoint"",""coordinates"":[]}"
268,37.35042142181822,-0.39640874603022697,-0.21370646142024924,0.6300072286378215,0.0,0.0,1.0,0.0,0.0,0.0,0.0,13.1972736956706,80.02168944714214,"{""type"":""MultiPoint"",""coordinates"":[]}"
269,28.3863820721271,0.18288821867681748,-0.016665282520260675,-0.039426870427705436,0.0,0.0,0.0,0.0,0.0,0.0,1.0,12.94512636695162,80.29608499009584,"{""type"":""MultiPoint"",""coordinates"":[]}"
270,38.41126471509715,-0.5124233254642245,0.0028936343449402686,0.5101310072020482,0.0,0.0,0.41862022772940394,0.0,0.0,0.5813797722705962,0.0,13.159030829902337,80.0393602185058,"{""type"":""MultiPoint"",""coordinates"":[]}"
271,42.66031664416501,-0.5243742501290478,0.14110671455641288,0.3506547888227887,0.0,0.0,0.0,0.4942991281019449,0.505700871898055,0.0,0.0,12.799186470169817,79.92060884403429,"{""type"":""MultiPoint"",""coordinates"":[]}"
272,42.32212578487937,-0.5815390653926155,0.03645623893621361,0.5484983582622273,0.0,0.0,0.0,0.0,0.3974530831099196,0.6025469168900806,0.0,12.834921768246272,79.96093447126447,"{""type"":""MultiPoint"",""coordinates"":[]}"
273,28.45030883995978,0.21216368370627972,-0.050568685845063605,-0.04894505148416905,0.0,0.0,0.0,0.0,0.0,0.0,1.0,12.886129301060956,80.29084978133669,"{""type"":""MultiPoint"",""coordinates"":[]}"
274,36.20188263075739,-0.5022131419532551,-0.15452879892548443,0.6836292250268066,0.0,0.0,0.0,0.0,0.0,1.0,0.0,13.129319533541146,79.96214461580259,"{""type"":""MultiPoint"",""coordinates"":[]}"
275,28.597663720448185,0.22973142750241637,-0.04146458892967535,-0.060108310881699024,0.0,0.0,0.0,0.0,0.0,0.0,1.0,13.079737184356667,80.31204021912492,"{""type"":""MultiPoint"",""coordinates"":[]}"
276,41.37620825247486,-0.4415991285621135,-0.026694340349602382,0.45608783625103044,0.0,0.10328638497652583,0.0,0.0,0.0,0.8967136150234741,0.0,12.69197425788452,80.18915953937503,"{""type"":""MultiPoint"",""coordinates"":[]}"
277,41.204811847228946,-0.36353554859919385,0.039511098122796226,0.2684744063766871,0.0,1.0,0.0,0.0,0.0,0.0,0.0,13.116129300134553,80.13825293732941,"{""type"":""MultiPoint"",""coordinates"":[]}"
278,41.05061776308313,-0.3413235671255388,0.04468165493376962,0.2576627610556688,0.0,0.8793565683646112,0.0,0.0,0.0,0.12064343163538874,0.0,12.98525505347898,80.2502658260149,"{""type"":""MultiPoint"",""coordinates"":[]}"
279,36.982433551543096,-0.27591172091436833,-0.19867811520745696,0.529084569539748,0.0,0.033400133600534405,0.2578490313961256,0.0,0.0,0.7087508350033401,0.0,13.145363388065697,80.03871624505753,"{""type"":""MultiPoint"",""coordinates"":[]}"
280,40.65052476290302,-0.3319879298584161,0.03250808537601596,0.25512369838368754,0.0,0.9190635451505017,0.0,0.0,0.0,0.08093645484949832,0.0,12.957963627796929,80.19739476746564,"{""type"":""MultiPoint"",""coordinates"":[]}"
281,28.478374043724855,0.12222634519482754,0.03359883964118779,-0.05357616222751401,0.0,0.0,0.0,0.0,0.0,0.0,1.0,12.801730781988567,80.3289676328322,"{""type"":""MultiPoint"",""coordinates"":[]}"
282,40.639916551204855,-0.5107395038174455,0.007846014897353985,0.48594441372864566,0.0,0.0,0.0,0.0,1.0,0.0,0.0,12.9669036505208,80.0429693208242,"{""type"":""MultiPoint"",""coordinates"":[]}"
283,37.21193358165772,-0.47255585403052586,-0.28843336122785956,0.7651506729484072,0.0,0.0,0.0,0.1228187919463087,0.0,0.8771812080536912,0.0,12.794002116347114,80.22475966183622,"{""type"":""MultiPoint"",""coordinates"":[]}"
284,40.4751698174699,-0.22294467450204392,0.002636678087126279,0.18044205116991974,0.0,0.613119143239625,0.3868808567603748,0.0,0.0,0.0,0.0,12.956195516631434,80.16461579478927,"{""type"":""MultiPoint"",""coordinates"":[]}"
285,41.314434017102634,-0.5955716154310953,0.15856812649663096,0.45238939656946214,0.0,0.0,0.0,1.0,0.0,0.0,0.0,12.782054908678177,80.07952442180452,"{""type"":""MultiPoint"",""coordinates"":[]}"
286,38.55392552639841,-0.5292014971773145,0.025007245406851585,0.48234695963593305,0.0,0.0,0.9081153588195844,0.0,0.0,0.09188464118041585,0.0,12.713892481658442,80.10866462553828,"{""type"":""MultiPoint"",""coordinates"":[]}"
287,29.35957630329533,0.3121897423301487,-0.05327484587953901,-0.0907481393491385,0.0,0.0,0.0,0.0,0.0,0.0,1.0,12.80013132831148,80.2609736709785,"{""type"":""MultiPoint"",""coordinates"":[]}"
288,28.75289805164542,0.1744568351868629,0.008032671223993808,-0.059465549488220554,0.0,0.0,0.0,0.0,0.0,0.0,1.0,12.693326843871608,80.29411852597572,"{""type"":""MultiPoint"",""coordinates"":[]}"
289,44.27358938208696,-0.5359537353399364,0.1584209558217039,0.32500554725102837,0.0,0.0,0.7999999999999999,0.13377926421404682,0.06622073578595317,0.0,0.0,12.920669238166624,79.93640106420851,"{""type"":""MultiPoint"",""coordinates"":[]}"
290,44.47932197072486,-0.18839557411717625,0.019916163038245026,0.09658359444693917,0.04899328859060403,0.951006711409396,0.0,0.0,0.0,0.0,0.0,12.703115904208394,80.22509541887723,"{""type"":""MultiPoint"",""coordinates"":[]}"
291,36.05083569934318,-0.3594318442869933,-0.28310150327015954,0.6317621832501649,0.0,0.0,1.0,0.0,0.0,0.0,0.0,13.163913751479106,80.05436484763543,"{""type"":""MultiPoint"",""coordinates"":[]}"
292,39.92681081599198,-0.39130657371752675,-0.005539032742501003,0.3884685406094227,0.0,0.8860589812332439,0.0,0.0,0.0,0.11394101876675604,0.0,13.10146079354336,80.10182494936662,"{""type"":""MultiPoint"",""coordinates"":[]}"
293,41.96458804728919,-0.5904415887513341,0.07947665890037076,0.49317066810377036,0.0,0.0,0.0,0.8942436412315931,0.0,0.10575635876840699,0.0,12.734753973645406,80.18031141461772,"{""type"":""MultiPoint"",""coordinates"":[]}"
294,45.99759233418231,-0.4057851351909609,0.09211469152201998,0.22851022300124613,0.021447721179624665,0.5589812332439679,0.0,0.41957104557640756,0.0,0.0,0.0,12.706874365718424,80.22443147746237,"{""type"":""MultiPoint"",""coordinates"":[]}"
295,39.370088411368215,-0.42980884434501965,-0.09603147710643103,0.5128223925782197,0.0,0.0,0.8262910798122066,0.17303822937625754,0.0,6.706908115358819E-4,0.0,12.695474806084457,79.9999816406054,"{""type"":""MultiPoint"",""coordinates"":[]}"
296,42.83505288726359,-0.6116902879844897,0.2158073315850188,0.3528893141441024,0.0,0.0,0.9121395036887995,0.08786049631120052,0.0,0.0,0.0,12.906313030261328,79.94446324249873,"{""type"":""MultiPoint"",""coordinates"":[]}"
297,39.51985381795183,-0.5266886730514383,0.05243535550142218,0.4642123611916408,0.0,0.0,0.2938420348058902,0.253012048192771,0.0,0.4531459170013386,0.0,13.069770088724468,79.9546839357463,"{""type"":""MultiPoint"",""coordinates"":[]}"
298,42.28515412551611,-0.4850672561004295,0.09802092395817107,0.2730408032803932,0.0,0.0,1.0,0.0,0.0,0.0,0.0,12.877647359635535,80.15395056113259,"{""type"":""MultiPoint"",""coordinates"":[]}"
299,41.69571747213281,-0.5829605397906679,0.09245782054530877,0.4819975530629422,0.0,0.0,0.9859154929577464,0.014084507042253521,0.0,0.0,0.0,12.689222301449375,79.93377833659338,"{""type"":""MultiPoint"",""coordinates"":[]}"
300,41.36829660584451,-0.3238907881396132,-0.012611015806050932,0.30702528222887354,0.0,0.5971849865951742,0.1876675603217158,0.2151474530831099,0.0,0.0,0.0,12.911561863080221,79.93033114709813,"{""type"":""MultiPoint"",""coordinates"":[]}"
301,40.98368883000672,-0.5394694904631913,0.05031562688824155,0.4543531343605547,0.0,0.0,0.0,0.6013422818791946,0.0,0.3986577181208053,0.0,12.72102471523683,80.17950662788967,"{""type"":""MultiPoint"",""coordinates"":[]}"
302,37.589437797530145,-0.47685796528503993,0.011722651825267924,0.4663750878269251,0.0,0.0,0.9564926372155289,0.028112449799196793,0.0,0.015394912985274432,0.0,13.09900405432991,80.0667852595909,"{""type"":""MultiPoint"",""coordinates"":[]}"
303,45.54597613264077,-0.420381512553724,0.10841862354542565,0.2548782486054459,0.0,0.5449061662198391,0.23056300268096513,0.1735924932975871,0.0,0.05093833780160857,0.0,12.848013719900507,79.91095580075657,"{""type"":""MultiPoint"",""coordinates"":[]}"
304,44.45380896826525,-0.35673619186111544,0.03621949157463429,0.2822965772165404,0.0,0.931011386470194,0.0,0.0,0.0,0.06898861352980576,0.0,12.831145804725816,79.95514152594265,"{""type"":""MultiPoint"",""coordinates"":[]}"
305,28.669540361867483,0.24463932656123535,-0.04578142592444659,-0.05512604331915751,0.0,0.0,0.0,0.0,0.0,0.0,1.0,12.893350296799765,80.26555914166039,"{""type"":""MultiPoint"",""coordinates"":[]}"
306,42.21613340282567,-0.48323811666023136,0.10580836776922996,0.33410870667466364,0.0,0.1683366733466934,0.7094188376753507,0.12224448897795592,0.0,0.0,0.0,13.10954825806761,79.99943951098462,"{""type"":""MultiPoint"",""coordinates"":[]}"
307,36.815126276695736,-0.48547827027718565,-0.05134622343483063,0.5215467437650882,0.0,0.0,0.5918230563002682,0.4081769436997319,0.0,0.0,0.0,12.645482961429732,79.96696750349119,"{""type"":""MultiPoint"",""coordinates"":[]}"
308,41.014807082796814,-0.5108426048118206,0.02818316593823471,0.4660127321760684,0.0,0.0,0.06438631790744469,0.8390342052313884,0.0,0.09657947686116702,0.0,12.924523450574988,80.22449487810017,"{""type"":""MultiPoint"",""coordinates"":[]}"
309,28.844325144657265,0.20036157609617133,-0.0077691473051863975,-0.04708899027299484,0.0,0.0,0.0,0.0,0.0,0.0,1.0,12.627173458496582,80.2555565768539,"{""type"":""MultiPoint"",""coordinates"":[]}"
310,28.469634121320397,0.179063337770821,-0.021410628649711178,-0.04688108783308218,0.0,0.0,0.0,0.0,0.0,0.0,1.0,12.901279241585673,80.31734425795787,"{""type"":""MultiPoint"",""coordinates"":[]}"
311,43.400704808321095,-0.3741488122746132,0.13044110473182619,0.1907389919927018,0.0,1.0,0.0,0.0,0.0,0.0,0.0,13.185784784687343,80.1181959883375,"{""type"":""MultiPoint"",""coordinates"":[]}"
312,40.901325049597055,-0.513245497886812,0.07662320902878975,0.4070330433750541,0.0,0.04432505036937542,0.8616521155137676,0.08797850906648756,0.0,0.006044325050369375,0.0,12.834659717650979,80.09806376896805,"{""type"":""MultiPoint"",""coordinates"":[]}"
313,42.97275091160082,-0.6157621379188626,0.0983607438768819,0.5075120496596907,0.0,0.0,0.9866041527126591,0.0,0.013395847287340923,0.0,0.0,12.887143557389209,79.92823985545832,"{""type"":""MultiPoint"",""coordinates"":[]}"
314,41.26234737331329,-0.4503092046005963,-2.1451853031201354E-4,0.44009283755909234,0.0,0.014725568942436413,0.6599732262382866,0.0,0.0,0.32530120481927716,0.0,13.03346791337566,80.08814438481183,"{""type"":""MultiPoint"",""coordinates"":[]}"
315,28.086411050180732,0.11691151053600435,-3.899729553099073E-4,-0.03901039306840146,0.0,0.0,0.0,0.0,0.0,0.0,1.0,12.944017505769615,80.34236048907073,"{""type"":""MultiPoint"",""coordinates"":[]}"
316,42.93171474035453,-0.3222224250196215,0.15169812551114942,0.0987011251306758,0.0,1.0,0.0,0.0,0.0,0.0,0.0,13.162454693896604,80.27791530055808,"{""type"":""MultiPoint"",""coordinates"":[]}"
317,39.53849295008052,-0.42818398722652296,-0.05752256546704976,0.4632811785892981,0.0,0.17035546613011404,0.2266934942991281,0.0,0.0,0.602951039570758,0.0,12.94307908809929,80.1647981460148,"{""type"":""MultiPoint"",""coordinates"":[]}"
318,41.523417127738284,-0.5986879536873134,0.1497183322369334,0.40661081743282407,0.0,0.0,0.13624161073825508,0.8637583892617451,0.0,0.0,0.0,12.637002126248703,80.16998355610745,"{""type"":""MultiPoint"",""coordinates"":[]}"
319,37.77525428012065,-0.39986591530596644,-0.03791313859910984,0.4188116991391393,0.0435656836461126,0.0,0.5985254691689009,0.31903485254691694,0.0,0.0,0.03887399463806971,12.709053881924488,79.91565293153006,"{""type"":""MultiPoint"",""coordinates"":[]}"
320,28.74904783715727,0.15757748526535015,0.03090563028149475,-0.07625591331644344,0.0,0.0,0.0,0.0,0.0,0.0,1.0,12.720445441210432,80.30065710897122,"{""type"":""MultiPoint"",""coordinates"":[]}"
321,39.038759844922986,-0.4473199172390496,-0.05049161991822515,0.5031715917616735,0.0,0.0,0.0,0.0,0.450100468854655,0.549899531145345,0.0,12.762374113315783,80.01062168372256,"{""type"":""MultiPoint"",""coordinates"":[]}"
322,40.983561199094574,-0.5652445097376528,0.10580078439077242,0.44075217307619174,0.0,0.0,0.32394366197183105,0.33802816901408456,0.1160295103957076,0.22199865861837695,0.0,12.72875675064826,79.93712534830865,"{""type"":""MultiPoint"",""coordinates"":[]}"
323,42.869592512642164,-0.43950070976839106,0.1291656538310939,0.23284699125005334,0.0,0.13444816053511705,0.8655518394648828,0.0,0.0,0.0,0.0,12.998755010583487,80.16333120087133,"{""type"":""MultiPoint"",""coordinates"":[]}"
324,45.58464878386061,-0.5245260421098504,0.16187941175975068,0.29663865894632646,0.0,0.0,0.9490616621983915,0.05093833780160857,0.0,0.0,0.0,12.979561035137158,79.92042133960574,"{""type"":""MultiPoint"",""coordinates"":[]}"
325,40.654046116199744,-0.4277480706163405,0.033285671693886285,0.3304134460513723,0.0,0.7419571045576406,0.0,0.16756032171581767,0.0,0.09048257372654155,0.0,13.043250012064416,80.2622030655268,"{""type"":""MultiPoint"",""coordinates"":[]}"
326,41.45127866311665,-0.4562844656030453,-0.007648291601753315,0.44445424029201763,0.0,0.4832439678284182,0.0,6.702412868632708E-4,0.0,0.5160857908847185,0.0,12.763365782816665,80.18270995085781,"{""type"":""MultiPoint"",""coordinates"":[]}"
327,28.42191121879521,0.2044992588718163,-0.018276751382906423,-0.05691693611246708,0.0,0.0,0.0,0.0,0.0,0.0,1.0,12.951795132260333,80.28546522788957,"{""type"":""MultiPoint"",""coordinates"":[]}"
328,41.526794364457864,-0.5163810406298462,0.13247645541133513,0.3243771566269817,0.0,0.0,1.0,0.0,0.0,0.0,0.0,13.179155825914336,80.19751567494485,"{""type"":""MultiPoint"",""coordinates"":[]}"
329,39.93189546437669,-0.4196922143038888,0.035130406931211215,0.34724931522226943,0.0,0.8364611260053619,0.0,0.0,0.0,0.16353887399463807,0.0,12.791383067033468,80.01481351891712,"{""type"":""MultiPoint"",""coordinates"":[]}"
330,40.395431048506374,-0.5381331488564036,0.09791597180362754,0.42472620535229727,0.0,0.0,0.23576691225720026,0.7642330877427996,0.0,0.0,0.0,12.915953700864788,80.05961319997205,"{""type"":""MultiPoint"",""coordinates"":[]}"
331,36.712248897002034,-0.1603175376611703,0.010660554665096267,0.20394961388299374,0.0,0.0,0.37156270959087856,0.059020791415157606,0.0,0.0020120724346076456,0.012072434607645875,12.905201423651246,80.24002462958339,"{""type"":""MultiPoint"",""coordinates"":[]}"
332,34.75131113894773,-0.4123540842268829,-0.2691077590002926,0.6997270864579406,0.0,0.0,1.0,0.0,0.0,0.0,0.0,12.927279742409459,80.0221589580957,"{""type"":""MultiPoint"",""coordinates"":[]}"
333,41.23535075422539,-0.5399554091104798,0.03244879950654251,0.4784068455127792,0.0,0.29510395707578807,0.0,0.0,0.0,0.7048960429242119,0.0,12.643432673583712,80.04057859297723,"{""type"":""MultiPoint"",""coordinates"":[]}"
334,39.92436528224533,-0.3657141072325567,-0.03337463285483271,0.3728635651666148,0.0,0.9852546916890081,0.0,0.0,0.0,0.014745308310991958,0.0,13.089143198238416,80.21503839222284,"{""type"":""MultiPoint"",""coordinates"":[]}"
335,45.82004368451808,-0.4938005600663013,0.22693360940379573,0.15459268475127685,0.0,0.0,0.006024096385542168,0.9939759036144579,0.0,0.0,0.0,13.156195623257533,80.14352799149796,"{""type"":""MultiPoint"",""coordinates"":[]}"
336,38.42676670885237,-0.4702947802630548,-0.05648990710921168,0.5179933864144967,0.0,0.0,0.9080536912751678,0.09194630872483221,0.0,0.0,0.0,12.614517022781158,79.90011009489916,"{""type"":""MultiPoint"",""coordinates"":[]}"
337,39.11935292963858,-0.5549410694627949,-2.5229711324451746E-4,0.5870917957678163,0.0,0.02610441767068274,0.0,0.01807228915662651,0.0,0.9558232931726908,0.0,13.020883825526811,79.92673885486118,"{""type"":""MultiPoint"",""coordinates"":[]}"
338,37.96039898593981,-0.46120472561557024,-0.16639380410059265,0.6657206323639173,0.0,0.0,0.0274247491638796,0.0,0.0,0.9725752508361205,0.0,13.104363265749216,79.96765027643173,"{""type"":""MultiPoint"",""coordinates"":[]}"
339,43.7380932605362,-0.42238903106010034,0.05638058276640076,0.30376563523886224,0.0,0.5603217158176944,0.11327077747989277,0.0,0.0,0.32640750670241286,0.0,12.821920768217744,80.24050135975004,"{""type"":""MultiPoint"",""coordinates"":[]}"
340,28.450688549584758,0.2113545044280109,-0.01703844194403777,-0.07398101590148685,0.0,0.0,0.0,0.0,0.0,0.0,1.0,13.05061707768068,80.30948097471456,"{""type"":""MultiPoint"",""coordinates"":[]}"
341,28.621704017769613,0.1852398347041394,-0.01897131217000936,-0.05604245364252451,0.0,0.0,0.0,0.0,0.0,0.0,1.0,12.859406717086667,80.31517683562674,"{""type"":""MultiPoint"",""coordinates"":[]}"
342,41.637272750322175,-0.5578375235307923,0.09536742910022591,0.4266607100910919,0.0,0.0,0.7510067114093959,0.24899328859060407,0.0,0.0,0.0,12.876500017420186,80.12376141550348,"{""type"":""MultiPoint"",""coordinates"":[]}"
343,38.2810960402413,-0.5155356112874223,-0.04039581649143025,0.514995014411191,0.0,0.0,0.25335120643431636,0.6796246648793566,0.0,0.06702412868632708,0.0,12.66715670414675,80.1558594996845,"{""type"":""MultiPoint"",""coordinates"":[]}"
344,36.60687751643625,-0.5072800614047028,-0.10360387660468033,0.6803944597215126,0.0,0.0,0.0,0.0,0.0,1.0,0.0,12.6979805756016,80.03679677389913,"{""type"":""MultiPoint"",""coordinates"":[]}"
345,38.40480527542534,-0.5020496670921494,-0.04589086046589752,0.5549402475409505,0.0,0.0,0.0,0.0,0.0,1.0,0.0,12.881861516905492,80.09662542299832,"{""type"":""MultiPoint"",""coordinates"":[]}"
346,41.30679926401877,-0.38275573757963643,0.09566639291289572,0.24707989869321903,0.0,1.0,0.0,0.0,0.0,0.0,0.0,13.036691016613668,80.1317467738496,"{""type"":""MultiPoint"",""coordinates"":[]}"
347,41.15836493466178,-0.36135641220835635,0.048571890406795167,0.26160158086025326,0.0,0.9752176825184192,0.0,0.0,0.0,0.02478231748158071,0.0,13.048152716476093,80.18661609974583,"{""type"":""MultiPoint"",""coordinates"":[]}"
348,39.51846281190893,-0.5183083873726914,-0.07386936096453509,0.5819852034032735,0.0,0.04353650368385801,0.4855994641661086,0.0,0.0,0.4708640321500336,0.0,12.947550429592388,79.98175047466981,"{""type"":""MultiPoint"",""coordinates"":[]}"
349,40.071471868887414,-0.2811214572946533,-0.02550457646295827,0.2820239926902336,0.0,0.8176943699731903,0.00871313672922252,0.0,0.0,0.17359249329758714,0.0,13.036593805128271,80.04544554357149,"{""type"":""MultiPoint"",""coordinates"":[]}"
350,44.656200165920986,-0.46874655236396584,0.07916312880531538,0.3582179648915316,0.0,0.3744139316811788,0.04018754186202277,0.004018754186202278,0.21768251841929,0.36369725385130613,0.0,12.82820737186524,79.95737766088247,"{""type"":""MultiPoint"",""coordinates"":[]}"
351,39.29421759740965,-0.4048504195954756,0.05493437027499469,0.31284697542413525,0.0,0.9149933065595717,0.0,0.0,0.0,0.08500669344042835,0.0,13.178833928806586,80.04883494490052,"{""type"":""MultiPoint"",""coordinates"":[]}"
352,35.34157140163432,0.09621609283568776,0.08444490650157628,-0.03670756392851189,0.0,0.0,0.0,0.05425318151373074,0.9290020093770932,0.016744809109176157,0.0,13.110355787559914,79.92334275789602,"{""type"":""MultiPoint"",""coordinates"":[]}"
353,39.05525695215819,-0.5390500702527631,-0.043731581280385075,0.5896813625301623,0.0,0.0,0.0,0.08512064343163539,0.15214477211796246,0.7627345844504021,0.0,12.743149760683897,80.09043636329804,"{""type"":""MultiPoint"",""coordinates"":[]}"
354,42.899583746136386,-0.3138093835250806,0.06217113720846948,0.2047864333053312,0.0,1.0,0.0,0.0,0.0,0.0,0.0,13.12960971734007,80.19621879352277,"{""type"":""MultiPoint"",""coordinates"":[]}"
355,28.745773318436264,0.18958957349121022,-0.0028131369128962373,-0.05379837559105503,0.0,0.0,0.0,0.0,0.0,0.0,1.0,12.633156613598397,80.26599647942733,"{""type"":""MultiPoint"",""coordinates"":[]}"
356,40.62202539916947,-0.489092414798501,0.0028264685178730526,0.4905355401419741,0.0,0.0,0.6034829202947087,0.0,0.0,0.3965170797052913,0.0,13.167083185331965,80.03137739641937,"{""type"":""MultiPoint"",""coordinates"":[]}"
357,37.74139405555036,-0.5733366187498046,0.004597105766466709,0.6179305513908463,0.0,0.0,0.0,0.0,0.006711409395973154,0.9932885906040269,0.0,12.754313288636522,80.02072089815924,"{""type"":""MultiPoint"",""coordinates"":[]}"
358,45.93407373430585,-0.5849748793625877,0.18564512762451363,0.33093046605784193,0.0,0.0,0.45472837022132806,0.545271629778672,0.0,0.0,0.0,12.767148142601842,79.92420077592179,"{""type"":""MultiPoint"",""coordinates"":[]}"
359,44.957143220120905,-0.5151879882443977,0.131226139454986,0.3057835347429807,0.0,0.0,0.3458697112155809,0.654130288784419,0.0,0.0,0.0,12.767604940450251,80.23757070913423,"{""type"":""MultiPoint"",""coordinates"":[]}"
360,38.81092001502017,-0.46570102692514737,0.0062426187029967556,0.43821994134590425,0.0,0.0,0.1028225806451613,0.0,0.0,0.8971774193548386,0.0,12.656018779697852,80.15756644055782,"{""type"":""MultiPoint"",""coordinates"":[]}"
361,38.49314380772944,-0.5651501517690128,0.07753315800595775,0.5111821454420696,0.0,0.0,0.0,0.0,0.0,1.0,0.0,12.99967145352044,80.03619330155148,"{""type"":""MultiPoint"",""coordinates"":[]}"
362,28.592653291799362,0.18862036513429084,-0.016672733675631508,-0.06104991684009109,0.0,0.0,0.0,0.0,0.0,0.0,1.0,13.105426811000584,80.32642138371533,"{""type"":""MultiPoint"",""coordinates"":[]}"
363,40.483160549416525,-0.45743246145442285,-0.19967200868934884,0.5637881546577921,0.0,0.0,1.0,0.0,0.0,0.0,0.0,12.642764997880926,80.09826372823935,"{""type"":""MultiPoint"",""coordinates"":[]}"
364,28.189089827990657,0.17422182563527663,-0.028371160656870273,-0.043281209210459685,0.0,0.0,0.0,0.0,0.0,0.0,1.0,12.936262401761537,80.3323156506241,"{""type"":""MultiPoint"",""coordinates"":[]}"
365,28.481500973599218,0.10823601946713308,0.0071754552259251795,-0.035381752238851455,0.0,0.0,0.0,0.0,0.0,0.0,1.0,12.90009563554009,80.34344227524032,"{""type"":""MultiPoint"",""coordinates"":[]}"
366,41.772919258433745,-0.5951301380595203,0.10654459196071144,0.4766678388004891,0.0,0.0,0.0,0.0,0.7670682730923696,0.23293172690763053,0.0,12.990956133727428,79.90019388977409,"{""type"":""MultiPoint"",""coordinates"":[]}"
367,37.801136847117974,-0.35145939288418165,-0.08843502024709146,0.4283897165861042,0.0,0.7520107238605896,0.0,0.06970509383378015,0.0,0.17828418230562998,0.0,12.878043093226532,80.23036532924604,"{""type"":""MultiPoint"",""coordinates"":[]}"
368,40.62124389142092,-0.5081921374407357,0.11237570735314176,0.3534382339163257,0.0,0.13538873994638068,0.7888739946380697,0.04691689008042895,0.0,0.028820375335120642,0.0,12.736619440034453,79.96278904416481,"{""type"":""MultiPoint"",""coordinates"":[]}"
369,44.30863201625506,-0.48769008445932943,0.13317264362586279,0.28482395977247504,0.0,0.0,0.0,1.0,0.0,0.0,0.0,12.642772288365807,80.1551109363088,"{""type"":""MultiPoint"",""coordinates"":[]}"
370,28.64024940634901,0.21895578078355593,-0.007958513162206941,-0.06862704025080014,0.0,0.0,0.0,0.0,0.0,0.0,1.0,12.83255160500448,80.27459162886677,"{""type"":""MultiPoint"",""coordinates"":[]}"
371,28.496421593076423,0.15869097451502054,0.02097873158422025,-0.07419909491202789,0.0,0.0,0.0,0.0,0.0,0.0,1.0,12.82569126056217,80.30677343011153,"{""type"":""MultiPoint"",""coordinates"":[]}"
372,38.709705357711435,-0.5127770873857425,-0.03573910175044414,0.5709835930796098,0.0,0.0,0.0,0.0,0.01476510067114094,0.985234899328859,0.0,12.70015976683409,80.16352570562643,"{""type"":""MultiPoint"",""coordinates"":[]}"
373,41.92560739560781,-0.46243105083157016,-0.07271537066549118,0.48263407788249296,0.0,0.0,1.0,0.0,0.0,0.0,0.0,12.627097342003152,80.08369478109243,"{""type"":""MultiPoint"",""coordinates"":[]}"
374,35.47660375754695,-0.16323742146599965,-0.18467296321049373,0.5313056806323914,0.0,0.0,0.40080428954423597,0.5991957104557641,0.0,0.0,0.0,13.116749805587004,80.0102025976969,"{""type"":""MultiPoint"",""coordinates"":[]}"
375,41.230418581167015,-0.5438666897854393,-0.015331260928628928,0.570862228616462,0.0,0.0,0.0,0.0663983903420523,0.1073105298457411,0.8262910798122066,0.0,12.929501874449507,79.9042927672051,"{""type"":""MultiPoint"",""coordinates"":[]}"
376,42.77607672526178,-0.5517343390975337,0.08478979455232624,0.42880090259246273,0.028187919463087255,0.0,0.0,0.0026845637583892625,0.9691275167785236,0.0,0.0,12.733507995938664,80.12907640422198,"{""type"":""MultiPoint"",""coordinates"":[]}"
377,41.25795072080486,-0.5517683663737565,0.11126664920277443,0.4152357982549741,0.0,0.0,0.8705566733735747,0.12944332662642521,0.0,0.0,0.0,12.982363997681535,80.1093840933922,"{""type"":""MultiPoint"",""coordinates"":[]}"
378,42.613632262030855,-0.37021365028799574,0.08814917976161764,0.21376011111248003,0.0,0.9939678284182306,0.0,0.0,0.0,0.006032171581769437,0.0,13.104339120379905,80.27831071853689,"{""type"":""MultiPoint"",""coordinates"":[]}"
379,41.83058163963163,-0.3263989815991948,0.004297786371327887,0.2984221296557485,0.0,1.0,0.0,0.0,0.0,0.0,0.0,12.998170065926992,80.19309241370857,"{""type"":""MultiPoint"",""coordinates"":[]}"
380,36.75419930410466,-0.439098955242796,-0.13279863870189396,0.5995777094139508,0.0,0.0,0.936955063715627,0.0,0.0,0.06304493628437291,0.0,12.745904111724478,79.96729177303366,"{""type"":""MultiPoint"",""coordinates"":[]}"
381,45.17700408397317,-0.5892595982788127,0.22560348476629272,0.31806739040938825,0.0,0.0,0.1167785234899329,0.8832214765100671,0.0,0.0,0.0,12.936248374812171,79.94240116895007,"{""type"":""MultiPoint"",""coordinates"":[]}"
382,39.536851260783166,-0.49717724793659757,-0.03677139139335676,0.5478197972114545,0.0,0.0,0.6499330655957163,0.0,0.0,0.35006693440428377,0.0,13.195687397671835,79.94363652305721,"{""type"":""MultiPoint"",""coordinates"":[]}"
383,28.77400971867964,0.194820833177811,-0.012436055871203609,-0.06768835758328562,0.0,0.0,0.0,0.0,0.0,0.0,1.0,12.662848331551888,80.29993690131744,"{""type"":""MultiPoint"",""coordinates"":[]}"
384,34.894107400770785,0.08812638396995993,-0.022163562856992357,-0.09542362513313686,0.4772117962466488,0.0,0.0,0.0,0.0,0.0,0.5227882037533513,12.802559799958116,80.25063583501864,"{""type"":""MultiPoint"",""coordinates"":[]}"
385,41.2205681920669,-0.1950220709095202,0.056450445391062254,0.09049036801170904,0.0,0.9906354515050168,0.0,0.0,0.0,0.009364548494983279,0.0,13.07776483944741,80.23858318929494,"{""type"":""MultiPoint"",""coordinates"":[]}"
386,40.70749879280646,-0.2921006911166949,0.04586418817657183,0.23672755449714114,0.0,0.8526456798392498,0.14735432016075017,0.0,0.0,0.0,0.0,12.697900713488533,80.00966492914547,"{""type"":""MultiPoint"",""coordinates"":[]}"
387,41.70354420524097,-0.4333658274102416,0.06414112846999216,0.360247980133183,0.0,0.8755020080321285,0.0,0.0,0.0,0.1244979919678715,0.0,13.162721882099515,80.29345156469563,"{""type"":""MultiPoint"",""coordinates"":[]}"
388,28.936491810201222,0.2644965016187229,-0.016581034098920356,-0.07113374071663309,0.0,0.0,0.0,0.0,0.0,0.0,1.0,12.731977168897973,80.25550504784573,"{""type"":""MultiPoint"",""coordinates"":[]}"
389,37.74399259391975,-0.41036850324324164,-0.10589858047769551,0.5269876687262856,0.0,0.0,1.0,0.0,0.0,0.0,0.0,13.153817583022388,79.97716838266948,"{""type"":""MultiPoint"",""coordinates"":[]}"
390,43.92318069255207,-0.5148101860340468,0.10377175825182704,0.35652957659639173,0.0,0.0,0.6957689724647415,0.30423102753525855,0.0,0.0,0.0,12.603228246367825,80.12390501593596,"{""type"":""MultiPoint"",""coordinates"":[]}"
391,39.74255717741461,-0.44438691312227957,-0.04786586394072261,0.48876188068619275,0.0,0.6691225720026792,0.0,0.0,0.0,0.3308774279973209,0.0,13.133126252809525,80.1040414724572,"{""type"":""MultiPoint"",""coordinates"":[]}"
392,38.66270239513405,-0.4389465177059918,0.020433926152934996,0.41102112999191714,0.0,0.1400804289544236,0.0,0.0,0.0,0.8599195710455765,0.0,12.86648246757635,80.08351930797578,"{""type"":""MultiPoint"",""coordinates"":[]}"
393,41.390217953737455,-0.3170683015218312,0.04176212797077561,0.23340203398904075,0.0,1.0,0.0,0.0,0.0,0.0,0.0,13.085743345876718,80.1939085976339,"{""type"":""MultiPoint"",""coordinates"":[]}"
394,39.626404986265094,-0.513374547324505,0.040681018759546786,0.4733041358007373,0.0,0.0,0.9564926372155289,0.0,0.0,0.043507362784471225,0.0,13.074187764745371,80.08677511536581,"{""type"":""MultiPoint"",""coordinates"":[]}"
395,37.57627374182308,-0.47260990919822493,-0.12531154839597353,0.6371476695709628,0.0,0.0,0.25536193029490617,0.1447721179624665,0.18632707774798926,0.4135388739946381,0.0,12.904577684021344,79.9142628092754,"{""type"":""MultiPoint"",""coordinates"":[]}"
396,43.16344047306714,-0.5009817127099843,0.04631345668950253,0.4203912345014438,0.0,0.1953020134228188,0.0,0.8046979865771812,0.0,0.0,0.0,12.763650833849951,80.20234024735717,"{""type"":""MultiPoint"",""coordinates"":[]}"
397,40.247201185157834,-0.47824229219088454,0.010539880814259437,0.4677841008428225,0.0,0.0,1.0,0.0,0.0,0.0,0.0,12.658274231005912,80.0117953985734,"{""type"":""MultiPoint"",""coordinates"":[]}"
398,40.20812561293372,-0.5657643951476666,0.08877189190000842,0.49750175991326506,0.0,0.0,0.0,0.13663764233087747,0.7200267916945748,0.1433355659745479,0.0,12.990774254461114,79.95351932928311,"{""type"":""MultiPoint"",""coordinates"":[]}"
399,41.45588835139319,-0.4090974700352008,-0.03877225951426841,0.4239717034011055,0.0,0.11520428667113194,0.14266577361018085,0.0,0.0,0.7421299397186872,0.0,12.990564726712078,80.18604110902051,"{""type"":""MultiPoint"",""coordinates"":[]}"
400,41.44569953825857,-0.31251193987394826,0.1086695762941195,0.13499457861514064,0.0,1.0,0.0,0.0,0.0,0.0,0.0,13.101291851240484,80.27576450726401,"{""type"":""MultiPoint"",""coordinates"":[]}"
401,33.79155886734941,0.3683950969252063,-0.07364948373477304,-0.11224140913747224,0.0,0.0,0.03949129852744311,0.06024096385542169,0.0,0.0,0.6613119143239626,13.193626503463584,80.17816422555828,"{""type"":""MultiPoint"",""coordinates"":[]}"
402,41.493229588013435,-0.5047863476983389,0.06809234153981354,0.40213107196342734,0.0,0.0,0.3140939597315437,0.6644295302013422,0.0,0.021476510067114096,0.0,12.881304608577524,80.12376163285052,"{""type"":""MultiPoint"",""coordinates"":[]}"
403,36.028570527997346,-0.5557488724976769,-0.2320499699660945,0.7794368677563406,0.0,0.0,0.0,0.0,0.0,1.0,0.0,13.141448712758256,80.06045565479397,"{""type"":""MultiPoint"",""coordinates"":[]}"
404,28.813263112573754,0.13595306225758014,0.0018738339224428058,-0.037633250017613286,0.0,0.0,0.0,0.0,0.0,0.0,1.0,12.725320597277124,80.34150797308268,"{""type"":""MultiPoint"",""coordinates"":[]}"
405,41.775791442947096,-0.5866555618912495,0.12725254401810418,0.4352571146751994,0.0,0.0,1.0,0.0,0.0,0.0,0.0,12.970342863979885,79.96110766487747,"{""type"":""MultiPoint"",""coordinates"":[]}"
406,42.797301961217414,-0.30331645837324256,0.08981298945213856,0.16147477121037282,0.0,1.0,0.0,0.0,0.0,0.0,0.0,13.13833512193776,80.20198204996414,"{""type"":""MultiPoint"",""coordinates"":[]}"
407,36.05913083863181,-0.4277937461358565,-0.2027173066181141,0.6197909829178428,0.0,0.0,1.0,0.0,0.0,0.0,0.0,12.694054049746303,79.9342094932253,"{""type"":""MultiPoint"",""coordinates"":[]}"
408,38.21763720167451,-0.4189403688474091,0.0025915629001886688,0.38724626368601367,0.0,0.3114534494306765,0.0,0.0,0.0,0.6885465505693237,0.0,13.103022240701018,80.06139679547618,"{""type"":""MultiPoint"",""coordinates"":[]}"
409,40.27941267403617,-0.44351257366533786,-0.07738816214296002,0.5430399743146989,0.0,0.6244979919678715,0.0,0.0,0.0,0.3755020080321286,0.0,13.037188143752095,80.07739343867883,"{""type"":""MultiPoint"",""coordinates"":[]}"
410,44.005294696325315,-0.5559114922657373,0.13784327235511548,0.3475627914531539,0.0,0.0,0.0,0.01673360107095047,0.5602409638554217,0.4230254350736279,0.0,13.036669644494962,79.92944383163561,"{""type"":""MultiPoint"",""coordinates"":[]}"
411,36.15078654481928,-0.41028546480825956,-0.15149048071876875,0.5594630533883189,0.0,0.0,1.0,0.0,0.0,0.0,0.0,13.180800483157325,79.92293734700878,"{""type"":""MultiPoint"",""coordinates"":[]}"
412,28.803923879429163,0.15484925588922102,-0.019786988872007305,-0.046115208392772854,0.0,0.0,0.0,0.0,0.0,0.0,1.0,12.606422626683619,80.33423715758919,"{""type"":""MultiPoint"",""coordinates"":[]}"
413,39.76550907601339,-0.5287432686290386,-0.03172337010024702,0.5591269466286132,0.0,0.0,0.0,0.0,0.0,1.0,0.0,13.128279852025509,80.10840400951538,"{""type"":""MultiPoint"",""coordinates"":[]}"
414,42.95031076824953,-0.3699087729657327,0.08172195148859843,0.21038670833848985,0.0,0.4634473507712945,0.009389671361502348,0.5271629778672032,0.0,0.0,0.0,12.81427793111988,80.0789813698011,"{""type"":""MultiPoint"",""coordinates"":[]}"
415,38.826903663572416,-0.5308727883002554,-0.006975876403461958,0.5675539775500283,0.0,0.0,0.0,0.0,0.0,1.0,0.0,12.806358467870913,79.98386638379287,"{""type"":""MultiPoint"",""coordinates"":[]}"
416,40.04984922695042,-0.3964229441545041,0.0023788020003597883,0.44167978232637856,0.0,0.0,0.3545576407506702,0.6454423592493298,0.0,0.0,0.0,12.77896780956607,80.1021337146247,"{""type"":""MultiPoint"",""coordinates"":[]}"
417,39.13385531748492,-0.5176602279317284,-0.11317580865207495,0.6225212328006512,0.0,0.0,0.0,0.0,0.0,1.0,0.0,12.79391040561343,80.2061469952547,"{""type"":""MultiPoint"",""coordinates"":[]}"
418,29.23589028926275,0.27873353065516665,-0.03573467032098474,-0.08388753348962863,0.0,0.0,0.0,0.0,0.0,0.0,1.0,12.799989874983325,80.26637991355513,"{""type"":""MultiPoint"",""coordinates"":[]}"
419,41.38088307326191,-0.4547435577274459,-0.013628653721432855,0.42418330716817765,0.0,0.0,0.18821165438714,0.0,0.0,0.8117883456128598,0.0,13.158219755654647,79.99759234392792,"{""type"":""MultiPoint"",""coordinates"":[]}"
420,28.62442667116625,0.18617706298643774,-0.002847204480875353,-0.05281130691837792,0.0,0.0,0.0,0.0,0.0,0.0,1.0,12.884336753227313,80.2781293188029,"{""type"":""MultiPoint"",""coordinates"":[]}"
421,28.808107453270665,0.1366118577640111,0.0032933547157631853,-0.056647498209861605,0.0,0.0,0.0,0.0,0.0,0.0,1.0,12.614178788239386,80.31292152537308,"{""type"":""MultiPoint"",""coordinates"":[]}"
422,42.44663452969861,-0.3503306974263208,0.11213466834235662,0.1890600503106949,0.0,1.0,0.0,0.0,0.0,0.0,0.0,13.01120937219419,80.15307954422804,"{""type"":""MultiPoint"",""coordinates"":[]}"
423,41.793273098559,-0.5358378282488666,0.050585821523074496,0.44910642401445255,0.0,0.0,0.4229222520107239,0.0,0.0,0.5770777479892761,0.0,12.808161691580624,79.93836712006693,"{""type"":""MultiPoint"",""coordinates"":[]}"
424,42.210104340589425,-0.3219387753707969,0.04743945312580117,0.21749657666188585,0.0,1.0,0.0,0.0,0.0,0.0,0.0,13.033679671611326,80.2169711669968,"{""type"":""MultiPoint"",""coordinates"":[]}"
425,41.19607217965796,-0.5147244047796742,0.06310440597952739,0.41886361080309487,0.0,0.0,0.3152246814218645,0.40845070422535207,0.0,0.2763246143527833,0.0,12.6719058890517,79.9444349381157,"{""type"":""MultiPoint"",""coordinates"":[]}"
426,45.467242155409394,-0.5579900218536171,0.2221777437749823,0.24335510431808305,0.0,0.0,0.4375838926174497,0.5624161073825503,0.0,0.0,0.0,12.64596572652459,80.18961526806787,"{""type"":""MultiPoint"",""coordinates"":[]}"
427,32.837794850664,0.31754866176810037,0.029196600550148742,-0.2221476758338978,0.0,0.0,0.0,0.0,0.0,0.0,1.0,12.802472898463677,80.15345062843681,"{""type"":""MultiPoint"",""coordinates"":[]}"
428,35.1408737830228,-0.02696330744447093,-0.16250664454172642,0.3213519172899754,0.0,0.0,0.9021447721179625,0.07439678284182306,0.0,0.0,0.0,12.897478100011654,80.15450440439578,"{""type"":""MultiPoint"",""coordinates"":[]}"
429,29.655226637723334,0.35081094588419265,0.02672999227489535,-0.15522312907435892,0.0,0.0,0.0,0.0,0.0,0.0,1.0,12.640623491386798,80.20990740006633,"{""type"":""MultiPoint"",""coordinates"":[]}"
430,28.353629830957818,0.20575137479507694,-0.03505991052331353,-0.05079688401652886,0.0,0.0,0.0,0.0,0.0,0.0,1.0,12.992019724254353,80.305837871708,"{""type"":""MultiPoint"",""coordinates"":[]}"
431,39.59360312030163,-0.43723411930009126,0.037207230326673786,0.379555905974759,0.0,0.1447721179624665,0.29289544235924936,0.1193029490616622,0.16621983914209115,0.27680965147453085,0.0,12.864486140745248,80.05641228000931,"{""type"":""MultiPoint"",""coordinates"":[]}"
432,28.526830019457865,0.11289971357820629,0.01716278545271662,-0.03112986927918544,0.0,0.0,0.0,0.0,0.0,0.0,1.0,13.065763130412424,80.34446913047627,"{""type"":""MultiPoint"",""coordinates"":[]}"
433,35.92881951766246,-0.4874067684859547,-0.11315410448653024,0.6582994688747033,0.0,0.0,0.0,0.0,0.0,1.0,0.0,12.822572828020185,80.09615382020891,"{""type"":""MultiPoint"",""coordinates"":[]}"
434,41.764704800060265,-0.3205545835689164,0.06709575572617732,0.2105251900395,0.0,1.0,0.0,0.0,0.0,0.0,0.0,12.981509821151226,80.213486641315,"{""type"":""MultiPoint"",""coordinates"":[]}"
435,41.75711699892763,-0.5594284551616753,0.06546757608949019,0.44001924156552485,0.0,0.0,0.7680965147453083,0.1829758713136729,0.0,0.04892761394101876,0.0,12.700626509255715,80.06643833951327,"{""type"":""MultiPoint"",""coordinates"":[]}"
436,36.713579655291774,-0.5356525510466988,0.04354453962649698,0.48469512120103514,0.0,0.0,0.363514419852448,0.636485580147552,0.0,0.0,0.0,12.690453388995873,79.9143485057145,"{""type"":""MultiPoint"",""coordinates"":[]}"
437,37.7171537064415,-0.5071517766157863,-0.1523544089350624,0.6847012156550862,0.0,0.0,0.0,0.0,0.0,1.0,0.0,13.042851849634898,80.01223695386942,"{""type"":""MultiPoint"",""coordinates"":[]}"
438,36.56400228696443,-0.5231665229194037,-0.11592244667203744,0.6648442441678498,0.0,0.0,0.0,0.0,0.0,1.0,0.0,12.649412304128715,80.16654328338097,"{""type"":""MultiPoint"",""coordinates"":[]}"
439,44.18373273290023,-0.27720684507604043,0.016249375307468096,0.20544229733151606,0.6269256530475552,0.3221701272605492,0.0,0.05090421969189551,0.0,0.0,0.0,12.913121096316857,80.22371784089462,"{""type"":""MultiPoint"",""coordinates"":[]}"
440,36.19722608897591,-0.3841525679574818,-0.21141765455630454,0.6017159283271523,0.0,0.0,0.789825970548862,0.0,0.0,0.21017402945113792,0.0,13.192501643729255,79.93910634536435,"{""type"":""MultiPoint"",""coordinates"":[]}"
441,41.333177312538524,-0.5183073018956958,-0.163577322465439,0.7038280044124192,0.0,0.09444072337575353,0.44474212993971873,0.0,0.002009377093101139,0.45880776959142666,0.0,12.865029404124847,79.9355608521476,"{""type"":""MultiPoint"",""coordinates"":[]}"
442,28.93471135751172,0.24061868496912714,-0.024165047909878692,-0.08007561318890419,0.0,0.0,0.0,0.0,0.0,0.0,1.0,13.032696486796146,80.28982968264852,"{""type"":""MultiPoint"",""coordinates"":[]}"
443,39.5340806970482,-0.3927385254584019,-0.013900149661731738,0.39002624401530833,0.0,0.8460508701472557,0.0,0.0,0.0,0.1539491298527443,0.0,13.122055495087897,80.02309984800509,"{""type"":""MultiPoint"",""coordinates"":[]}"
444,40.85637022030833,-0.4082402798138118,0.01611876560162343,0.29931513969612705,0.0,0.0,1.0,0.0,0.0,0.0,0.0,12.905058531678142,80.1806436177357,"{""type"":""MultiPoint"",""coordinates"":[]}"
445,41.65336245032196,-0.6359715673730725,0.22725893025755517,0.3997097901538549,0.0,0.0,0.1750503018108652,0.824949698189135,0.0,0.0,0.0,12.76984911898581,79.93199703768848,"{""type"":""MultiPoint"",""coordinates"":[]}"
446,45.39771116578314,-0.3588375247330666,0.07210484432487503,0.22152965752718382,0.0,0.5589022757697456,0.0,0.39892904953145913,0.0,0.04216867469879518,0.0,13.005558612256156,80.01320252490649,"{""type"":""MultiPoint"",""coordinates"":[]}"
447,46.95247048625506,-0.5324644825489221,0.18563945129707152,0.28444319470203266,0.0,0.0,0.0,1.0,0.0,0.0,0.0,12.690377943916978,80.20501254956238,"{""type"":""MultiPoint"",""coordinates"":[]}"
448,32.12257608997323,0.3119884987348381,-0.11465072282399993,-0.05762542858928345,0.0,0.0,0.0,0.0,0.10046885465505692,0.0,0.34561286001339586,13.14348485070588,80.17636967620506,"{""type"":""MultiPoint"",""coordinates"":[]}"
449,38.597261813795214,-0.45544433854591543,-0.13565993735820284,0.5979518172680349,0.0,0.0,0.748995983935743,0.0,0.0,0.25100401606425704,0.0,13.092241623175388,80.03178939367952,"{""type"":""MultiPoint"",""coordinates"":[]}"
450,28.746291949456765,0.23763816446043767,-0.019553497433229903,-0.06374528354017707,0.0,0.0,0.0,0.0,0.0,0.0,1.0,12.629281884111538,80.24085138532718,"{""type"":""MultiPoint"",""coordinates"":[]}"
451,35.36951114297588,-0.46123051715578023,-0.17449626302286847,0.6857388895445042,0.0,0.0,0.0,0.0,0.0,1.0,0.0,12.999163266616616,80.04273233260388,"{""type"":""MultiPoint"",""coordinates"":[]}"
452,28.429464878289767,0.11522795643179606,0.022170683561380834,-0.04054005662276177,0.0,0.0,0.0,0.0,0.0,0.0,1.0,12.91844064204569,80.33826797188992,"{""type"":""MultiPoint"",""coordinates"":[]}"
453,45.973853205835034,-0.6074548461641073,0.20757155434726507,0.34097389119417737,0.0,0.0,0.11200536552649229,0.8879946344735077,0.0,0.0,0.0,12.809999532746746,79.92619712940282,"{""type"":""MultiPoint"",""coordinates"":[]}"
454,42.275311281729245,-0.3808320176894814,0.013426995865146198,0.3301597029084366,0.0,0.030831099195710462,0.7104557640750672,0.0,0.0,0.2587131367292225,0.0,12.845870905225675,80.15181434229386,"{""type"":""MultiPoint"",""coordinates"":[]}"
455,44.762400774886075,-0.3095858088985649,0.17632098432617135,0.07065525114851358,0.0690348525469169,0.0,6.702412868632708E-4,0.0,0.0,0.0,0.3404825737265416,12.722809291905135,80.21537655575352,"{""type"":""MultiPoint"",""coordinates"":[]}"
456,37.24065602130698,-0.2209601919766751,-0.031672670854170554,0.31232261437727676,0.0,0.0,0.2654155495978552,0.6595174262734584,0.0,0.07506702412868632,0.0,12.615128556862453,79.9972135579008,"{""type"":""MultiPoint"",""coordinates"":[]}"
457,40.21789089378434,-0.40695635649443707,0.0414848378957305,0.3117909049161458,0.0,0.347622237106497,0.0,0.0,0.0,0.652377762893503,0.0,13.017764146187583,80.15911424280719,"{""type"":""MultiPoint"",""coordinates"":[]}"
458,37.00925250040322,-0.38662648496481794,-0.05798227744814767,0.4090482481520222,0.0,0.0,0.7647849462365591,0.0,0.0,0.23521505376344085,0.0,12.65800366981776,80.04537189901444,"{""type"":""MultiPoint"",""coordinates"":[]}"
459,44.05503959054327,-0.2116729697946134,0.03121745031762206,0.15028604212645036,0.0,1.0,0.0,0.0,0.0,0.0,0.0,12.946817551564727,80.18293968798437,"{""type"":""MultiPoint"",""coordinates"":[]}"
460,41.97645646037509,-0.5283353137674477,0.16104483654182386,0.2900796507112315,0.0,0.0,0.7327528466175485,0.2672471533824514,0.0,0.0,0.0,13.094954603682725,80.09134975595508,"{""type"":""MultiPoint"",""coordinates"":[]}"
461,35.99376991043539,-0.33639730003072993,0.0848293584852359,0.2505379885582694,0.0,0.0,0.0,1.0,0.0,0.0,0.0,13.070485363504392,79.95432360613935,"{""type"":""MultiPoint"",""coordinates"":[]}"
462,39.88530965078473,-0.5212346917618356,-0.12563146419325505,0.6398154422644216,0.0,0.0,1.0,0.0,0.0,0.0,0.0,12.630544627158095,79.93728635274226,"{""type"":""MultiPoint"",""coordinates"":[]}"
463,28.97348315163199,0.16052191763460358,-0.014260617051737593,-0.044364631795975926,0.0,0.0,0.0,0.0,0.0,0.0,1.0,12.70812738391104,80.33414494199546,"{""type"":""MultiPoint"",""coordinates"":[]}"
464,41.041675242258734,-0.36310502795753413,0.07622174030170921,0.21118971633908534,0.0,1.0,0.0,0.0,0.0,0.0,0.0,12.935400454529683,80.1614210170268,"{""type"":""MultiPoint"",""coordinates"":[]}"
465,43.19125612774346,-0.579552091816988,0.08281482630749507,0.47670717362311277,0.0,0.0,0.0,0.9744795164539961,0.0,0.02552048354600403,0.0,12.641111554140462,80.19847529877548,"{""type"":""MultiPoint"",""coordinates"":[]}"
466,29.827483260066998,0.31259083595783,0.090235722526465,-0.18448239639969125,0.0,0.0,0.0,0.0,0.0,0.0,1.0,12.932580241185653,80.26196451646203,"{""type"":""MultiPoint"",""coordinates"":[]}"
467,38.02627340569801,-0.4468552812713265,-0.2126654990334401,0.6658573514759114,0.0,0.0,0.9389261744966442,0.0,0.0,0.06107382550335571,0.0,12.811165612269896,79.90131416882309,"{""type"":""MultiPoint"",""coordinates"":[]}"
468,40.442727309100086,-0.4770482056609463,-0.0017349989772010366,0.45160268283769994,0.0,0.0013431833445265277,0.5460040295500335,0.4526527871054398,0.0,0.0,0.0,12.769140556739995,80.05022101332428,"{""type"":""MultiPoint"",""coordinates"":[]}"
469,28.67747048642143,0.2606066010392884,-0.04665019631079898,-0.06663999426207534,0.0,0.0,0.0,0.0,0.0,0.0,1.0,12.835542032091931,80.26309839287349,"{""type"":""MultiPoint"",""coordinates"":[]}"
470,41.566538570240986,-0.31166743223887605,0.046521427160134354,0.2335672370108718,0.0,1.0,0.0,0.0,0.0,0.0,0.0,12.98230858949831,80.2006292919236,"{""type"":""MultiPoint"",""coordinates"":[]}"
471,28.581307723179098,0.22741587638504013,-0.012966761505050283,-0.07633145488383908,0.0,0.0,0.0,0.0,0.0,0.0,1.0,12.752205251015098,80.27334071180849,"{""type"":""MultiPoint"",""coordinates"":[]}"
472,37.156707205026834,-0.4796925097884744,-0.03862554122345555,0.45262404070154455,0.0,0.0,0.8746648793565683,0.0,0.0,0.12533512064343166,0.0,12.768217478345557,80.07549493767122,"{""type"":""MultiPoint"",""coordinates"":[]}"
473,28.420645229785695,0.16366037719540294,-0.02883607806598208,-0.041772037585312734,0.0,0.0,0.0,0.0,0.0,0.0,1.0,13.04553994314581,80.33495037124298,"{""type"":""MultiPoint"",""coordinates"":[]}"
474,33.86923160223491,-0.414705512196869,-0.321562270376654,0.7077393738871814,0.0,0.0,1.0,0.0,0.0,0.0,0.0,12.769945784925714,80.06987761942216,"{""type"":""MultiPoint"",""coordinates"":[]}"
475,39.28692576110667,-0.455941858985474,0.022786917020342117,0.40595547792398357,0.0,0.5412474849094567,0.0,0.0,0.0,0.45875251509054327,0.0,12.843591290574214,80.09049078781274,"{""type"":""MultiPoint"",""coordinates"":[]}"
476,28.47354441205626,0.15996611598576863,0.008629132273467562,-0.059430823904688936,0.0,0.0,0.0,0.0,0.0,0.0,1.0,13.048188289891483,80.31866779723616,"{""type"":""MultiPoint"",""coordinates"":[]}"
477,36.20966584957749,-0.21838911681029113,-0.16539910131385974,0.583767051512813,0.0,0.0,0.9839034205231388,0.0,0.01609657947686117,0.0,0.0,13.009472622260288,79.95367719836968,"{""type"":""MultiPoint"",""coordinates"":[]}"
478,38.87282742185955,-0.43074032189936595,-0.11211111395870671,0.5397025495380235,0.0,0.33779264214046817,0.0,0.0,0.0,0.6622073578595317,0.0,13.057241336056506,80.25057844771241,"{""type"":""MultiPoint"",""coordinates"":[]}"
479,40.306934875518394,-0.3152355673454503,0.02698379223417589,0.2524581489991078,0.0,1.0,0.0,0.0,0.0,0.0,0.0,13.121342507844355,80.21678336157484,"{""type"":""MultiPoint"",""coordinates"":[]}"
480,37.761640551364565,-0.5187757916083305,-0.09771682128863639,0.6117814692837243,0.0,0.0,0.0,0.0,0.0,1.0,0.0,13.182093455516952,80.2451879067937,"{""type"":""MultiPoint"",""coordinates"":[]}"
481,28.75375588837134,0.2144905445714646,-0.0066646272826258865,-0.07494970565863937,0.0,0.0,0.0,0.0,0.0,0.0,1.0,12.796174300776336,80.2831195912473,"{""type"":""MultiPoint"",""coordinates"":[]}"
482,37.60661554201745,-0.4505535356740569,-0.11160904986720631,0.6074835225641515,0.0,0.0,0.3357908847184987,0.6642091152815015,0.0,0.0,0.0,12.931718383606315,80.24464600348593,"{""type"":""MultiPoint"",""coordinates"":[]}"
483,28.586789505898125,0.20536665473572446,0.009799085247625787,-0.06122314491734058,0.0,0.0,0.0,0.0,0.0,0.0,1.0,12.668054516336703,80.25257869651114,"{""type"":""MultiPoint"",""coordinates"":[]}"
484,28.532042233248507,0.203574940447427,-0.015483055004787772,-0.07080595930477748,0.0,0.0,0.0,0.0,0.0,0.0,1.0,13.043975842499504,80.30619973713797,"{""type"":""MultiPoint"",""coordinates"":[]}"
485,38.39643297641853,-0.5052819591964508,0.022328442245934124,0.4752246036351744,0.0,0.0,0.9275653923541247,0.0,0.0,0.07243460764587524,0.0,12.741822308666663,79.956222300864,"{""type"":""MultiPoint"",""coordinates"":[]}"
486,38.92752907274131,-0.5601155283665431,0.04410291130814947,0.5316692800913339,0.0,0.0,0.745308310991957,0.0,0.09718498659517426,0.15750670241286865,0.0,13.072166700540924,79.99961058401377,"{""type"":""MultiPoint"",""coordinates"":[]}"
487,28.457278987384313,0.2234484552232884,-0.025290926660052084,-0.05130648012257657,0.0,0.0,0.0,0.0,0.0,0.0,1.0,12.766555335623043,80.27896526119004,"{""type"":""MultiPoint"",""coordinates"":[]}"
488,38.864551264043016,-0.3500044583882932,-0.047964955846492734,0.316329074298468,0.0,0.0,1.0,0.0,0.0,0.0,0.0,12.600156317780373,80.00465540237765,"{""type"":""MultiPoint"",""coordinates"":[]}"
489,28.554509162615698,0.20721768481878908,-0.02533992811402491,-0.06497214943645016,0.0,0.0,0.0,0.0,0.0,0.0,1.0,12.858625203597944,80.31095899701444,"{""type"":""MultiPoint"",""coordinates"":[]}"
490,42.15901736012072,-0.46744736159094274,0.01245242707751933,0.46279579067609106,0.0,0.5016767270288397,0.14151576123407106,0.013413816230717638,0.0,0.3433936955063715,0.0,12.734905121924767,80.12537588976065,"{""type"":""MultiPoint"",""coordinates"":[]}"
491,41.656506612142394,-0.41207502396746093,0.07341874299833197,0.28967511434168614,0.0,0.6212222968435193,0.0,0.0,0.0,0.3787777031564809,0.0,12.610926584124613,80.07353500647585,"{""type"":""MultiPoint"",""coordinates"":[]}"
492,33.34878779892762,0.5224118023927552,-0.12281377604197939,-0.09287262323105795,0.0,0.0,0.0,0.0,0.0,0.0,1.0,12.852898568966841,80.16012491249151,"{""type"":""MultiPoint"",""coordinates"":[]}"
493,28.481644180817163,0.1716203304149855,-0.009604465817344168,-0.06582784094509421,0.0,0.0,0.0,0.0,0.0,0.0,1.0,12.968271964081909,80.31810417878364,"{""type"":""MultiPoint"",""coordinates"":[]}"
494,41.302033523076425,-0.5413696176477436,0.007326334638551867,0.5320095424333066,0.0,0.0,0.0,0.0690348525469169,0.0,0.930965147453083,0.0,12.979879249733235,80.04956986232135,"{""type"":""MultiPoint"",""coordinates"":[]}"
495,41.05159454381274,-0.43978631023083253,-0.06364311045510491,0.4770993557587117,0.0,0.3157190635451505,0.0,0.0,0.0,0.6842809364548496,0.0,13.013186035568005,80.12192025166533,"{""type"":""MultiPoint"",""coordinates"":[]}"
496,44.5948390870482,-0.4934352708699366,0.07156296811914992,0.36252259421266125,0.0,0.1887550200803213,0.0,0.11178045515394913,0.0,0.6994645247657296,0.0,13.153137420313644,80.27670929320945,"{""type"":""MultiPoint"",""coordinates"":[]}"
497,39.972055635161304,-0.5258071236087551,0.041675820015279634,0.4903059004897756,0.0,0.0,0.4408602150537633,0.5591397849462364,0.0,0.0,0.0,12.764115966030433,79.99350252812263,"{""type"":""MultiPoint"",""coordinates"":[]}"
498,28.575674062053714,0.14648338367601998,1.557009110491465E-4,-0.045626662645870925,0.0,0.0,0.0,0.0,0.0,0.0,1.0,12.89414847601487,80.30770072509075,"{""type"":""MultiPoint"",""coordinates"":[]}"
499,39.75333141015419,-0.5823785413119389,0.022054785310358482,0.5687752291249933,0.0,0.0,0.0,0.0,0.00737265415549598,0.9926273458445041,0.0,12.72666434018103,80.12445408287893,"{""type"":""MultiPoint"",""coordinates"":[]}"
500,28.734235145462485,0.12470506913910306,0.006393135074724987,-0.049563527893199406,0.0,0.0,0.0,0.0,0.0,0.0,1.0,12.873798187738583,80.34451994448766,"{""type"":""MultiPoint"",""coordinates"":[]}"
501,40.947648765134076,-0.40606584287654623,0.03975582201969532,0.32767397631311784,0.0,0.9986595174262735,0.0,0.0,0.0,0.0013404825737265416,0.0,12.858558645370854,80.04995942939826,"{""type"":""MultiPoint"",""coordinates"":[]}"
502,42.093204851480245,-0.3427710353986181,0.11302752395460003,0.1765301778652167,0.0,0.9778968519758876,0.0,0.020763563295378432,0.0,0.0013395847287340926,0.0,12.865708764811117,80.15014558108305,"{""type"":""MultiPoint"",""coordinates"":[]}"
503,28.45516196624918,0.1919197962070616,-0.022664336128846243,-0.0608584707543986,0.0,0.0,0.0,0.0,0.0,0.0,1.0,13.05880012969767,80.3183113137079,"{""type"":""MultiPoint"",""coordinates"":[]}"
504,40.61895544060243,-0.5912941318792936,0.06586237503508365,0.503134668047565,0.0,0.0,0.0,0.17068273092369476,0.0,0.8293172690763051,0.0,13.050169197559487,79.91962570264393,"{""type"":""MultiPoint"",""coordinates"":[]}"
505,28.76547848090545,0.15098672137360752,-0.004296284943360619,-0.05260811866797357,0.0,0.0,0.0,0.0,0.0,0.0,1.0,12.617788114054015,80.29039381214821,"{""type"":""MultiPoint"",""coordinates"":[]}"
506,37.79149275370398,-0.5152706120043288,-0.013675380066641771,0.5304939352890553,0.0,0.15405224380442062,0.0,0.0,0.0,0.8459477561955795,0.0,12.779622110075447,79.99858377102558,"{""type"":""MultiPoint"",""coordinates"":[]}"
507,44.674336794555195,-0.45748376748588776,0.1776389851986236,0.15211678971817633,0.0,0.0,0.2882943143812709,0.7117056856187292,0.0,0.0,0.0,13.162205590155988,80.1414558815285,"{""type"":""MultiPoint"",""coordinates"":[]}"
508,29.35195942734051,0.35902331747711597,-0.05010437425907544,-0.10181871067158547,0.0,0.0,0.0,0.0,0.0,0.0,1.0,12.6050684958923,80.2038006139226,"{""type"":""MultiPoint"",""coordinates"":[]}"
509,38.48390728615438,-0.4827492008029235,-0.03767451718978274,0.5226367586367087,0.0,0.0,0.3449664429530201,0.6234899328859059,0.0,0.03154362416107383,0.0,12.756097401884865,80.1399583270003,"{""type"":""MultiPoint"",""coordinates"":[]}"
510,41.47224395511367,-0.5128752113342715,0.12151352331192665,0.3794275067584967,0.0,0.0,1.0,0.0,0.0,0.0,0.0,13.158194838227391,79.94278929413386,"{""type"":""MultiPoint"",""coordinates"":[]}"
511,41.185499764127115,-0.25275049580869785,0.016653308327541347,0.19185302180528993,0.0,1.0,0.0,0.0,0.0,0.0,0.0,13.125634245143026,80.20057630550703,"{""type"":""MultiPoint"",""coordinates"":[]}"
512,28.438031181709135,0.18609784887997172,3.585396383599036E-4,-0.05728515678845117,0.0,0.0,0.0,0.0,0.0,0.0,1.0,12.836547214106025,80.27734679836753,"{""type"":""MultiPoint"",""coordinates"":[]}"
513,34.308088526510396,-0.060293667419303615,0.09180465184310972,0.08328414880624749,0.0,0.0,0.0,0.23241795043536506,0.19624916275954454,0.12391158740790355,0.4474212993971869,12.917692977721467,80.03340088564497,"{""type"":""MultiPoint"",""coordinates"":[]}"
514,35.419727988894856,-0.47516297390466955,-0.11394627873320409,0.6674973470953947,0.0,0.0,0.0,0.0,0.0,1.0,0.0,12.844179090776652,80.10074131295329,"{""type"":""MultiPoint"",""coordinates"":[]}"
515,45.265028986499004,-0.5260037986039431,0.18054047391311034,0.2750794420887135,0.0,0.0,1.0,0.0,0.0,0.0,0.0,12.797755245047687,79.93076063628196,"{""type"":""MultiPoint"",""coordinates"":[]}"
516,40.57584354710845,-0.3928688016862922,0.04272074183079333,0.3409165659128048,0.0,0.6331994645247657,0.0,0.0,0.0,0.36680053547523433,0.0,12.90975574241377,80.1353551420215,"{""type"":""MultiPoint"",""coordinates"":[]}"
517,42.50090160677831,-0.3336542412600518,0.11106415896567737,0.1409761784139841,0.0,0.23643670462156732,0.13797722705961152,0.4192900200937709,0.0,0.20629604822505024,0.0,13.171524878665672,80.30285175873601,"{""type"":""MultiPoint"",""coordinates"":[]}"
518,41.13146334889337,-0.38404233957016337,0.033120014210645934,0.3155389691590902,0.0,0.8645204560697518,0.10127431254191818,0.03420523138832998,0.0,0.0,0.0,13.130529918676986,80.1817174110239,"{""type"":""MultiPoint"",""coordinates"":[]}"
519,39.467257837082514,-0.5698719149257808,0.10949234043501112,0.4488466233513129,0.0,0.0,0.0,0.0,0.0,1.0,0.0,12.733203754247876,80.04765483840531,"{""type"":""MultiPoint"",""coordinates"":[]}"
520,28.543397604544257,0.16099974843200543,-5.344902132302126E-4,-0.06601236432356991,0.0,0.0,0.0,0.0,0.0,0.0,1.0,12.827280778026076,80.32089563029464,"{""type"":""MultiPoint"",""coordinates"":[]}"
521,34.254636407667576,-0.42125228227905737,-0.24645454853934637,0.6863390688884047,0.0,0.0,1.0,0.0,0.0,0.0,0.0,12.875107736825079,80.0312353728094,"{""type"":""MultiPoint"",""coordinates"":[]}"
522,28.474462561443943,0.15064130601197606,0.015282690640828026,-0.04926331930334667,0.0,0.0,0.0,0.0,0.0,0.0,1.0,12.826913691852878,80.30343778874989,"{""type"":""MultiPoint"",""coordinates"":[]}"
523,33.83167414372236,-0.3653287798665414,-0.30856433949790163,0.6680017430270524,0.0,0.0,1.0,0.0,0.0,0.0,0.0,12.613603310917707,79.98507272811844,"{""type"":""MultiPoint"",""coordinates"":[]}"
524,40.23503283130028,-0.31839471237997313,-0.014197151907978713,0.30490875285407365,0.0,0.7117962466487936,0.0,0.0,0.0,0.2882037533512064,0.0,13.031887589584093,80.17899296009587,"{""type"":""MultiPoint"",""coordinates"":[]}"
525,28.840561454611287,0.22503362801251234,-0.019145561534343488,-0.052923916605947266,0.0,0.0,0.0,0.0,0.0,0.0,1.0,12.856037153228447,80.2614686074664,"{""type"":""MultiPoint"",""coordinates"":[]}"
526,43.696056307033565,-0.49700202896665346,0.1061918437582471,0.30991554842705843,0.0,0.0,0.9744966442953019,0.025503355704697982,0.0,0.0,0.0,12.739543560718497,80.05473324333443,"{""type"":""MultiPoint"",""coordinates"":[]}"
527,41.54641622583114,-0.4710977146441701,0.05665270054184245,0.3331053971023315,0.0,0.0,1.0,0.0,0.0,0.0,0.0,12.789208714935324,80.17416852278907,"{""type"":""MultiPoint"",""coordinates"":[]}"
528,44.49352837119304,-0.3473185774343185,0.07217233110541738,0.2228256079129592,0.0,0.9309651474530831,0.0,0.06903485254691688,0.0,0.0,0.0,12.910957108213934,79.92379360257775,"{""type"":""MultiPoint"",""coordinates"":[]}"
529,39.23487468457832,-0.47350224432741006,0.05173394323861721,0.3784966349942361,0.0,0.0,0.0,0.07095046854082998,0.0,0.92904953145917,0.0,13.09580471440299,80.1002098147014,"{""type"":""MultiPoint"",""coordinates"":[]}"
530,42.53554356315015,-0.5174159505187689,0.05304839261450567,0.4234326348719452,0.0,0.0,0.38136729222520105,0.10924932975871311,0.0,0.5093833780160858,0.0,12.725355344519853,79.94620711609436,"{""type"":""MultiPoint"",""coordinates"":[]}"
531,43.185734814021465,-0.5198606039728186,0.12836095764772512,0.3544622494950468,0.0,0.0,0.4772117962466488,0.5227882037533512,0.0,0.0,0.0,12.876023855562575,80.1416168546121,"{""type"":""MultiPoint"",""coordinates"":[]}"
532,28.558344079318214,0.16388848543581291,-0.0077600878391002074,-0.05733743454706149,0.0,0.0,0.0,0.0,0.0,0.0,1.0,12.984273481147934,80.33953069664646,"{""type"":""MultiPoint"",""coordinates"":[]}"
533,36.30071770304291,0.1397032148139247,-0.30550581159178053,0.38842688345011295,0.0,0.0,0.023458445040214486,0.0,0.0,0.4993297587131369,0.28016085790884726,12.945235855718593,80.21335749794878,"{""type"":""MultiPoint"",""coordinates"":[]}"
534,37.79353418762098,-0.47042073939654544,-0.021351589170358433,0.4328040419133839,0.0,0.0,1.0,0.0,0.0,0.0,0.0,12.714061932758653,80.05631947716965,"{""type"":""MultiPoint"",""coordinates"":[]}"
535,40.891718166115226,-0.5063292040019542,-0.0036514304167515436,0.4984732429232475,0.0,0.0,0.20562625586068317,0.1205626255860683,0.0,0.6738111185532485,0.0,13.166187440391951,80.16659992110196,"{""type"":""MultiPoint"",""coordinates"":[]}"
536,41.417216419819184,-0.419123195923482,0.05820356986362585,0.30554592321727714,0.0,0.6523777628935031,0.3415941058271936,0.006028131279303416,0.0,0.0,0.0,12.834033352323392,80.08788426475131,"{""type"":""MultiPoint"",""coordinates"":[]}"
537,28.552077599645028,0.10732814464002531,0.014346532290851532,-0.040343488546364034,0.0,0.0,0.0,0.0,0.0,0.0,1.0,12.792053146146067,80.3413862815363,"{""type"":""MultiPoint"",""coordinates"":[]}"
538,38.67692744624582,-0.5821547615147558,0.14660060868666794,0.4373206399715404,0.0,0.0,0.0,1.0,0.0,0.0,0.0,12.659347860399556,79.90684605787575,"{""type"":""MultiPoint"",""coordinates"":[]}"
539,36.442377763903444,-0.5729572256738574,0.058675476845915606,0.5382112156899395,0.0,0.0,0.0,0.0,0.18846411804158283,0.8115358819584173,0.0,12.685178681192653,80.00901237535045,"{""type"":""MultiPoint"",""coordinates"":[]}"
540,45.29920804028173,-0.5533968536297816,0.12429901259047682,0.3674405772322859,0.0,0.0,0.0,1.0,0.0,0.0,0.0,12.783310118821117,80.09537685164318,"{""type"":""MultiPoint"",""coordinates"":[]}"
541,41.655605572250536,-0.2566728866460252,0.03976055387346255,0.1626516110293692,0.0,1.0,0.0,0.0,0.0,0.0,0.0,13.171813437346591,80.29803604548485,"{""type"":""MultiPoint"",""coordinates"":[]}"
542,41.57158746896114,-0.3915271888221155,0.08845259474044047,0.25383366221953596,0.0,0.910857908847185,0.0,0.07841823056300268,0.0,0.010723860589812333,0.0,13.122932036577275,80.13235224776696,"{""type"":""MultiPoint"",""coordinates"":[]}"
543,42.81605716565686,-0.34952926733837864,0.10174487116834137,0.1808770146378252,0.10991957104557643,0.17158176943699732,0.6601876675603218,0.05831099195710456,0.0,0.0,0.0,13.156824110350748,80.25018556260278,"{""type"":""MultiPoint"",""coordinates"":[]}"
544,39.705836202048204,-0.3561953292303053,4.698675694224831E-4,0.331197234254365,0.0,0.7704149933065596,0.0,0.0,0.0,0.2295850066934404,0.0,13.139790814081126,80.17246487296603,"{""type"":""MultiPoint"",""coordinates"":[]}"
545,38.7596680968495,-0.4153258487619701,-0.024840747513947114,0.4490506711819556,0.0,0.0,0.49431438127090294,0.0,0.0,0.5056856187290969,0.0,13.076572458285312,80.10078869974416,"{""type"":""MultiPoint"",""coordinates"":[]}"
546,40.91319823915551,-0.3551121053923438,0.01679203378926474,0.31452618465175747,0.0,0.3693029490616622,0.0,0.0,0.0,0.6306970509383378,0.0,12.922483646918455,80.01885161820296,"{""type"":""MultiPoint"",""coordinates"":[]}"
547,32.062689469517125,0.33692504941781853,0.46218055460101615,-0.5854843704993266,0.0,0.0,0.0,0.0,0.0,0.0,1.0,12.774992719080103,79.91378640703088,"{""type"":""MultiPoint"",""coordinates"":[]}"
548,42.14054178572485,-0.4568543422679364,-0.10485603631836989,0.5457768743817496,0.0,0.0,0.574496644295302,0.0,0.3100671140939597,0.11543624161073827,0.0,12.83518019944191,79.97179280931266,"{""type"":""MultiPoint"",""coordinates"":[]}"
549,41.34267130379105,-0.4145396875414786,-0.001544163640137911,0.34282907314333844,0.0,0.9028801071667784,0.0,0.006028131279303416,0.0,0.0910917615539183,0.0,13.19635755931262,80.31490036247703,"{""type"":""MultiPoint"",""coordinates"":[]}"
550,29.310988220643452,0.3171486976628328,-0.04453510824463056,-0.08806767213495477,0.0,0.0,0.0,0.0,0.0,0.0,1.0,12.79962157876099,80.25954715856041,"{""type"":""MultiPoint"",""coordinates"":[]}"
551,33.35345550385391,-0.3054592489144337,-0.3629318934592628,0.722312800817558,0.0,0.0,0.5978552278820376,0.0,0.0,0.4021447721179625,0.0,12.95152377043571,80.12078944850991,"{""type"":""MultiPoint"",""coordinates"":[]}"
552,40.72259912845638,-0.40588731568436526,0.026798755501676454,0.347886380605426,0.0,0.4395973154362416,0.0,0.0,0.0,0.5604026845637583,0.0,12.696995800462943,80.05079314378693,"{""type"":""MultiPoint"",""coordinates"":[]}"
553,40.443725400026864,-0.4454570589418956,0.03865677947101234,0.37623516080755687,0.0,0.3825503355704699,0.0,0.0,0.0,0.6174496644295303,0.0,12.645846947295373,80.11751191565068,"{""type"":""MultiPoint"",""coordinates"":[]}"
554,36.909575936941664,-0.5269726306906318,-0.010488151914408984,0.577743290935494,0.0,0.0,0.0,0.0,0.0,1.0,0.0,12.686013499587395,79.96705554461475,"{""type"":""MultiPoint"",""coordinates"":[]}"
555,28.950045829818933,0.1555380565029485,0.009914674852949472,-0.0563479681809809,0.0,0.0,0.0,0.0,0.0,0.0,1.0,12.71816341165806,80.32138715751071,"{""type"":""MultiPoint"",""coordinates"":[]}"
556,43.196206544635004,-0.3683947247367594,0.1689607103262329,0.14987975715321278,0.0,1.0,0.0,0.0,0.0,0.0,0.0,13.049869703808293,80.19322951066532,"{""type"":""MultiPoint"",""coordinates"":[]}"
557,40.21019205099331,-0.5749701502204649,0.04361543027745049,0.5281581649441107,0.0,0.0,0.0,0.0,0.0,1.0,0.0,12.66564788581802,79.99966594735517,"{""type"":""MultiPoint"",""coordinates"":[]}"
558,41.045169232957775,-0.33969114372728254,0.008764435236749623,0.28731504759989945,0.1938296445338699,0.5922199865861838,0.0,0.0,0.0,0.21395036887994637,0.0,13.087527429116037,80.1932559673789,"{""type"":""MultiPoint"",""coordinates"":[]}"
559,41.8008685498193,-0.4199835270092837,0.016196526486767594,0.37160594926983,0.0,0.0,0.0,0.0,0.14792503346720215,0.8520749665327978,0.0,13.181697883422224,80.25724105994092,"{""type"":""MultiPoint"",""coordinates"":[]}"
560,29.081260393183673,0.24359671607656702,-0.010907477641953135,-0.07328254841078598,0.0,0.0,0.0,0.0,0.0,0.0,1.0,12.781722482623275,80.26861150143165,"{""type"":""MultiPoint"",""coordinates"":[]}"
561,44.22983912450401,-0.5246544221285347,0.08177947542036629,0.404705373174792,0.0,0.0,0.660857908847185,0.0,0.04624664879356568,0.2928954423592493,0.0,12.866321266100282,79.99767668867963,"{""type"":""MultiPoint"",""coordinates"":[]}"
562,38.60086189119305,-0.34362030676505356,-0.07637997052152415,0.4190901731460931,0.0,0.0,0.15080428954423594,0.8491957104557641,0.0,0.0,0.0,12.690691801102433,80.12109549885466,"{""type"":""MultiPoint"",""coordinates"":[]}"
563,29.159619476507736,0.2809213499409982,-0.031397463408780066,-0.07790515649287626,0.0,0.0,0.0,0.0,0.0,0.0,1.0,12.760346205173674,80.2595583421929,"{""type"":""MultiPoint"",""coordinates"":[]}"
564,28.495924850000026,0.19870690799840265,-0.0246942066878086,-0.048852936974767336,0.0,0.0,0.0,0.0,0.0,0.0,1.0,12.801722394289065,80.29329639492606,"{""type"":""MultiPoint"",""coordinates"":[]}"
565,45.61772248006703,-0.4731300499305773,0.18333177604023565,0.19426925884713592,0.0,0.0,0.0,1.0,0.0,0.0,0.0,12.785222688609933,80.16687893093028,"{""type"":""MultiPoint"",""coordinates"":[]}"
566,28.549288515662674,0.16932175619650283,-0.016151246145715108,-0.05858923453750196,0.0,0.0,0.0,0.0,0.0,0.0,1.0,13.049309463695696,80.32826699318203,"{""type"":""MultiPoint"",""coordinates"":[]}"
567,41.93330882277296,-0.34868177647691817,0.026517493497052062,0.26867017290602163,0.0,0.8211654387139987,0.0,0.06898861352980577,0.10984594775619559,0.0,0.0,12.975542941236323,80.22994655554604,"{""type"":""MultiPoint"",""coordinates"":[]}"
568,40.70690584760887,-0.2895404754006408,0.019227232818573733,0.23740911558979313,0.0,0.8372404554588078,0.0,0.0,0.0,0.16275954454119224,0.0,12.896986068623754,80.19556782644197,"{""type"":""MultiPoint"",""coordinates"":[]}"
569,40.744438413132556,-0.3634866467070384,0.05335326750673434,0.27041615450374723,0.0,1.0,0.0,0.0,0.0,0.0,0.0,12.9824081359359,80.19581492134418,"{""type"":""MultiPoint"",""coordinates"":[]}"
570,40.589742122409646,-0.5802869519993074,0.0592719344950662,0.5226703545595173,0.0,0.0,0.5662650602409638,0.0,0.0,0.4337349397590361,0.0,13.097775038511948,79.91036955400595,"{""type"":""MultiPoint"",""coordinates"":[]}"
571,39.67028043080485,-0.5085348010972095,0.019951547413641763,0.5027664388923576,0.0,0.0,0.1710261569416499,0.6733735747820255,0.0,0.15560026827632462,0.0,12.859550346343466,80.22164564428019,"{""type"":""MultiPoint"",""coordinates"":[]}"
572,44.5853571701205,-0.313195664152445,0.09549064821774254,0.18910323395870132,0.0,0.8380187416331994,0.0,0.0,0.0,0.16198125836680055,0.0,13.110199658039274,80.16935203470999,"{""type"":""MultiPoint"",""coordinates"":[]}"
573,43.449092015421705,-0.2619216589881936,0.13220039226876762,0.05593553668668009,0.0,1.0,0.0,0.0,0.0,0.0,0.0,13.162322475130365,80.28000326049533,"{""type"":""MultiPoint"",""coordinates"":[]}"
574,29.44988941788734,0.3781183568418952,0.04837402544535933,-0.21630186833906465,0.0,0.0,0.0,0.0,0.0,0.0,1.0,12.834898494264465,80.2504798950137,"{""type"":""MultiPoint"",""coordinates"":[]}"
575,42.90522121151476,-0.3211550085837434,0.06437613240848479,0.19210747463316943,0.0,0.9912868632707772,0.0,0.0,0.0,0.008713136729222519,0.0,13.054315461584542,80.21922654271118,"{""type"":""MultiPoint"",""coordinates"":[]}"
576,41.730477290100566,-0.4061508004158794,0.05902059010291501,0.29664840097400885,0.0,1.0,0.0,0.0,0.0,0.0,0.0,13.119464107138343,80.11819635721345,"{""type"":""MultiPoint"",""coordinates"":[]}"
577,42.1660119614641,-0.49087852456400977,-2.1409755954218982E-4,0.48927169214879834,0.0,0.36198791134989927,0.0,0.0,0.0,0.6380120886501008,0.0,12.617939649352834,80.05765275526686,"{""type"":""MultiPoint"",""coordinates"":[]}"
578,41.243822947211825,-0.4584979764974904,0.05769569301637823,0.3508764514601242,0.0,0.47520107238605896,0.16152815013404825,0.0,0.0,0.3632707774798928,0.0,12.980281757018489,80.06597871400504,"{""type"":""MultiPoint"",""coordinates"":[]}"
579,42.68512107662653,-0.36992439488582307,0.02924307860680082,0.29041941098597696,0.0,0.8293172690763052,0.0,0.0,0.0,0.1706827309236948,0.0,13.041740228056435,80.15467073190884,"{""type"":""MultiPoint"",""coordinates"":[]}"
580,28.821224389456397,0.29774013198402316,-0.03742323820453229,-0.07346659368261492,0.0,0.0,0.0,0.0,0.0,0.0,1.0,12.674562515449045,80.22853996775157,"{""type"":""MultiPoint"",""coordinates"":[]}"
581,38.49287557420135,-0.36621629765245334,-0.029920952194068477,0.3977419643266762,0.0,0.0,0.1711409395973154,0.521476510067114,0.0,0.30738255033557044,0.0,12.809013773846589,80.0830991467675,"{""type"":""MultiPoint"",""coordinates"":[]}"
582,28.406070274698813,0.18135698062325747,-0.017730185118164595,-0.055432169839964344,0.0,0.0,0.0,0.0,0.0,0.0,1.0,13.088017703617021,80.32766905308692,"{""type"":""MultiPoint"",""coordinates"":[]}"
583,41.93634999540216,-0.4372909344901308,-0.04683718831354588,0.43589581575332614,0.0,0.42627345844504033,0.0,0.0,0.0,0.57372654155496,0.0,13.057059436030094,80.23737669718997,"{""type"":""MultiPoint"",""coordinates"":[]}"
584,38.46457712751509,-0.5122826240693917,-0.006314169459488233,0.5079344431204623,0.0,0.1707970529135968,0.0,0.0,0.0,0.8292029470864032,0.0,13.11974345634994,79.90738117004793,"{""type"":""MultiPoint"",""coordinates"":[]}"
585,39.775304385648106,-0.4430571513141215,-0.014249787747267168,0.4394470643757414,0.0,0.0,0.0,0.0,0.0,1.0,0.0,12.798884698027578,80.04031339184584,"{""type"":""MultiPoint"",""coordinates"":[]}"
586,40.98810946233916,-0.5495347891735726,0.03944873702598676,0.4890247283063028,0.0,0.006702412868632708,0.01541554959785523,0.7158176943699732,0.0,0.2620643431635389,0.0,12.74724793652098,80.12642393118414,"{""type"":""MultiPoint"",""coordinates"":[]}"
587,40.64329607675605,-0.3942351759345046,0.027647981610851732,0.3397285094616364,0.0,0.5710455764075066,0.0,0.0,0.0,0.4289544235924933,0.0,12.847582045777196,80.03809404343193,"{""type"":""MultiPoint"",""coordinates"":[]}"
588,42.37778859011374,-0.0029165219973366027,0.019992395055285363,-0.06153374866847186,0.37591973244147153,0.2602006688963211,0.0,0.0,0.0,0.0,0.36387959866220737,13.1721197426953,80.27765896482012,"{""type"":""MultiPoint"",""coordinates"":[]}"
589,35.490121059798795,-0.4535015935873235,-0.10471326303377625,0.6378159221165894,0.0,0.0,1.0,0.0,0.0,0.0,0.0,12.881689790464097,79.92504560315815,"{""type"":""MultiPoint"",""coordinates"":[]}"
590,35.75700973547286,-0.5391125698338821,-0.04477858405694013,0.6091537605852393,0.0,0.0,0.0,0.0,0.0,1.0,0.0,12.781595360471142,79.96078741664992,"{""type"":""MultiPoint"",""coordinates"":[]}"
591,28.643222891841955,0.17021397305251668,-0.0014182224442317048,-0.0482608297679006,0.0,0.0,0.0,0.0,0.0,0.0,1.0,12.778584380528676,80.29897487069886,"{""type"":""MultiPoint"",""coordinates"":[]}"
592,28.658410322555344,0.13924475634803127,-4.439379532763399E-4,-0.041761048498260005,0.0,0.0,0.0,0.0,0.0,0.0,1.0,12.746685956125976,80.33440510329869,"{""type"":""MultiPoint"",""coordinates"":[]}"
593,45.045160270899345,-0.5282425903187853,0.16490876436830113,0.24825497267570068,0.0,0.0,0.16174496644295303,0.8382550335570469,0.0,0.0,0.0,12.800788278923857,80.08449804168596,"{""type"":""MultiPoint"",""coordinates"":[]}"
594,42.366813575030164,-0.3651511733746099,0.19181262979032832,0.10164644424483729,0.0033489618218352306,0.0,0.0,0.0,0.0,0.0,0.9966510381781648,12.725963860209763,80.21262321497927,"{""type"":""MultiPoint"",""coordinates"":[]}"
595,41.174623830254205,-0.3262859716249793,0.04725973678088752,0.24223097763684825,0.0,1.0,0.0,0.0,0.0,0.0,0.0,13.109542406298191,80.11384324108651,"{""type"":""MultiPoint"",""coordinates"":[]}"
596,35.01660468320403,-0.4072529088595153,-0.26723939904958743,0.708767098384774,0.0,0.0,1.0,0.0,0.0,0.0,0.0,13.190896513636801,79.98594290904784,"{""type"":""MultiPoint"",""coordinates"":[]}"
597,42.09789919174148,-0.5688175769798492,0.07402727809458332,0.4928132903734368,0.0,0.0,0.0,0.0,0.8017414601473544,0.19825853985264566,0.0,12.829815024932339,79.95852440077981,"{""type"":""MultiPoint"",""coordinates"":[]}"
598,32.71423809920965,0.1129417177200036,-0.25096299319081844,0.32977964500416834,0.0,0.0,0.16075016744809106,0.0,0.043536503683857995,0.7957133288680509,0.0,13.14514244202018,80.04684577613745,"{""type"":""MultiPoint"",""coordinates"":[]}"
599,35.166104091349006,-0.43652301296353496,-0.1838643082689238,0.6352732061269116,0.0,0.0,0.06375838926174496,0.0,0.0,0.936241610738255,0.0,12.704408553079134,80.05780132408209,"{""type"":""MultiPoint"",""coordinates"":[]}"
600,40.658025406239965,-0.46474960675167687,0.06661133404249549,0.34620883708317096,0.0,0.0,1.0,0.0,0.0,0.0,0.0,12.618094119821656,80.07775161761299,"{""type"":""MultiPoint"",""coordinates"":[]}"
601,29.137666701629787,0.2708331384244426,-0.03805405355966425,-0.05811394255238361,0.0,0.0,0.0,0.0,0.0,0.0,1.0,12.793148339465015,80.27214915472767,"{""type"":""MultiPoint"",""coordinates"":[]}"
602,40.189465722178305,-0.5890730001168752,0.15256669879685378,0.42726623224657034,0.0,0.0,0.0,1.0,0.0,0.0,0.0,12.933698568375922,80.0507890353207,"{""type"":""MultiPoint"",""coordinates"":[]}"
603,44.14163306459062,-0.5079496869906339,0.03747170252134549,0.5255313640837719,0.0,0.0,1.0,0.0,0.0,0.0,0.0,12.737066372698623,79.92215268183936,"{""type"":""MultiPoint"",""coordinates"":[]}"
604,39.380628236470216,-0.46185160138013087,-0.010250439130150245,0.4444390666048491,0.0,0.31346282652377766,0.0,0.0,0.0,0.6865371734762226,0.0,13.13111104281023,79.99909912619324,"{""type"":""MultiPoint"",""coordinates"":[]}"
605,40.24045882350538,-0.35555086658545904,0.055687177785673427,0.30246435384217696,0.0,0.0,0.0,0.06367292225201072,0.0,0.8746648793565684,0.06166219839142092,12.792064799032804,80.21184671085015,"{""type"":""MultiPoint"",""coordinates"":[]}"
606,28.426962728908254,0.191119930434773,-0.025078654207469124,-0.05966825343810033,0.0,0.0,0.0,0.0,0.0,0.0,1.0,13.12197718829587,80.34331193820006,"{""type"":""MultiPoint"",""coordinates"":[]}"
607,43.131480509504364,-0.3930629448154399,0.051241780603001955,0.29021952123348543,0.0,0.8332217012726055,0.0,0.0,0.0,0.1667782987273945,0.0,13.098057032878765,80.25881293059635,"{""type"":""MultiPoint"",""coordinates"":[]}"
608,39.593831175291776,-0.387827990993951,0.011254973426177333,0.363481331530199,0.0,0.7424547283702213,0.0,0.0,0.0,0.25754527162977864,0.0,12.838861833574704,80.08371802702679,"{""type"":""MultiPoint"",""coordinates"":[]}"
609,43.31558291965151,-0.5235088484823937,0.06206478134592407,0.42695202297662727,0.0,0.0,0.0,0.0,0.7071045576407508,0.2928954423592494,0.0,12.865175618037174,79.92428608604222,"{""type"":""MultiPoint"",""coordinates"":[]}"
610,28.733002642272147,0.13918990283182592,-0.01879991101096144,-0.04392028609878593,0.0,0.0,0.0,0.0,0.0,0.0,1.0,12.862030894903429,80.34488116376832,"{""type"":""MultiPoint"",""coordinates"":[]}"
611,39.84174482192773,-0.3778275719977865,0.04343879684305544,0.27215603233521063,0.0,1.0,0.0,0.0,0.0,0.0,0.0,13.080587648090322,80.2136528115282,"{""type"":""MultiPoint"",""coordinates"":[]}"
612,41.88074903905434,-0.5406452998785216,0.1062346857930638,0.36068030134286133,0.0,0.0,0.9584171696847753,0.04158283031522468,0.0,0.0,0.0,12.761447720475743,80.09860516144428,"{""type"":""MultiPoint"",""coordinates"":[]}"
613,42.660687746028145,-0.2707457820131719,0.08189300570752177,0.1386327978218841,0.022103148024112524,0.8767582049564636,0.0,0.0,0.0,0.10113864701942397,0.0,12.943337019822456,80.20788894446245,"{""type"":""MultiPoint"",""coordinates"":[]}"
614,28.66618391984567,0.22474148546058403,-0.018094401157816787,-0.07147339698847094,0.0,0.0,0.0,0.0,0.0,0.0,1.0,12.619900855174532,80.24435926513428,"{""type"":""MultiPoint"",""coordinates"":[]}"
615,43.047591366286895,-0.5655829135363715,0.15522594690583924,0.3706469025068087,0.0,0.0,0.0,0.7479892761394104,0.0,0.25201072386058987,0.0,12.793535611978443,80.19377871964377,"{""type"":""MultiPoint"",""coordinates"":[]}"
616,37.15906633447423,-0.3725898860684031,-0.2286213631756768,0.686535630850924,0.0,0.0,0.0,0.0,0.0,1.0,0.0,12.896258567751973,80.13485066695439,"{""type"":""MultiPoint"",""coordinates"":[]}"
617,44.76118933412083,-0.4878201971068009,0.15313215383524975,0.2581193023468561,0.0,0.0,1.0,0.0,0.0,0.0,0.0,12.894556790407698,79.94725335641529,"{""type"":""MultiPoint"",""coordinates"":[]}"
618,28.24941237562333,0.17130751349843681,-0.010571289295177656,-0.053513332444690836,0.0,0.0,0.0,0.0,0.0,0.0,1.0,12.953973557487835,80.30757074019886,"{""type"":""MultiPoint"",""coordinates"":[]}"
619,39.726443138880704,-0.3168438710248571,0.05751180322581796,0.24489822724016524,0.0,0.965817694369973,0.0,0.0,0.0,0.034182305630026805,0.0,13.040838216136176,80.2640925851751,"{""type"":""MultiPoint"",""coordinates"":[]}"
620,28.318911351990632,0.15483911268027628,-0.0014539113368094727,-0.04929573000159428,0.0,0.0,0.0,0.0,0.0,0.0,1.0,12.925370920007358,80.32177942643975,"{""type"":""MultiPoint"",""coordinates"":[]}"
621,40.783666712951835,-0.5430796037039226,0.03829310499847722,0.530295967105212,0.0,0.0,0.711512717536814,0.2884872824631861,0.0,0.0,0.0,13.192459564791852,79.918700973634,"{""type"":""MultiPoint"",""coordinates"":[]}"
622,40.41938157997989,-0.2944901848318178,0.08233116429006897,0.1464710277184036,0.004694835680751174,0.2937625754527163,0.7002012072434608,0.0,0.0,0.0013413816230717639,0.0,12.830550455530505,80.22646410584207,"{""type"":""MultiPoint"",""coordinates"":[]}"
623,41.1058402640964,-0.4668704188916428,0.05749164344091752,0.39168150500030163,0.0,0.021419009370816602,0.20548862115127178,0.0,0.0,0.7730923694779118,0.0,13.114607093452651,80.0331257379744,"{""type"":""MultiPoint"",""coordinates"":[]}"
624,37.45218011362907,-0.47954218730608605,-0.17158812896820275,0.6795248175410388,0.0,0.0,1.0,0.0,0.0,0.0,0.0,12.615024460921736,80.11974449839298,"{""type"":""MultiPoint"",""coordinates"":[]}"
625,39.74880853783134,-0.5037666130105691,0.024536649854826984,0.44930344671089245,0.0,0.0,0.0033467202141900937,0.0,0.0,0.9966532797858099,0.0,13.157621179976601,79.99017938046693,"{""type"":""MultiPoint"",""coordinates"":[]}"
626,30.477134157590378,0.4290485157337586,-0.23346450132105354,-0.09428691343766811,0.0,0.0,0.0,0.0,0.0,0.0,1.0,13.007898367850649,80.05448493965821,"{""type"":""MultiPoint"",""coordinates"":[]}"
627,32.19328079839923,0.2032157912267327,-0.05166576039893781,0.0029266150217153717,0.0,0.0,0.0,0.0,0.5271265907568655,0.0,0.4728734092431347,13.032430892255757,80.06327499291399,"{""type"":""MultiPoint"",""coordinates"":[]}"
628,40.37710612565101,-0.3133052513666799,0.12873131652262973,0.19790354180262457,0.0,0.0,0.08590604026845639,0.6194630872483221,0.0,0.010067114093959733,0.2845637583892618,12.8128987078293,80.15594777973178,"{""type"":""MultiPoint"",""coordinates"":[]}"
629,47.491032215722896,-0.5473702803548162,0.221444020607933,0.24382175098262965,0.0,0.0,0.9966532797858098,0.0,0.0033467202141900933,0.0,0.0,12.884084687227148,79.98548983877554,"{""type"":""MultiPoint"",""coordinates"":[]}"
630,39.41252136904157,-0.5306549284633331,0.008901968542535148,0.5437998168172522,0.0,0.0,0.0,0.0,0.0,1.0,0.0,12.936225076811988,80.07718376066865,"{""type"":""MultiPoint"",""coordinates"":[]}"
631,31.293435806204837,0.439479415560861,-0.1965191263558274,-0.11719332515042019,0.0,0.0,0.0,0.0,0.0,0.0,1.0,13.18413000878187,80.1809551003431,"{""type"":""MultiPoint"",""coordinates"":[]}"
632,41.98331676977274,-0.332502452839753,0.10237008309529816,0.12652494316859256,0.0,0.9144385026737968,0.0,0.06350267379679143,0.0,0.022058823529411766,0.0,13.127777232396232,80.13933583541052,"{""type"":""MultiPoint"",""coordinates"":[]}"
633,45.931335681426674,-0.5194096892465023,0.18733266633554768,0.2568205893609992,0.0,0.0,0.8137977227059612,0.18620227729403885,0.0,0.0,0.0,12.845835218115875,79.99905572761863,"{""type"":""MultiPoint"",""coordinates"":[]}"
634,39.42856223770108,-0.5352417447087225,0.1011942144483926,0.36597765274473754,0.0,0.0,0.9276139410187667,0.0,0.0,0.07238605898123324,0.0,12.674619176018238,80.06200142386956,"{""type"":""MultiPoint"",""coordinates"":[]}"
635,45.252695833313275,-0.30130196650852864,0.12983421107218593,0.10198992466413284,0.4524765729585007,0.0,0.0,0.5475234270414993,0.0,0.0,0.0,12.699349981420857,80.19999176978216,"{""type"":""MultiPoint"",""coordinates"":[]}"
636,40.3810604049263,-0.47879144889482705,-0.0440927464907773,0.5084844305526061,0.0,0.0,0.0,0.0,0.0,1.0,0.0,13.070078697073392,79.9474458948046,"{""type"":""MultiPoint"",""coordinates"":[]}"
637,33.61844113407259,-0.46250526660192115,-0.19275396135583636,0.6568510283078802,0.0,0.0,1.0,0.0,0.0,0.0,0.0,12.638225138363632,80.00169330569825,"{""type"":""MultiPoint"",""coordinates"":[]}"
638,39.68102061771813,-0.47158031447289167,0.057187374913316186,0.3542851560970662,0.0,0.0,0.31409395973154364,0.0,0.0,0.6859060402684565,0.0,12.664368188018553,80.1228413226565,"{""type"":""MultiPoint"",""coordinates"":[]}"
639,29.785775553313282,0.3110262761511402,0.026382024508026097,-0.1412967542440456,0.0,0.0,0.0,0.0,0.0,0.0,1.0,13.141500791690056,80.30443861785479,"{""type"":""MultiPoint"",""coordinates"":[]}"
640,33.055960619008054,-0.41941693464210944,-0.33805098435588166,0.7690828829880191,0.0,0.0,1.0,0.0,0.0,0.0,0.0,12.960561672114059,79.95496538593137,"{""type"":""MultiPoint"",""coordinates"":[]}"
641,40.34582678642717,-0.5585772515658086,-0.05136755285771509,0.6204761395391019,0.0,0.0,0.0,0.0,0.0,1.0,0.0,12.682982792731634,80.21192177913733,"{""type"":""MultiPoint"",""coordinates"":[]}"
642,33.91325913987276,0.13904004064666173,-0.20047803165013403,0.16649069855512458,0.0,0.0,0.09711989283322169,0.7334226389819154,0.0,0.0,0.0,12.937530258139898,79.95547524504616,"{""type"":""MultiPoint"",""coordinates"":[]}"
643,29.076798232557064,0.14886141681194132,0.008360831354380496,-0.056761949987989856,0.0,0.0,0.0,0.0,0.0,0.0,1.0,12.707371950559734,80.33914226412948,"{""type"":""MultiPoint"",""coordinates"":[]}"
644,28.875635764263645,0.13820740144422855,0.02690803185567463,-0.07372787200526494,0.0,0.0,0.0,0.0,0.0,0.0,1.0,12.648440162035474,80.31064897546138,"{""type"":""MultiPoint"",""coordinates"":[]}"
645,34.20365562873496,-0.42189141676538605,-0.32669116167719353,0.7502999995861739,0.0,0.0,1.0,0.0,0.0,0.0,0.0,12.921511721870377,80.04433121795095,"{""type"":""MultiPoint"",""coordinates"":[]}"
646,28.78120572853121,0.19603257851378042,-0.010034625034772713,-0.07143906573878066,0.0,0.0,0.0,0.0,0.0,0.0,1.0,12.663076779825351,80.2999250217479,"{""type"":""MultiPoint"",""coordinates"":[]}"
647,43.47890448321049,-0.5965716699035897,0.13486151718215392,0.43041653030328103,0.0,0.0,0.0,0.0,1.0,0.0,0.0,12.8394022273055,79.96300357140042,"{""type"":""MultiPoint"",""coordinates"":[]}"
648,38.335612691721394,-0.5467208315577726,0.04157968324440915,0.4906000576791431,0.0,0.0,0.0997990622906899,0.01607501674480911,0.0,0.8841259209645009,0.0,13.151309858023682,79.95004622947404,"{""type"":""MultiPoint"",""coordinates"":[]}"
649,40.45220122004027,-0.5554350231400617,0.02485049410290691,0.5276236764259691,0.0,0.0,0.15358819584171696,0.03957075788061704,0.0,0.8068410462776661,0.0,12.906139691801224,80.0563546939236,"{""type"":""MultiPoint"",""coordinates"":[]}"
650,28.401858377228933,0.20209751550347924,-0.016458082880052384,-0.051436867286658534,0.0,0.0,0.0,0.0,0.0,0.0,1.0,13.151128186916937,80.3351499868881,"{""type"":""MultiPoint"",""coordinates"":[]}"
651,38.33121711342265,-0.4958634949148479,-0.04202885309622634,0.5823652391237025,0.0,0.0,0.4246483590087073,0.06898861352980577,0.0,0.506363027461487,0.0,12.828368315200793,80.03127122624888,"{""type"":""MultiPoint"",""coordinates"":[]}"
652,41.252603157213684,-0.4616107327995146,0.043745113459151046,0.34578497034091255,0.0,0.17079705291359676,0.0,0.28667113194909577,0.0,0.5425318151373073,0.0,12.827628245776605,80.24055189276862,"{""type"":""MultiPoint"",""coordinates"":[]}"
653,29.292916104346087,0.2686832756378507,0.03538004407631623,-0.11442745536065761,0.0,0.0,0.0,0.0,0.0,0.0,1.0,13.038419579497452,80.28684029187893,"{""type"":""MultiPoint"",""coordinates"":[]}"
654,36.32603213650604,-0.40515021809067603,-0.0636085275396011,0.4993870705703007,0.0,0.0,1.0,0.0,0.0,0.0,0.0,13.177566793052625,79.99628941000616,"{""type"":""MultiPoint"",""coordinates"":[]}"
655,40.754733654096405,-0.5506877810044877,0.05083966848105562,0.4684611085182172,0.0,0.0,0.0,0.11713520749665329,0.1706827309236948,0.712182061579652,0.0,13.081070998011386,79.94183694321269,"{""type"":""MultiPoint"",""coordinates"":[]}"
656,38.12160175410068,-0.3963325101187907,-0.05439511700824874,0.3976445340438833,0.0,0.9993288590604027,0.0,0.0,0.0,6.711409395973154E-4,0.0,12.992544918743212,80.2668298492956,"{""type"":""MultiPoint"",""coordinates"":[]}"
657,38.9411761887123,-0.4384639627155985,-0.020433126068292725,0.42040148855515486,0.0,0.0,0.8765928906773977,0.0,0.0,0.12340710932260228,0.0,12.657923951426183,80.14004258226498,"{""type"":""MultiPoint"",""coordinates"":[]}"
658,43.66585322456437,-0.5221482688570385,0.16833452640134355,0.2726510400021741,0.0,0.0,1.0,0.0,0.0,0.0,0.0,13.07761289726308,79.91592773283836,"{""type"":""MultiPoint"",""coordinates"":[]}"
659,28.913142217505047,0.18986432558284108,-5.608510000746483E-4,-0.05308538792269867,0.0,0.0,0.0,0.0,0.0,0.0,1.0,12.820407409889052,80.27677842198891,"{""type"":""MultiPoint"",""coordinates"":[]}"
660,38.164482755351656,-0.4712695514710868,-0.07668688066440937,0.5820928157037282,0.0,0.0,0.0,0.0,0.0,1.0,0.0,13.06001591972724,80.09754692135787,"{""type"":""MultiPoint"",""coordinates"":[]}"
661,45.26744626955707,-0.44781435532098945,0.141761105905482,0.22233063752804388,0.0,0.0,0.43288590604026844,0.5671140939597316,0.0,0.0,0.0,12.75395055891598,79.92186517873803,"{""type"":""MultiPoint"",""coordinates"":[]}"
662,41.82673968379358,-0.37979676200366375,0.0746147022658501,0.25318054468649787,0.0,0.8552278820375336,0.0,0.0,0.0,0.14477211796246647,0.0,12.884548291660982,80.15713253931791,"{""type"":""MultiPoint"",""coordinates"":[]}"
663,43.974748167796385,-0.3000023554063636,0.10222563656459799,0.16041997620634305,0.0,0.999330207635633,0.0,0.0,0.0,6.697923643670463E-4,0.0,12.939213939677462,80.12023427188264,"{""type"":""MultiPoint"",""coordinates"":[]}"
664,43.434968493552304,-0.5192438283700216,0.05586923175444154,0.4522350629992745,0.0,0.0,0.0,0.09316353887399464,0.0,0.9068364611260052,0.0,12.686480422595418,80.21266245042844,"{""type"":""MultiPoint"",""coordinates"":[]}"
665,39.87493734384464,-0.40227336674098213,0.02932466972391878,0.3304083007701214,0.0,0.08171466845277965,0.15405224380442062,0.0,0.33690555927662424,0.4273275284661755,0.0,13.12307268224821,79.97112563993042,"{""type"":""MultiPoint"",""coordinates"":[]}"
666,41.063671472676084,-0.5926846534985892,0.1494927899682643,0.4179434104308597,0.0,0.0,0.12743125419181758,0.8725687458081826,0.0,0.0,0.0,12.712752051215,79.92690789732549,"{""type"":""MultiPoint"",""coordinates"":[]}"
667,40.345838852096456,-0.3861353185858054,-0.08585076062443175,0.4722461465603908,0.0,0.0,0.9678499665103818,0.0,0.0,0.032150033489618215,0.0,12.951582145502181,80.16396561383914,"{""type"":""MultiPoint"",""coordinates"":[]}"
668,41.705451519001386,-0.2768699839890141,0.017181758113882038,0.24699203855018198,0.0,1.0,0.0,0.0,0.0,0.0,0.0,13.012691701594555,80.20185864199568,"{""type"":""MultiPoint"",""coordinates"":[]}"
669,40.76048467935659,-0.21636097503082716,0.036832565284774556,0.1595011192396385,0.8337801608579088,0.0,0.0,0.16621983914209115,0.0,0.0,0.0,12.736468985938307,79.97073616337754,"{""type"":""MultiPoint"",""coordinates"":[]}"
670,40.67871336174264,-0.4509454851795398,0.056374255890325804,0.3627677923130837,0.0,0.0,0.6883378016085792,0.0,0.002680965147453083,0.3089812332439678,0.0,12.890031559109918,79.94884895759553,"{""type"":""MultiPoint"",""coordinates"":[]}"
671,34.064785775352576,-0.43034544196438795,-0.27907435080620835,0.7097243364448128,0.0,0.0,0.8556077904633982,0.14439220953660173,0.0,0.0,0.0,12.647227570909436,79.96836842099017,"{""type"":""MultiPoint"",""coordinates"":[]}"
672,39.69310921091765,-0.25822925316171125,-0.062124909480686274,0.36449132238885495,0.0,0.2531815137307435,0.0,0.17079705291359681,0.0,0.22772940388479576,0.3482920294708641,12.948815960552187,80.20077259676609,"{""type"":""MultiPoint"",""coordinates"":[]}"
673,39.60083227058353,-0.10463076318440763,-0.02239716076341521,0.07426355650604313,0.0,0.0,0.0,0.0,0.0,0.0,1.0,12.722722157231388,80.20976148809297,"{""type"":""MultiPoint"",""coordinates"":[]}"
674,36.21675952779266,-0.4358656777503697,-0.016177028086068794,0.49108283533777697,0.0,0.0,0.15785953177257525,0.0,0.0,0.8421404682274247,0.0,13.16042184958544,79.99363251188949,"{""type"":""MultiPoint"",""coordinates"":[]}"
675,42.06371591291556,-0.561311879469161,0.15702480164124566,0.33119840139146745,0.0,0.0,0.0,1.0,0.0,0.0,0.0,12.698070952310198,80.17913292398177,"{""type"":""MultiPoint"",""coordinates"":[]}"
676,42.76902500265063,-0.460437069877967,0.15168613261922387,0.23027092822225584,0.0,0.0,0.5147255689424365,0.3601070950468541,0.0,0.1251673360107095,0.0,13.191707131589169,80.14358034836184,"{""type"":""MultiPoint"",""coordinates"":[]}"
677,39.65363037837805,-0.3528440787976083,-0.1081533813805366,0.40639873510121144,0.0,0.0,0.8961126005361931,0.0,0.0,0.10388739946380697,0.0,12.697278221083534,80.08707900117962,"{""type"":""MultiPoint"",""coordinates"":[]}"
678,38.435499137406175,-0.45316246366481616,0.017116188391038626,0.36216934501328296,0.0,0.0,1.0,0.0,0.0,0.0,0.0,12.708419639725918,80.1058048911557,"{""type"":""MultiPoint"",""coordinates"":[]}"
679,45.39371709563382,-0.41631786217386463,0.12423294871953154,0.2361652870487298,0.0,0.8832997987927566,0.11670020120724345,0.0,0.0,0.0,0.0,12.997043458185559,80.02853859563244,"{""type"":""MultiPoint"",""coordinates"":[]}"
680,39.371368820603244,-0.4893373539341437,0.01935289203416588,0.4391242573315323,0.0,0.4993297587131368,0.014075067024128689,0.0,0.0,0.4865951742627347,0.0,12.610784084859729,79.99480470062353,"{""type"":""MultiPoint"",""coordinates"":[]}"
681,41.97437873886366,-0.31976337960023093,0.08374970252229445,0.18315225964020956,0.0,1.0,0.0,0.0,0.0,0.0,0.0,13.047817336212692,80.19967028473343,"{""type"":""MultiPoint"",""coordinates"":[]}"
682,42.680665525120496,-0.5129986989914227,0.0597554309755567,0.4307908677046775,0.0,0.0,1.0,0.0,0.0,0.0,0.0,13.19539123970046,80.10548207746315,"{""type"":""MultiPoint"",""coordinates"":[]}"
683,31.79812110132531,0.5392524010946588,0.07137778185379676,-0.431688626444933,0.0,0.0,0.0,0.0,0.0,0.0,1.0,12.899950986546024,80.03797093959524,"{""type"":""MultiPoint"",""coordinates"":[]}"
684,37.49022326006038,-0.5617324668062302,-0.16536778344805073,0.7248614546526843,0.0,0.029510395707578803,0.0,0.0,0.0,0.9704896042924211,0.0,12.875582489979363,80.16802083741815,"{""type"":""MultiPoint"",""coordinates"":[]}"
685,42.32062035813253,-0.29533427861442896,0.10821529467392758,0.13425726764613333,0.0,0.9444444444444445,0.0,0.0,0.0,0.05555555555555555,0.0,13.090482884849104,80.1875292599661,"{""type"":""MultiPoint"",""coordinates"":[]}"
686,38.86540335198394,-0.39926801713271814,0.037284718665128384,0.32061056373562213,0.0,0.7908847184986595,0.0,0.0,0.0,0.20911528150134048,0.0,13.047663266349527,80.17555225973815,"{""type"":""MultiPoint"",""coordinates"":[]}"
687,28.839722988973154,0.15793800579893408,0.02008395603050996,-0.06594004610880819,0.0,0.0,0.0,0.0,0.0,0.0,1.0,12.769126759328714,80.30624532144678,"{""type"":""MultiPoint"",""coordinates"":[]}"
688,39.939567907589,-0.40915526229908333,0.002614689063203939,0.4017347454153068,0.0,0.4620550705171256,0.3666890530557421,0.1712558764271323,0.0,0.0,0.0,12.662517778047306,80.01082244597245,"{""type"":""MultiPoint"",""coordinates"":[]}"
689,43.003485165973174,-0.4166374252464408,-0.10149554058327664,0.518273255247495,0.0,0.0,1.0,0.0,0.0,0.0,0.0,12.607834748854781,80.11047795055188,"{""type"":""MultiPoint"",""coordinates"":[]}"
690,37.99243707350302,-0.37960206577934696,-0.2741600553810349,0.6291627422091356,0.0,0.0,0.9906229068988613,0.0,0.0,0.009377093101138647,0.0,13.154299454620281,80.01579856247818,"{""type"":""MultiPoint"",""coordinates"":[]}"
691,42.999720757565406,-0.5298516491747599,0.08932127681994378,0.3409516267974768,0.0,0.0,0.5821596244131456,0.0,0.0,0.4178403755868545,0.0,12.739752716997176,80.04257692534127,"{""type"":""MultiPoint"",""coordinates"":[]}"
692,39.61691689770933,-0.5767989524264089,0.0478639839047904,0.516267290142297,0.0,0.0,0.5853985264567985,0.0,0.0,0.4146014735432016,0.0,13.068914227166067,79.99195673150952,"{""type"":""MultiPoint"",""coordinates"":[]}"
693,28.82833570623492,0.08063664157407298,0.043455551271072146,-0.04701443975828381,0.0,0.0,0.0,0.0,0.0,0.0,1.0,12.87221427497777,80.33790915585371,"{""type"":""MultiPoint"",""coordinates"":[]}"
694,40.31726554194633,-0.4267601813927851,0.02215741614351846,0.37380004720997023,0.0,0.7744966442953021,0.0,0.0,0.0,0.22550335570469798,0.0,12.75369245367419,80.00620223623002,"{""type"":""MultiPoint"",""coordinates"":[]}"
695,39.47753929113867,-0.4058229232991217,-0.02222059888928779,0.40589771743970854,0.0,0.7354320160750166,0.0,0.0,0.0,0.2645679839249832,0.0,12.810013408883469,80.2042525556217,"{""type"":""MultiPoint"",""coordinates"":[]}"
696,38.080639793259564,-0.4068936864433401,-0.11738959280977927,0.5646242115408715,0.0,0.0,0.7793427230046948,0.0,0.0,0.22065727699530513,0.0,12.758382462608726,80.01616794139812,"{""type"":""MultiPoint"",""coordinates"":[]}"
697,35.30366448552351,-0.41324532398853797,0.06774591215863805,0.3778380167822583,0.0,0.0,0.0,1.0,0.0,0.0,0.0,12.687845263961561,80.13948185438677,"{""type"":""MultiPoint"",""coordinates"":[]}"
698,38.55391222505364,-0.3394401648621434,0.05772991349630518,0.238965391046171,0.0,0.0,0.4343163538873995,0.5656836461126006,0.0,0.0,0.0,13.027810747650799,80.0762670515884,"{""type"":""MultiPoint"",""coordinates"":[]}"
699,37.72416621177064,-0.5083070213376074,-0.0753555520207706,0.6030259631414236,0.0,0.0,0.0,0.0,0.0,1.0,0.0,12.931167794157231,80.11392282855113,"{""type"":""MultiPoint"",""coordinates"":[]}"
700,34.34234636052352,0.33401867863434964,-0.07114152783125695,0.013791447304765985,0.0,0.0,0.0,0.0,0.0,0.022147651006711407,0.9778523489932887,12.9098644715631,80.16752286090345,"{""type"":""MultiPoint"",""coordinates"":[]}"
701,41.34527995239948,-0.3527869498373751,0.05523969914255314,0.26216563183075076,0.0,1.0,0.0,0.0,0.0,0.0,0.0,13.123556280659377,79.92394432781879,"{""type"":""MultiPoint"",""coordinates"":[]}"
702,30.85121344584061,0.40194502694356715,-0.128903191423245,-0.18641625797753786,0.0,0.0,0.0,0.0,0.0,0.0,1.0,13.008412393388937,80.04477796492027,"{""type"":""MultiPoint"",""coordinates"":[]}"
703,28.65632764571431,0.17525186898680417,4.688824036092653E-5,-0.06283173564381923,0.0,0.0,0.0,0.0,0.0,0.0,1.0,12.836885993602632,80.30385749374545,"{""type"":""MultiPoint"",""coordinates"":[]}"
704,45.052539190240985,-0.2773599839248292,-0.008929094579787866,0.25110266112565344,0.0,0.7918340026773761,0.0,0.0,0.0,0.20816599732262384,0.0,13.09314936371812,80.16549755184424,"{""type"":""MultiPoint"",""coordinates"":[]}"
705,35.29642814720807,-0.5769526605449673,-0.06811043140858039,0.6805088433471991,0.0,0.0,0.0,0.0,0.0,1.0,0.0,12.652188067978896,79.97691149797342,"{""type"":""MultiPoint"",""coordinates"":[]}"
706,39.181585092821756,-0.39768154807084083,-0.022555309477757406,0.4134123209121007,0.0,0.9323056300268098,0.0,0.0,0.0,0.06769436997319037,0.0,12.858416129769605,80.05412401809528,"{""type"":""MultiPoint"",""coordinates"":[]}"
707,45.82267586826059,-0.4712011769951509,0.1454380661817754,0.21887001463176645,0.0,0.0,0.9610476830087306,0.038952316991269303,0.0,0.0,0.0,12.762195529336386,80.02696541987365,"{""type"":""MultiPoint"",""coordinates"":[]}"
708,36.58149601147729,-0.5234577477418683,-0.14458303639891382,0.6832289800362583,0.0,0.0,0.15842245989304815,0.0,0.0,0.8415775401069518,0.0,13.186762063330544,79.95170528574727,"{""type"":""MultiPoint"",""coordinates"":[]}"
709,42.544211789202976,-0.6027488744941615,0.17027421884627145,0.40276682499990407,0.0,0.0,0.0,0.15137307434695246,0.8486269256530478,0.0,0.0,13.007781237133303,79.96302311433148,"{""type"":""MultiPoint"",""coordinates"":[]}"
710,28.4754873660255,0.1634804947512978,0.010693071518904028,-0.07191339504610994,0.0,0.0,0.0,0.0,0.0,0.0,1.0,12.759919585342148,80.30814512728584,"{""type"":""MultiPoint"",""coordinates"":[]}"
711,39.146512255899346,-0.4088723511281559,-0.04040119239743732,0.3989294924620822,0.0,0.0,1.0,0.0,0.0,0.0,0.0,12.697621009530529,80.15007495434261,"{""type"":""MultiPoint"",""coordinates"":[]}"
712,43.294901013623594,-0.2940312078421716,0.11467380222849577,0.11755118409340796,0.0,1.0,0.0,0.0,0.0,0.0,0.0,13.018503069642069,80.2197622331892,"{""type"":""MultiPoint"",""coordinates"":[]}"
713,46.17867306828977,-0.5270198086787412,0.19525320785610148,0.27170329418412587,0.0,0.0,0.9295774647887324,0.07042253521126761,0.0,0.0,0.0,12.951976537069521,80.02292186593218,"{""type"":""MultiPoint"",""coordinates"":[]}"
714,34.832118969497,-0.46863653418805806,-0.130474067719463,0.5884488056449312,0.0,0.0,0.5191146881287726,0.0,0.0,0.4808853118712274,0.0,12.63157002844252,79.9700764826132,"{""type"":""MultiPoint"",""coordinates"":[]}"
715,29.03151405550337,0.3092880022176078,-0.021235240305853144,-0.08623813993406707,0.0,0.0,0.0,0.0,0.0,0.0,1.0,12.648109452909331,80.21846007468916,"{""type"":""MultiPoint"",""coordinates"":[]}"
716,38.699782824527176,-0.43879207144379867,-0.032460015907782705,0.4469484756535581,0.0,0.24413145539906106,0.41113346747149565,0.014755197853789403,0.0,0.329979879275654,0.0,12.707859235534226,79.90974416337552,"{""type"":""MultiPoint"",""coordinates"":[]}"
717,40.78894931548196,-0.4466016232797529,0.04374211164212185,0.36675479092473134,0.0,0.30120481927710846,0.0,0.0,0.0,0.6987951807228916,0.0,13.199501868922486,80.1312700267723,"{""type"":""MultiPoint"",""coordinates"":[]}"
718,33.07107596482576,0.3581595960277859,0.1793145325848922,-0.41682306214420806,0.0,0.0,0.0,0.09316353887399466,0.0,0.0,0.0,12.663284025023417,80.13966164391745,"{""type"":""MultiPoint"",""coordinates"":[]}"
719,39.04211323070424,-0.48758894316397994,0.1365961882811738,0.3438021402427408,0.0,0.0,0.0,0.0,0.0,1.0,0.0,12.951029264383314,80.07201718670773,"{""type"":""MultiPoint"",""coordinates"":[]}"
720,40.093863833975924,-0.399713968391019,-0.020267640293053526,0.40354221100379273,0.0,0.7489959839357431,0.0,0.0,0.0,0.25100401606425704,0.0,13.113326559136711,80.02849203703357,"{""type"":""MultiPoint"",""coordinates"":[]}"
721,28.464724814989967,0.16326614359646233,0.01670730666897609,-0.06259374580416845,0.0,0.0,0.0,0.0,0.0,0.0,1.0,12.750237491428004,80.28722989519032,"{""type"":""MultiPoint"",""coordinates"":[]}"
722,39.34282703748996,-0.4762569009007424,0.03191432014844192,0.41742555153548155,0.0,0.06375838926174497,0.936241610738255,0.0,0.0,0.0,0.0,12.820461653234494,80.0708149692473,"{""type"":""MultiPoint"",""coordinates"":[]}"
723,31.009749851136384,0.39650517767618826,-0.11581436436914729,-0.1749896385417813,0.0,0.0,0.0,0.0,0.0,0.0,1.0,13.153277697974028,80.18341347933779,"{""type"":""MultiPoint"",""coordinates"":[]}"
724,44.57971194632531,-0.4122892279286249,0.14486938032033778,0.1920391174464559,0.014056224899598391,0.0,0.0,0.7108433734939759,0.2751004016064257,0.0,0.0,12.942444958158774,79.90609778993878,"{""type"":""MultiPoint"",""coordinates"":[]}"
725,29.637500413650397,0.3143084243799884,0.09145685575967082,-0.19713898905628016,0.0,0.0,0.0,0.0,0.0,0.0,1.0,12.91674596233027,80.25973023196856,"{""type"":""MultiPoint"",""coordinates"":[]}"
726,41.200755107571915,-0.3433125321990534,0.15916018617466499,0.13707964849617946,0.19665551839464882,0.0,0.337123745819398,0.46622073578595324,0.0,0.0,0.0,13.074834343629933,79.98985517397874,"{""type"":""MultiPoint"",""coordinates"":[]}"
727,28.451004314204567,0.21928588930344067,-0.0314360879338644,-0.06655631791912028,0.0,0.0,0.0,0.0,0.0,0.0,1.0,12.947821009021247,80.28835823773441,"{""type"":""MultiPoint"",""coordinates"":[]}"
728,44.17699236679196,-0.503033991481205,0.1332365036338446,0.28509626381061304,0.0,0.12281879194630871,0.5073825503355703,0.23825503355704694,0.13154362416107382,0.0,0.0,12.622597035932548,80.01227104538006,"{""type"":""MultiPoint"",""coordinates"":[]}"
729,28.65046359798795,0.16593815296602207,0.0241094294728986,-0.06730679897280421,0.0,0.0,0.0,0.0,0.0,0.0,1.0,12.815769936642992,80.28667268125473,"{""type"":""MultiPoint"",""coordinates"":[]}"
730,43.42163188492961,-0.287304166836184,0.10698057635132444,0.1304314424552187,0.0,0.9651240778001341,0.034875922199865864,0.0,0.0,0.0,0.0,12.920043727569228,80.11111748924321,"{""type"":""MultiPoint"",""coordinates"":[]}"
731,37.87049657070472,-0.4951820082382269,-0.057863641696128114,0.5612009095094593,0.0,0.0,0.783221476510067,0.21677852348993285,0.0,0.0,0.0,12.697507046780443,80.0008698646911,"{""type"":""MultiPoint"",""coordinates"":[]}"
732,28.70071128777482,0.18098697798889724,0.01610107421318265,-0.06734085217652246,0.0,0.0,0.0,0.0,0.0,0.0,1.0,12.794653428471317,80.28636246116737,"{""type"":""MultiPoint"",""coordinates"":[]}"
733,40.84805768187124,-0.46183459310844743,-0.05864287348266127,0.5170479292223203,0.0,0.0,1.0,0.0,0.0,0.0,0.0,12.612200769719239,80.12121449494028,"{""type"":""MultiPoint"",""coordinates"":[]}"
734,40.96826152734941,-0.5545343164952847,0.010530576892337148,0.5241742583287863,0.0,0.0,0.0,0.0,0.0,1.0,0.0,13.038945973899953,79.93340071373001,"{""type"":""MultiPoint"",""coordinates"":[]}"
735,35.889788086030904,-0.5530246130367727,-0.11547464775629587,0.7023473961564828,0.0,0.0,0.0,0.0,0.0,1.0,0.0,12.88741027225144,80.09413369308811,"{""type"":""MultiPoint"",""coordinates"":[]}"
736,28.53739430601207,0.12402954808966934,0.02669117327826703,-0.0629498983037328,0.0,0.0,0.0,0.0,0.0,0.0,1.0,12.77888616210491,80.3138931312268,"{""type"":""MultiPoint"",""coordinates"":[]}"
737,42.826396948795185,-0.6017546040413094,0.1677158336169489,0.400201123439186,0.0,0.0,0.0,1.0,0.0,0.0,0.0,13.032667173057277,79.97148318208048,"{""type"":""MultiPoint"",""coordinates"":[]}"
738,39.77412474697053,-0.5362782439262702,0.0706637369656249,0.45506760853107975,0.0,0.0,0.39745308310991956,0.0,0.0,0.6025469168900806,0.0,12.957544929816782,80.09547826646062,"{""type"":""MultiPoint"",""coordinates"":[]}"
739,39.796268051971865,-0.4538383688227662,-0.009258413009408415,0.4109346686043426,0.0,0.0,0.8329979879275654,0.16700201207243462,0.0,0.0,0.0,12.657821323758807,79.91869707190158,"{""type"":""MultiPoint"",""coordinates"":[]}"
740,36.34129769102412,-0.38321233993579296,-0.12467134201218702,0.5979318172933773,0.0,0.0,0.0,0.0,0.0,1.0,0.0,13.088692580696488,80.06426430958304,"{""type"":""MultiPoint"",""coordinates"":[]}"
741,41.59873266637461,-0.5619117644858367,0.06934061713639832,0.4970002536441344,0.0,0.0,0.3016722408026756,0.3277591973244148,0.17324414715719064,0.1973244147157191,0.0,13.099896069335822,80.00381327261124,"{""type"":""MultiPoint"",""coordinates"":[]}"
742,40.74643350953022,-0.46759237274686677,0.015613499952226441,0.40966311227383867,0.0,0.22885906040268456,0.0,0.0,0.0,0.7711409395973153,0.0,12.71307305142831,79.90762940806549,"{""type"":""MultiPoint"",""coordinates"":[]}"
743,38.92645281939049,-0.4509122446518579,-0.182411943396688,0.6208074136904758,0.0,0.0,0.843268586738111,0.0,0.07903549899531145,0.07769591426657735,0.0,13.158071503577638,79.92664820534203,"{""type"":""MultiPoint"",""coordinates"":[]}"
744,42.00090356036218,-0.38736607031594356,0.07225666786418214,0.25932380050098564,0.0,0.6076458752515089,0.2655935613682092,0.0,0.0,0.1267605633802817,0.0,12.831118113671,80.04323633247273,"{""type"":""MultiPoint"",""coordinates"":[]}"
745,42.081774922233414,-0.459165606348931,9.719173767756952E-4,0.41648712671650606,0.0,0.23474178403755866,0.0,0.0,0.0,0.7652582159624413,0.0,12.883303902096182,79.93252624158924,"{""type"":""MultiPoint"",""coordinates"":[]}"
746,40.991370733811145,-0.4121655039530528,-0.012944105897369034,0.3968856267047865,0.0,0.0,0.14132618888144674,0.046215673141326186,0.0,0.8124581379772271,0.0,13.177719309378118,80.23597467336778,"{""type"":""MultiPoint"",""coordinates"":[]}"
747,34.956368925231416,-0.46577199771413297,-0.23257342303663708,0.6977124893960727,0.0,0.0,0.028169014084507043,0.0,0.0,0.9718309859154931,0.0,12.926335140950995,79.95359864669167,"{""type"":""MultiPoint"",""coordinates"":[]}"
748,28.401035250503032,0.20235011044490858,0.008100365337789812,-0.07077793343384939,0.0,0.0,0.0,0.0,0.0,0.0,1.0,12.808099650968177,80.28994101822992,"{""type"":""MultiPoint"",""coordinates"":[]}"
749,40.679716219658424,-0.3360223677103747,0.0547340639472297,0.23199255738680327,0.0,0.9310113864701942,0.0,0.0,0.0,0.06898861352980576,0.0,13.053503908502067,80.10631233435,"{""type"":""MultiPoint"",""coordinates"":[]}"
750,28.684636055643463,0.21097945323206233,0.019555975029477906,-0.06946346189339275,0.0,0.0,0.0,0.0,0.0,0.0,1.0,12.70813952317594,80.2649885511172,"{""type"":""MultiPoint"",""coordinates"":[]}"
751,43.36975633843271,-0.32014395999529466,0.09729029477429743,0.15489378390608688,0.0,0.8345612860013396,0.0,0.0,0.0,0.16543871399866042,0.0,13.13172340426367,80.23602125858226,"{""type"":""MultiPoint"",""coordinates"":[]}"
752,37.48074329008046,-0.3890965093254655,-0.0651618672972379,0.46703804424182643,0.0,0.013404825737265416,0.012734584450402145,0.07707774798927615,0.0,0.8967828418230563,0.0,12.946452498414061,80.03420195520985,"{""type"":""MultiPoint"",""coordinates"":[]}"
753,29.20080886712661,0.2655662226522741,-0.04442676612526946,-0.06785903050974179,0.0,0.0,0.0,0.0,0.0,0.0,1.0,12.816050417679916,80.26913895219343,"{""type"":""MultiPoint"",""coordinates"":[]}"
754,28.610172492826536,0.19839233608131776,-0.012217750444758577,-0.05973931726907502,0.0,0.0,0.0,0.0,0.0,0.0,1.0,12.864274593315297,80.28206084462485,"{""type"":""MultiPoint"",""coordinates"":[]}"
755,41.330385433509704,-0.2905980199993999,0.11874835983336876,0.11080208699461523,0.0,0.9638312123241797,0.0,0.0,0.0,0.03616878767582049,0.0,13.04208188428162,80.17887656332374,"{""type"":""MultiPoint"",""coordinates"":[]}"
756,29.03959686991277,0.335864013699601,-0.04801775403455851,-0.08579429326516443,0.0,0.0,0.0,0.0,0.0,0.0,1.0,12.606928625964978,80.21353173173588,"{""type"":""MultiPoint"",""coordinates"":[]}"
757,47.074028089879384,-0.5237660477131043,0.21554438947056154,0.20119662471352134,0.0,0.0,0.2995978552278821,0.700402144772118,0.0,0.0,0.0,12.9806234154908,80.02822092432815,"{""type"":""MultiPoint"",""coordinates"":[]}"
758,28.9554069081611,0.25792755989207333,-0.03070254946812015,-0.06306121188165337,0.0,0.0,0.0,0.0,0.0,0.0,1.0,12.623152770887803,80.23471429286988,"{""type"":""MultiPoint"",""coordinates"":[]}"
759,42.75362332369901,-0.5986171658221815,0.1573778319095858,0.43212155216827264,0.0,0.0,0.0,0.0,1.0,0.0,0.0,13.127039522183727,79.94822284047096,"{""type"":""MultiPoint"",""coordinates"":[]}"
760,40.60642979870645,-0.6005214794984429,0.0815199023606282,0.5152089504506442,0.0,0.0,0.0,0.44302949061662206,0.38739946380697055,0.1695710455764075,0.0,13.00490701924988,79.9574251181484,"{""type"":""MultiPoint"",""coordinates"":[]}"
761,39.27822777560325,-0.5130319162959569,0.07111441872606213,0.41967430301045505,0.0,0.0,0.5261394101876675,0.4738605898123325,0.0,0.0,0.0,12.911613206844684,80.05463913003277,"{""type"":""MultiPoint"",""coordinates"":[]}"
762,34.97666235734941,-0.516835436246241,-0.13692952690291693,0.7120837070379504,0.0,0.0,0.0,0.0,0.0,1.0,0.0,12.999265795821989,80.22057003662154,"{""type"":""MultiPoint"",""coordinates"":[]}"
763,41.43527148661757,-0.4288786183882275,0.014206066284492355,0.33798675295289676,0.0,1.0,0.0,0.0,0.0,0.0,0.0,12.88190845287917,80.24782451005655,"{""type"":""MultiPoint"",""coordinates"":[]}"
764,41.692984451414226,-0.3701990395010088,0.05680171980974757,0.2785535235606902,0.0,0.685656836461126,0.314343163538874,0.0,0.0,0.0,0.0,12.868202549036313,80.10637618437583,"{""type"":""MultiPoint"",""coordinates"":[]}"
765,28.59088539804029,0.17009494679474318,0.008962010989420528,-0.05292068025969805,0.0,0.0,0.0,0.0,0.0,0.0,1.0,12.867229406750331,80.28666926595777,"{""type"":""MultiPoint"",""coordinates"":[]}"
766,31.929910109303446,0.2723067629412361,-0.020712986656110093,-0.1271143716270741,0.0,0.0,0.0,0.0,0.8961821835231079,0.0,0.0,13.03533782943136,80.06664616014467,"{""type"":""MultiPoint"",""coordinates"":[]}"
767,41.90070705695042,-0.5325350789110247,0.004172107304851006,0.5219483532933223,0.0,0.20241286863270777,0.4363270777479892,0.3612600536193029,0.0,0.0,0.0,12.772266534881835,79.97455613487806,"{""type"":""MultiPoint"",""coordinates"":[]}"
768,45.314702925722905,-0.28268518361031114,0.12278794103394257,0.10434819282659728,0.0,0.8989290495314592,0.0,0.10107095046854084,0.0,0.0,0.0,13.087281741284315,80.16111801616557,"{""type"":""MultiPoint"",""coordinates"":[]}"
769,28.65997490917508,0.23338450387419588,-0.020951074923134607,-0.057882969625736656,0.0,0.0,0.0,0.0,0.0,0.0,1.0,12.744123623639377,80.26765686458533,"{""type"":""MultiPoint"",""coordinates"":[]}"
770,38.87898451869128,-0.48054700970469744,-0.0013117684275920853,0.4513898789653295,0.0,0.0,0.8510067114093959,0.0,0.08456375838926174,0.06442953020134227,0.0,12.70532595046271,79.91208221487378,"{""type"":""MultiPoint"",""coordinates"":[]}"
771,42.12826425843836,-0.4730861775255256,-0.024747619413271093,0.4852251113408923,0.0,0.012064343163538875,0.0,0.0,0.0,0.9879356568364611,0.0,12.723174738767977,80.13636599729396,"{""type"":""MultiPoint"",""coordinates"":[]}"
772,35.452506792756566,-0.4340508732706693,-0.20315602889604953,0.619678775971472,0.0,0.0,0.5942320590207913,0.0,0.0,0.4057679409792086,0.0,12.806224672187401,80.06686010958039,"{""type"":""MultiPoint"",""coordinates"":[]}"
773,43.41760806757373,-0.5121471017683675,0.06519314536798793,0.4023598816089632,0.0,0.6407506702412868,0.04088471849865952,0.0,0.0,0.3183646112600536,0.0,12.94649281089155,79.94119422190886,"{""type"":""MultiPoint"",""coordinates"":[]}"
774,41.56814119378272,-0.5613209136865107,-0.019548508095801224,0.538828537785649,0.0,0.2461435278336687,0.0,0.0,0.0,0.7538564721663314,0.0,12.838948211095328,79.93557122510283,"{""type"":""MultiPoint"",""coordinates"":[]}"
775,28.31829899307849,0.1876435788048904,-0.03632851323699571,-0.039879992383196006,0.0,0.0,0.0,0.0,0.0,0.0,1.0,12.920085713747035,80.3230367209986,"{""type"":""MultiPoint"",""coordinates"":[]}"
776,42.91532107857336,-0.31884268856761105,0.055578096490621565,0.2357817253997344,0.0,1.0,0.0,0.0,0.0,0.0,0.0,12.939928302758927,80.18840788810147,"{""type"":""MultiPoint"",""coordinates"":[]}"
777,41.37602705859734,-0.3422575832453243,0.06212609504972728,0.22842312987518723,0.0,0.9939597315436242,0.0,0.0,0.0,0.0060402684563758404,0.0,12.89458830590211,80.11050775978029,"{""type"":""MultiPoint"",""coordinates"":[]}"
778,28.589763368229388,0.1748533257289946,0.01693783333897041,-0.05369582740101088,0.0,0.0,0.0,0.0,0.0,0.0,1.0,12.732089253037973,80.28181930941925,"{""type"":""MultiPoint"",""coordinates"":[]}"
779,38.63557790920136,-0.462051773098237,-0.029674739053402725,0.4555820992416503,0.0,0.0,1.0,0.0,0.0,0.0,0.0,12.740336842498454,80.1668546063969,"{""type"":""MultiPoint"",""coordinates"":[]}"
780,35.132723053670475,-0.4869033412741166,-0.19893765312797584,0.7128032360758053,0.0,0.0,0.04621567314132619,0.0,0.0,0.9537843268586739,0.0,12.910340927459567,80.0445775059793,"{""type"":""MultiPoint"",""coordinates"":[]}"
781,28.649083552354135,0.19199195225251706,0.00957208318654426,-0.07747504968693264,0.0,0.0,0.0,0.0,0.0,0.0,1.0,12.805730072826362,80.28840975103441,"{""type"":""MultiPoint"",""coordinates"":[]}"
782,38.022660683380316,-0.516751766953242,-0.08436984904766462,0.6196531289577499,0.0,0.0,0.0,0.0,0.0,1.0,0.0,12.821183149276845,80.18449161935582,"{""type"":""MultiPoint"",""coordinates"":[]}"
783,43.4102075370624,-0.5591683573881581,0.13592892923926972,0.3598911230238932,0.0,0.0,0.12407780013413816,0.6586183769282361,0.0,0.21730382293762576,0.0,12.925076575711286,80.01712471905725,"{""type"":""MultiPoint"",""coordinates"":[]}"
784,41.198537618559,-0.4663490179066829,0.11974609163633687,0.28564696146987106,0.0,0.16823056300268097,0.4121983914209115,0.22587131367292226,0.0,0.19369973190348527,0.0,13.152255449669218,79.97385472989097,"{""type"":""MultiPoint"",""coordinates"":[]}"
785,42.52921037528822,-0.6007116899300462,0.10899280580359126,0.48478190324379894,0.0,0.0,0.026139410187667564,0.7432975871313673,0.0,0.23056300268096513,0.0,12.931356719147708,80.03983386472942,"{""type"":""MultiPoint"",""coordinates"":[]}"
786,39.44536800778301,-0.4919111953559748,-0.054050476297705825,0.5463587433751449,0.0,0.0,0.0,0.0,0.041527126590756865,0.9584728734092431,0.0,13.024073636113235,79.95552096658047,"{""type"":""MultiPoint"",""coordinates"":[]}"
787,28.869948594170612,0.13114312525861216,0.018098911718425943,-0.051437012839202524,0.0,0.0,0.0,0.0,0.0,0.0,1.0,12.765904017303978,80.34907508866131,"{""type"":""MultiPoint"",""coordinates"":[]}"
788,39.80175494896992,-0.4280608747556172,0.03858806374282844,0.35173778260352323,0.0,0.3384615384615384,0.5150501672240803,0.0,0.0,0.14648829431438126,0.0,13.151733151420807,80.0223450235657,"{""type"":""MultiPoint"",""coordinates"":[]}"
789,38.24124890808855,-0.5271029409993891,-0.1329353911655089,0.7076023639126505,0.0,0.0,0.0,0.0,0.0,1.0,0.0,12.904984578951922,80.11081482909879,"{""type"":""MultiPoint"",""coordinates"":[]}"
790,28.42355385101878,0.15267432604749234,-0.014034749207190894,-0.04582055272211555,0.0,0.0,0.0,0.0,0.0,0.0,1.0,12.930467859573096,80.33157653673489,"{""type"":""MultiPoint"",""coordinates"":[]}"
791,41.44656927120484,-0.3446628764014275,0.0746683906876964,0.20112608992209494,0.0,1.0,0.0,0.0,0.0,0.0,0.0,12.947298409362466,80.15788094088586,"{""type"":""MultiPoint"",""coordinates"":[]}"
792,44.567622889195725,-0.5473886755594053,0.19228538491722516,0.2244002380487124,0.0,0.0,0.20509383378016083,0.794906166219839,0.0,0.0,0.0,12.764124692407032,80.09891124119586,"{""type"":""MultiPoint"",""coordinates"":[]}"
793,43.44426522566447,-0.5682787038546283,0.09017934425435849,0.4345185092510953,0.0,0.0,0.09932885906040267,0.0,0.0,0.9006711409395973,0.0,12.700588737539475,79.9620447588082,"{""type"":""MultiPoint"",""coordinates"":[]}"
794,28.74204860006026,0.2616311681000837,-0.0017711220341518263,-0.0849258941584723,0.0,0.0,0.0,0.0,0.0,0.0,1.0,13.126606916262968,80.30674345432772,"{""type"":""MultiPoint"",""coordinates"":[]}"
795,28.618043325217705,0.16290054816684713,-0.009105992382857014,-0.054227770000384284,0.0,0.0,0.0,0.0,0.0,0.0,1.0,13.059584952330013,80.33156938731076,"{""type"":""MultiPoint"",""coordinates"":[]}"
796,28.799461400664885,0.21421943654230563,-0.02950777136763441,-0.0630941161596301,0.0,0.0,0.0,0.0,0.0,0.0,1.0,12.642442819635109,80.27451179261024,"{""type"":""MultiPoint"",""coordinates"":[]}"
797,40.82558454442813,-0.418997962676082,0.10101691070698601,0.2721375330009786,0.0,0.5337792642140469,0.0,0.0,0.0,0.46622073578595324,0.0,13.088967049734219,80.09692936723353,"{""type"":""MultiPoint"",""coordinates"":[]}"
798,28.559640777484933,0.14414401257606835,0.017833135885434215,-0.06386483975791822,0.0,0.0,0.0,0.0,0.0,0.0,1.0,12.76886244664474,80.32945470614166,"{""type"":""MultiPoint"",""coordinates"":[]}"
799,38.40370523616879,-0.46452455243714164,0.041507488168376155,0.3977113971513032,0.0,0.0,0.5760214333556596,0.0013395847287340924,0.0,0.4226389819156061,0.0,13.157692184811545,80.03853482626997,"{""type"":""MultiPoint"",""coordinates"":[]}"
800,41.19873099537175,-0.48356410952173234,0.06030335701280295,0.37253353788541776,0.0,0.0,0.07635632953784327,0.0,0.21701272605492297,0.7066309444072338,0.0,13.028390479646601,80.05707137140256,"{""type"":""MultiPoint"",""coordinates"":[]}"
801,38.777680808888164,-0.5075854915620083,0.06347275448571295,0.40091372917318824,0.0,0.07300736771600803,0.0,0.9269926322839919,0.0,0.0,0.0,12.978559966169103,80.24617283594984,"{""type"":""MultiPoint"",""coordinates"":[]}"
802,28.665427499529898,0.18513678463226071,0.013523430040840126,-0.06515142573383402,0.0,0.0,0.0,0.0,0.0,0.0,1.0,12.701631607793699,80.29034590686354,"{""type"":""MultiPoint"",""coordinates"":[]}"
803,40.100879225854,-0.4095943103246723,0.02262169597349254,0.3605198649849389,0.0,0.9323509711989283,0.0,0.0,0.0,0.06764902880107167,0.0,13.153402242646276,80.10026716352354,"{""type"":""MultiPoint"",""coordinates"":[]}"
804,42.228077507322176,-0.5633206207373332,0.07251851718678543,0.4515658130810084,0.0,0.0,0.8798657718120805,0.06778523489932886,0.0,0.05234899328859061,0.0,12.716119372196854,80.1320300431181,"{""type"":""MultiPoint"",""coordinates"":[]}"
805,39.99017591263408,-0.523624924601898,0.13464436346472544,0.4058847475834424,0.0,0.0,0.0,0.0,0.0,1.0,0.0,12.950260833661627,80.0707245128677,"{""type"":""MultiPoint"",""coordinates"":[]}"
806,28.307566824483924,0.14914267717026136,0.014830515461811992,-0.06249954883306038,0.0,0.0,0.0,0.0,0.0,0.0,1.0,12.820470473609582,80.32448646799605,"{""type"":""MultiPoint"",""coordinates"":[]}"
807,45.02568057302078,-0.4394499514140916,0.11099817803538811,0.2529387051754875,0.0,0.0,0.5184192900200938,0.09310113864701942,0.0,0.3884795713328868,0.0,12.985638919142952,79.92861782001202,"{""type"":""MultiPoint"",""coordinates"":[]}"
808,41.22808717517104,-0.4446005010102081,0.039669565075307923,0.3599813429775025,0.0,0.49698189134808857,0.0,0.0,0.0,0.5030181086519114,0.0,12.74086683052522,80.11025836860883,"{""type"":""MultiPoint"",""coordinates"":[]}"
809,42.77680083870734,-0.5952378511770742,0.23780877093267005,0.3149384691530601,0.0,0.0,0.1942397856664434,0.10984594775619558,0.695914266577361,0.0,0.0,12.955653677809797,79.96641693129926,"{""type"":""MultiPoint"",""coordinates"":[]}"
810,44.974441666496666,-0.418534739286263,0.0826287145946227,0.3031561542194726,0.01476510067114094,0.9852348993288591,0.0,0.0,0.0,0.0,0.0,12.612395765480981,80.19072968051734,"{""type"":""MultiPoint"",""coordinates"":[]}"
811,30.67727903894174,0.38331959041578223,-0.15824008745116644,-0.13679520849900917,0.0,0.0,0.0,0.0,0.0,0.0,1.0,13.001606344709776,80.04821586843282,"{""type"":""MultiPoint"",""coordinates"":[]}"
812,36.44835577804961,-0.486212284657156,-0.04635537428695227,0.57338707566348,0.0,0.0,0.0,0.0,0.0,1.0,0.0,12.974457769129828,80.07208778958743,"{""type"":""MultiPoint"",""coordinates"":[]}"
813,41.65672583447494,-0.5324322159309393,0.157547502353286,0.3161839341733306,0.0,0.0,0.05752508361204014,0.682943143812709,0.2595317725752509,0.0,0.0,13.164661231483025,80.08124897311819,"{""type"":""MultiPoint"",""coordinates"":[]}"
814,42.37390373440054,-0.451357220359109,0.08421671528195435,0.3397648621328787,0.0,0.0,0.014735432016075016,0.26121902210314796,0.0013395847287340924,0.7227059611520428,0.0,12.812332768003797,79.99935193221134,"{""type"":""MultiPoint"",""coordinates"":[]}"
815,37.4422265566801,-0.46470004910530477,-0.14466023162548758,0.5935128613383391,0.0,0.0,0.3521126760563381,0.19181757209926226,0.0,0.45606975184439974,0.0,12.663900061008471,80.04823224990997,"{""type"":""MultiPoint"",""coordinates"":[]}"
816,45.8861146867428,-0.5590349201407312,0.18578289752556876,0.29605042367419754,0.0,0.0,0.0,0.8482202820685024,0.15177971793149764,0.0,0.0,12.818252851821132,79.93665824862366,"{""type"":""MultiPoint"",""coordinates"":[]}"
817,41.532092934208066,-0.4810965082048765,0.03639173674127084,0.3768188446129753,0.0,0.0,0.4395973154362416,0.3422818791946309,0.0,0.2181208053691275,0.0,12.763311371127958,79.93886629281351,"{""type"":""MultiPoint"",""coordinates"":[]}"
818,38.11624642156628,-0.44112314916609424,-0.17370312796694434,0.6495542191198999,0.0,0.0,1.0,0.0,0.0,0.0,0.0,13.026083301404853,80.1186863347711,"{""type"":""MultiPoint"",""coordinates"":[]}"
819,41.84453645604824,-0.31883657516069275,0.07603771644908337,0.1927163960629119,0.0,1.0,0.0,0.0,0.0,0.0,0.0,13.053929571546053,80.20810626098864,"{""type"":""MultiPoint"",""coordinates"":[]}"
820,41.05410055818915,-0.569258578238256,0.11076943699614612,0.4814842826572018,0.0,0.0,0.0,0.6753856472166331,0.0,0.3246143527833668,0.0,12.800298899344103,80.13026977961232,"{""type"":""MultiPoint"",""coordinates"":[]}"
821,38.11356252518124,-0.5521390926091552,-0.12546680300275104,0.6602990192535919,0.0,0.0,0.020805369127516776,0.0,0.0,0.979194630872483,0.0,12.653082520835827,79.9972949484072,"{""type"":""MultiPoint"",""coordinates"":[]}"
822,41.05356554626175,-0.46253078143155685,-0.021687767398791608,0.4547211718995735,0.0,0.0,0.9315436241610737,0.0,0.0,0.06845637583892618,0.0,12.660196475064998,80.05348584552024,"{""type"":""MultiPoint"",""coordinates"":[]}"
823,40.662046910643014,-0.33310229411373393,0.12225887806208656,0.15376863109961647,0.0,1.0,0.0,0.0,0.0,0.0,0.0,13.0191492664104,80.16352880224824,"{""type"":""MultiPoint"",""coordinates"":[]}"
824,28.92143280726359,0.07259452369056607,0.048656161330470134,-0.04161590541978136,0.0,0.0,0.0,0.0,0.0,0.0,1.0,12.689874294468948,80.34613109694274,"{""type"":""MultiPoint"",""coordinates"":[]}"
825,41.21990727461747,-0.4245242015175946,0.04641949829011559,0.30191107540867673,0.0,0.0,0.8469798657718121,0.15302013422818792,0.0,0.0,0.0,12.640878292358824,80.12296412055547,"{""type"":""MultiPoint"",""coordinates"":[]}"
826,38.75635094090545,-0.37455361000323345,-0.15229148952891267,0.5588142475751074,0.0,0.0,0.0,0.3152246814218645,0.0,0.0,0.0,12.791141064734404,80.22879266754563,"{""type"":""MultiPoint"",""coordinates"":[]}"
827,38.857488900060254,-0.2509779933957996,0.1315396304409347,0.06860103233056117,0.0,1.0,0.0,0.0,0.0,0.0,0.0,13.125911721989613,80.19281993117436,"{""type"":""MultiPoint"",""coordinates"":[]}"
828,41.8026629852314,-0.42772553356603904,0.10671069459812421,0.29488546679551086,0.0,1.0,0.0,0.0,0.0,0.0,0.0,12.895421859943369,80.16809072399286,"{""type"":""MultiPoint"",""coordinates"":[]}"
829,35.5792450987952,-0.1544354939445591,0.019164826268139645,0.22426297329182399,0.0,0.0,0.0,0.0,0.853413654618474,0.09906291834002677,0.04752342704149934,12.910510179808059,79.97038334111849,"{""type"":""MultiPoint"",""coordinates"":[]}"
830,43.71150853326409,-0.4897754230548222,0.1256192793856212,0.2854638397608563,0.0,0.0,1.0,0.0,0.0,0.0,0.0,12.894212856492421,79.95412525692736,"{""type"":""MultiPoint"",""coordinates"":[]}"
831,37.29417143060243,-0.5090245077547563,-0.13584412513497246,0.6750824954413129,0.0,0.0,0.0,0.0,0.0,1.0,0.0,13.000426215579024,80.13897672697567,"{""type"":""MultiPoint"",""coordinates"":[]}"
832,36.67458419639841,-0.5130441792080404,-0.06520181342609578,0.6211879477617325,0.0,0.0,0.09456740442655935,0.6042924211938295,0.0,0.301140174379611,0.0,12.65369479339269,80.02096066708245,"{""type"":""MultiPoint"",""coordinates"":[]}"
833,41.91109740698798,-0.36459061208719823,0.007962373722687892,0.34283137847528433,0.0,0.5421686746987951,0.11646586345381527,0.0,0.0,0.3413654618473896,0.0,13.151950941116546,80.06364904310941,"{""type"":""MultiPoint"",""coordinates"":[]}"
834,39.3617813534923,-0.4113804324880925,-0.007185294965859061,0.3788402184711919,0.0,0.0,0.9670920080591002,0.0,0.0,0.03290799194089994,0.0,12.727481695615344,80.0956670159861,"{""type"":""MultiPoint"",""coordinates"":[]}"
835,34.707145441395994,0.22739284214591832,-0.11242226221329348,-0.09186943072958381,0.0,0.0,0.0,0.04765100671140939,0.0,0.02214765100671141,0.9302013422818791,12.76784048970234,80.25066813308206,"{""type"":""MultiPoint"",""coordinates"":[]}"
836,28.75945907924935,0.09541113988756228,0.016121159010938607,-0.029866145161806055,0.0,0.0,0.0,0.0,0.0,0.0,1.0,12.632311926789749,80.33356010609324,"{""type"":""MultiPoint"",""coordinates"":[]}"
837,28.57906803377349,0.17818877200059788,0.012654305259701067,-0.046224007297918,0.0,0.0,0.0,0.0,0.0,0.0,1.0,12.75204509194783,80.2852286179369,"{""type"":""MultiPoint"",""coordinates"":[]}"
838,39.371354118373496,-0.4174343490439537,-0.0016775621068995227,0.40863411959365775,0.0,1.0,0.0,0.0,0.0,0.0,0.0,12.945358446872214,80.25217522432564,"{""type"":""MultiPoint"",""coordinates"":[]}"
839,40.07270093573059,-0.48204175717189884,0.03190929178526053,0.41798133658090275,0.0,0.2124664879356568,0.0,0.0,0.0,0.7875335120643431,0.0,12.701840951739179,80.09290888130461,"{""type"":""MultiPoint"",""coordinates"":[]}"
840,39.18710296387922,-0.45302973149788356,-0.18693819022356392,0.6669942795358925,0.0,0.0,1.0,0.0,0.0,0.0,0.0,12.613345835412872,80.12091985351236,"{""type"":""MultiPoint"",""coordinates"":[]}"
841,28.67037588997324,0.21478559814750786,-0.011180924671479154,-0.06474274199803207,0.0,0.0,0.0,0.0,0.0,0.0,1.0,13.095079388859963,80.31987285839281,"{""type"":""MultiPoint"",""coordinates"":[]}"
842,41.47550018550572,-0.49520912754895324,0.05439737587565575,0.41230474422358104,0.0,0.0,0.12793034159410582,0.0,0.0,0.8720696584058941,0.0,13.128190421062119,79.90424702539022,"{""type"":""MultiPoint"",""coordinates"":[]}"
843,43.490172314698825,-0.32931852934848155,0.10652030078020745,0.1272927603166086,0.3393574297188756,0.0,0.0,0.6091030789825972,0.0,0.05153949129852745,0.0,13.081998777883292,80.03660621057911,"{""type"":""MultiPoint"",""coordinates"":[]}"
844,39.40277245207778,-0.4077201513008882,0.012213316615874482,0.3708368629791356,0.0,0.47453083109919575,0.05697050938337802,0.01675603217158177,0.0,0.4517426273458445,0.0,12.867763199120468,80.06124571800221,"{""type"":""MultiPoint"",""coordinates"":[]}"
845,28.78228317279681,0.13315997978283048,0.02375533939105211,-0.046331065373236474,0.0,0.0,0.0,0.0,0.0,0.0,1.0,12.753217204830921,80.34982585656896,"{""type"":""MultiPoint"",""coordinates"":[]}"
846,33.6146517094307,0.30507462783867706,-0.4113975684157941,0.27376530345901545,0.0,0.0,0.0,0.0,0.0,0.0,1.0,12.778211121835348,80.23383185540047,"{""type"":""MultiPoint"",""coordinates"":[]}"
847,36.51987007716299,-0.02551897766335948,-0.14110378558690834,0.291477927929162,0.0,0.002012072434607646,0.8443997317236754,0.0,0.0,0.10261569416498995,0.0,12.92961994649607,80.10849687063458,"{""type"":""MultiPoint"",""coordinates"":[]}"
848,40.58183128010725,-0.3441360076097692,0.04688002276506888,0.24392765408418263,0.0,0.46514745308310984,0.0,0.0,0.0,0.53485254691689,0.0,13.010365815844262,80.14466163428214,"{""type"":""MultiPoint"",""coordinates"":[]}"
849,28.392368452891592,0.10920233233098095,-0.0025682834859647287,-0.028182190786700475,0.0,0.0,0.0,0.0,0.0,0.0,1.0,12.903926905890232,80.33972215328285,"{""type"":""MultiPoint"",""coordinates"":[]}"
850,39.54974204638557,-0.4301330648566033,-0.07039004481820971,0.5106107569039022,0.0,0.0,0.7777777777777778,0.0,0.0,0.22222222222222218,0.0,13.197588116428083,80.1152692348483,"{""type"":""MultiPoint"",""coordinates"":[]}"
851,44.245194482644315,-0.4270103072361728,0.15322884098551684,0.23280575374436385,0.4959731543624161,0.0,0.17046979865771814,0.3335570469798658,0.0,0.0,0.0,12.858693157792239,79.91126358501172,"{""type"":""MultiPoint"",""coordinates"":[]}"
852,44.03622557971833,-0.35031693160387295,0.15518683351647408,0.09280701990484992,0.0,1.0,0.0,0.0,0.0,0.0,0.0,13.07020105866699,80.19440553396895,"{""type"":""MultiPoint"",""coordinates"":[]}"
853,39.33129936206023,-0.37087086004199404,-0.20275435020738863,0.5708596243696569,0.0,0.0,1.0,0.0,0.0,0.0,0.0,13.08025898941789,80.05885978770463,"{""type"":""MultiPoint"",""coordinates"":[]}"
854,28.236822744986615,0.12358015987883066,0.010808902455717868,-0.055581168233309594,0.0,0.0,0.0,0.0,0.0,0.0,1.0,12.966129333525098,80.33493082390909,"{""type"":""MultiPoint"",""coordinates"":[]}"
855,35.77664612110593,0.21437517557414526,-0.17867845727258314,0.1632261110847378,0.0,0.0,0.0,0.08176943699731903,0.0,0.0,0.9182305630026809,12.870896953862147,79.98187223603794,"{""type"":""MultiPoint"",""coordinates"":[]}"
856,36.63413877261572,-0.5656996431242453,-0.08646788513200465,0.6739395809014703,0.0,0.0,0.0,0.0,0.0,1.0,0.0,12.774359087616327,80.04442884501785,"{""type"":""MultiPoint"",""coordinates"":[]}"
857,43.126304334906195,-0.5078611616865418,0.10878560330244538,0.3494671319671199,0.0,0.0,0.2158176943699732,0.7841823056300268,0.0,0.0,0.0,12.856080804727764,80.21014417702756,"{""type"":""MultiPoint"",""coordinates"":[]}"
858,29.850297711447737,0.3656060189005096,0.07709382198976727,-0.2079003466880724,0.0,0.0,0.0,0.0,0.0,0.0,1.0,12.681258494805236,80.22313077799286,"{""type"":""MultiPoint"",""coordinates"":[]}"
859,28.232016541996018,0.18129848375091628,-0.024928623539257268,-0.057320261155685774,0.0,0.0,0.0,0.0,0.0,0.0,1.0,13.043656809906322,80.32973921795987,"{""type"":""MultiPoint"",""coordinates"":[]}"
860,43.21358510446084,-0.28123467012781217,0.08203359639882098,0.14637400588494773,0.0,0.9584728734092433,0.0,0.0,0.0,0.041527126590756865,0.0,13.135702747439938,80.19915364212989,"{""type"":""MultiPoint"",""coordinates"":[]}"
861,36.20699441014096,-0.10559135129680583,-0.05543911912346357,0.24468107673695494,0.0,0.0,0.0,0.8530201342281879,0.0,0.14697986577181205,0.0,12.64210400545548,80.14657415136877,"{""type"":""MultiPoint"",""coordinates"":[]}"
862,28.541182306058996,0.10507093148310005,0.03845445929261554,-0.05261756736532978,0.0,0.0,0.0,0.0,0.0,0.0,1.0,12.782858174969254,80.3355833327018,"{""type"":""MultiPoint"",""coordinates"":[]}"
863,39.21636815377259,-0.534428903263042,0.036597095831774167,0.4900219038383669,0.0,0.0,0.29096989966555187,0.09030100334448161,0.0,0.6187290969899666,0.0,12.991583125937103,79.97399003151646,"{""type"":""MultiPoint"",""coordinates"":[]}"
864,39.74058133669803,-0.2644725290713453,0.10841410983240715,0.08117871048156275,0.18791946308724836,0.8120805369127517,0.0,0.0,0.0,0.0,0.0,12.90247406824099,80.09547105173408,"{""type"":""MultiPoint"",""coordinates"":[]}"
865,28.5001337821591,0.20977930922279517,-0.017704692121789295,-0.0579646663680006,0.0,0.0,0.0,0.0,0.0,0.0,1.0,13.140946276175374,80.33112387250767,"{""type"":""MultiPoint"",""coordinates"":[]}"
866,42.05700216536243,-0.39273209142573495,0.0356696767332055,0.30861032993208926,0.0,0.3161073825503356,0.538255033557047,0.0,0.0,0.14563758389261747,0.0,12.767812548764132,80.01358046269955,"{""type"":""MultiPoint"",""coordinates"":[]}"
867,41.008079499570485,-0.300242726519312,0.04820146356822415,0.19982152717278262,0.0,0.9604026845637583,0.0,0.0,0.0,0.03959731543624161,0.0,12.662019353978101,80.00077952344343,"{""type"":""MultiPoint"",""coordinates"":[]}"
868,28.705695313456392,0.21472910108469764,-0.03421232081319857,-0.06980185896301654,0.0,0.0,0.0,0.0,0.0,0.0,1.0,12.637279071912642,80.30084843301685,"{""type"":""MultiPoint"",""coordinates"":[]}"
869,34.86256363349399,-0.4151733652148355,-0.27226224202234117,0.7082122672310249,0.0,0.0,1.0,0.0,0.0,0.0,0.0,12.940982219007914,79.98195647282995,"{""type"":""MultiPoint"",""coordinates"":[]}"
870,39.81845927469881,-0.36375430339047504,-0.015192905359292193,0.35658798819830784,0.0,0.35943775100401604,0.08768406961178044,0.20348058902275767,0.050200803212851405,0.2991967871485943,0.0,12.966987313622116,79.97708281517268,"{""type"":""MultiPoint"",""coordinates"":[]}"
871,41.36786887915324,-0.367411435095847,0.0656239265519923,0.2530474225143522,0.0,1.0,0.0,0.0,0.0,0.0,0.0,12.621857044978928,80.19336053646985,"{""type"":""MultiPoint"",""coordinates"":[]}"
872,32.72125779116703,0.4865182115765347,0.1646330394230252,-0.47332709801005257,0.0,0.0,0.0,0.028839704896042928,0.0,0.0,0.96579476861167,12.72907030904731,80.16075895557167,"{""type"":""MultiPoint"",""coordinates"":[]}"
873,43.380710943724054,-0.32198679904019323,0.10875561550783944,0.1253266996132548,0.7340924313462827,0.0,0.023442732752846623,0.1748158070997991,0.0,0.06764902880107167,0.0,13.170149590634878,80.01314557366528,"{""type"":""MultiPoint"",""coordinates"":[]}"
874,36.340748856849885,-0.25914687334247244,-0.20490021122442448,0.5471623345199376,0.0,0.0,0.432975871313673,0.5596514745308311,0.0,0.007372654155495979,0.0,12.854004310617293,80.08214173426454,"{""type"":""MultiPoint"",""coordinates"":[]}"
875,28.73441767181273,0.2454088907455264,-0.03408130872911586,-0.07074325984421596,0.0,0.0,0.0,0.0,0.0,0.0,1.0,13.029377135414308,80.29005917244405,"{""type"":""MultiPoint"",""coordinates"":[]}"
876,42.229107105120505,-0.5694279063057276,0.12790098632673982,0.4039582760365372,0.0,0.0,0.0,0.0,0.6325301204819277,0.36746987951807236,0.0,13.029629155773168,79.92521829064066,"{""type"":""MultiPoint"",""coordinates"":[]}"
877,28.311525496441043,0.1931323748860254,-0.00426147442137603,-0.06467248852060603,0.0,0.0,0.0,0.0,0.0,0.0,1.0,12.95431153298079,80.28550450380109,"{""type"":""MultiPoint"",""coordinates"":[]}"
878,28.73776294649903,0.12985562346928106,0.038086939804948754,-0.054555113785499265,0.0,0.0,0.0,0.0,0.0,0.0,1.0,12.773684564474292,80.30642129733387,"{""type"":""MultiPoint"",""coordinates"":[]}"
879,28.873572415927438,0.13635433170078384,0.02014556001548081,-0.045591990452845024,0.0,0.0,0.0,0.0,0.0,0.0,1.0,12.673866106796726,80.31695262668033,"{""type"":""MultiPoint"",""coordinates"":[]}"
880,35.849348835639674,-0.1527221099499228,-0.037818391082071974,0.2662232275168419,0.14266577361018085,0.0,0.0,0.0,0.0,0.4192900200937709,0.43804420629604823,13.16438850735315,80.19356790237853,"{""type"":""MultiPoint"",""coordinates"":[]}"
881,38.10433992450836,-0.40886269972071854,-0.11355374456650333,0.5362375430600472,0.0,0.0,0.854180602006689,0.0,0.0,0.14581939799331103,0.0,13.161791247405542,79.98941559215979,"{""type"":""MultiPoint"",""coordinates"":[]}"
882,41.88073532048162,-0.5554445516358468,0.0488742053083975,0.4987315266774149,0.0,0.0,0.0,0.208695652173913,0.0,0.7913043478260868,0.0,13.071465125600193,79.92296367481747,"{""type"":""MultiPoint"",""coordinates"":[]}"
883,48.32579704879115,-0.43351372008765676,0.1948986355734072,0.1613385145525569,0.0,0.0,0.1477501678979181,0.852249832102082,0.0,0.0,0.0,12.654535490160997,79.90011147681405,"{""type"":""MultiPoint"",""coordinates"":[]}"
884,43.34911607433738,-0.4662429184999503,0.10807539422955205,0.3127895797521903,0.05756358768406962,0.0,0.6318607764390898,0.2998661311914324,0.0,0.010709504685408301,0.0,12.973446038934435,80.02057938395019,"{""type"":""MultiPoint"",""coordinates"":[]}"
885,28.70929205488936,0.26072981246545057,-0.05577237601645794,-0.06763979859342778,0.0,0.0,0.0,0.0,0.0,0.0,1.0,12.840638145178012,80.26265449525606,"{""type"":""MultiPoint"",""coordinates"":[]}"
886,41.897186097675835,-0.44131525966877105,0.04941566957013783,0.33322850166391016,0.0,0.0,0.3308774279973208,0.0,0.0,0.6691225720026791,0.0,13.193318821674179,79.94988232568522,"{""type"":""MultiPoint"",""coordinates"":[]}"
887,41.63029551189553,-0.45450140573725184,0.06645445531643389,0.3661385922220936,0.0,0.0,0.2210314802411253,0.0,0.39852645679839255,0.3804420629604823,0.0,12.988119451068936,79.96457357952563,"{""type"":""MultiPoint"",""coordinates"":[]}"
888,28.35463449639467,0.21463878920917626,-0.03353692641533402,-0.054665953925059275,0.0,0.0,0.0,0.0,0.0,0.0,1.0,13.147819977510746,80.33087038136799,"{""type"":""MultiPoint"",""coordinates"":[]}"
889,28.4473015708434,0.14716193589207285,-0.0015118424027148528,-0.04213028421845847,0.0,0.0,0.0,0.0,0.0,0.0,1.0,12.96686149981353,80.32276031651844,"{""type"":""MultiPoint"",""coordinates"":[]}"
890,36.853374752511776,-0.5018365770672771,-0.0750457993477292,0.5559420977167872,0.0,0.09670920080591001,0.0,0.0,0.0,0.90329079919409,0.0,12.6133564823322,79.99419346173964,"{""type"":""MultiPoint"",""coordinates"":[]}"
891,41.908282324909464,-0.5042488218622257,0.10907495738899729,0.3577383723875103,0.0,0.0,0.9450033534540577,0.05499664654594233,0.0,0.0,0.0,12.850275572223307,80.14968753885834,"{""type"":""MultiPoint"",""coordinates"":[]}"
892,28.48236304101812,0.18349707177740782,-0.0074805112646116655,-0.06789394139516253,0.0,0.0,0.0,0.0,0.0,0.0,1.0,12.995358153862204,80.30575655455618,"{""type"":""MultiPoint"",""coordinates"":[]}"
893,44.25275704837243,-0.48629757625326187,0.1778684317774071,0.2203798359268817,0.0,0.0,0.707300736771601,0.29269926322839923,0.0,0.0,0.0,13.177827741231956,80.10477298227016,"{""type"":""MultiPoint"",""coordinates"":[]}"
894,41.18430251728861,-0.47877772368751903,0.024345887368245132,0.3889093904556731,0.0,0.33154362416107386,0.3644295302013423,6.711409395973155E-4,0.0,0.30335570469798656,0.0,12.845029483131407,80.20518906690974,"{""type"":""MultiPoint"",""coordinates"":[]}"
895,28.56828666698798,0.2064218220877587,-0.01587726557200185,-0.07148510551893289,0.0,0.0,0.0,0.0,0.0,0.0,1.0,13.020018604541633,80.30383533336393,"{""type"":""MultiPoint"",""coordinates"":[]}"
896,44.98008025251009,-0.17375144270204285,0.07170267286905502,0.06581603142556589,0.19194630872483223,0.8080536912751677,0.0,0.0,0.0,0.0,0.0,13.018691100497415,80.1303664173679,"{""type"":""MultiPoint"",""coordinates"":[]}"
897,42.43369298963857,-0.5398212795882366,0.09833867003406016,0.40371018495228833,0.0,0.02677376171352075,0.15060240963855423,0.0,0.1599732262382865,0.6626506024096385,0.0,13.143326861271895,80.07999816137908,"{""type"":""MultiPoint"",""coordinates"":[]}"
898,44.58062931848163,-0.34346808173407256,0.06416835807085026,0.24447821650006143,0.0,0.22943143812709033,0.15785953177257528,0.0,0.0,0.6127090301003344,0.0,13.112626832986571,80.1626211417446,"{""type"":""MultiPoint"",""coordinates"":[]}"
899,37.6748392750974,-0.57345905198554,0.050290678286802934,0.5618240081607594,0.0,0.0,0.0,0.0,0.0,1.0,0.0,12.746772222648124,80.08950942687366,"{""type"":""MultiPoint"",""coordinates"":[]}"
900,28.94992087136244,0.09582919428236343,0.034848571443864614,-0.0424832750947733,0.0,0.0,0.0,0.0,0.0,0.0,1.0,12.863477106965119,80.33585689256321,"{""type"":""MultiPoint"",""coordinates"":[]}"
901,42.757101891704565,-0.44884825525268635,0.10629540966270577,0.23889405200217576,0.0,0.0,0.3790106951871657,0.12232620320855614,0.49866310160427807,0.0,0.0,13.161501068396399,80.09720520441793,"{""type"":""MultiPoint"",""coordinates"":[]}"
902,40.27836287840485,-0.39412102566001217,0.00608187412605899,0.3679590911751332,0.0,0.06300268096514745,0.9296246648793567,0.0,0.0,0.007372654155495979,0.0,12.964922684665943,80.11875273165002,"{""type"":""MultiPoint"",""coordinates"":[]}"
903,35.50327046470826,-0.5518846327134432,-0.08200263605132037,0.6868287480121403,0.0,0.0,0.0,0.0,0.0,1.0,0.0,12.712190419113753,80.03862019398866,"{""type"":""MultiPoint"",""coordinates"":[]}"
904,41.26337348411295,-0.5666050320777979,0.0723530921052751,0.40405698759068004,0.0,0.0,0.0,0.2540322580645161,0.6404569892473118,0.10551075268817206,0.0,12.680767497737076,80.13009236550928,"{""type"":""MultiPoint"",""coordinates"":[]}"
905,37.4554241027163,-0.2932003961460907,-0.08394520038848227,0.3574376199669078,0.0,0.31656606304493623,0.0,0.0,0.0,0.6834339369550636,0.0,12.7980319309996,80.21482068610008,"{""type"":""MultiPoint"",""coordinates"":[]}"
906,40.74685982285333,-0.5026661329590641,0.046985746577964296,0.45078320252840487,0.0,0.0,1.0,0.0,0.0,0.0,0.0,13.164828765110208,79.93363066943415,"{""type"":""MultiPoint"",""coordinates"":[]}"
907,45.74725404307232,-0.2898428583899613,0.06935692888466947,0.1773828663985583,0.0,1.0,0.0,0.0,0.0,0.0,0.0,13.098219464381563,80.20865556672551,"{""type"":""MultiPoint"",""coordinates"":[]}"
908,28.69488868824953,0.11483320753510005,0.004382940642015152,-0.05123367241098434,0.0,0.0,0.0,0.0,0.0,0.0,1.0,12.616616060424278,80.34051761688815,"{""type"":""MultiPoint"",""coordinates"":[]}"
909,33.934538376487964,-0.41611418337405415,-0.30499123806786477,0.7126679728684818,0.0,0.0,1.0,0.0,0.0,0.0,0.0,12.934844846593194,79.96491774957728,"{""type"":""MultiPoint"",""coordinates"":[]}"
910,36.419920234949856,-0.3191994272720355,-0.3055507857869935,0.6655196945614985,0.0,0.0,1.0,0.0,0.0,0.0,0.0,13.154816831639392,80.00838321740689,"{""type"":""MultiPoint"",""coordinates"":[]}"
911,43.63686147677182,-0.33709820157658665,0.120544315619179,0.14597492466508802,0.0,0.2590604026845637,0.734228187919463,0.006711409395973153,0.0,0.0,0.0,12.877431006920993,79.91586701207423,"{""type"":""MultiPoint"",""coordinates"":[]}"
912,38.320354149337376,-0.4105387233461854,-0.1892609135265741,0.6308023105808889,0.0,0.0,0.8995983935742973,0.0,0.0,0.10040160642570284,0.0,13.136642965667066,80.28327941062756,"{""type"":""MultiPoint"",""coordinates"":[]}"
913,28.735149571046296,0.18068513731903924,-0.014174001837672224,-0.05806885892495224,0.0,0.0,0.0,0.0,0.0,0.0,1.0,12.631668644103378,80.28449241518368,"{""type"":""MultiPoint"",""coordinates"":[]}"
914,37.5813154416298,-0.4446554928591868,-0.21336919079513847,0.6195250040493988,0.0,0.0,1.0,0.0,0.0,0.0,0.0,12.707362154990397,80.08641329359637,"{""type"":""MultiPoint"",""coordinates"":[]}"
915,42.352422044446705,-0.3335536383215479,0.07884418388524138,0.21485922370586066,0.0,1.0,0.0,0.0,0.0,0.0,0.0,12.915035497349109,80.15720643351264,"{""type"":""MultiPoint"",""coordinates"":[]}"
916,41.83257446024097,-0.4013668901766507,-0.021028307070082023,0.38423958057504815,0.0,0.5147255689424363,0.0,0.0,0.0,0.48527443105756357,0.0,13.121896816774584,80.14643453314474,"{""type"":""MultiPoint"",""coordinates"":[]}"
917,28.764917980643883,0.1968129746876264,-0.015140756796947394,-0.06426294698674045,0.0,0.0,0.0,0.0,0.0,0.0,1.0,12.744566957554856,80.29036593648783,"{""type"":""MultiPoint"",""coordinates"":[]}"
918,28.944084353621733,0.12822231422144012,-0.007721969616834847,-0.04518916883241822,0.0,0.0,0.0,0.0,0.0,0.0,1.0,12.770234647553268,80.33984619138755,"{""type"":""MultiPoint"",""coordinates"":[]}"
919,42.68633362722893,-0.3814659486855257,0.08567847445748372,0.2549041591889755,0.0,1.0,0.0,0.0,0.0,0.0,0.0,13.11434216534321,80.24415549011216,"{""type"":""MultiPoint"",""coordinates"":[]}"
920,33.36366947313675,0.2614029868747349,-0.034209406077647116,-0.10549910303796771,0.0,0.0,6.702412868632708E-4,0.2593833780160858,0.6554959785522789,0.08445040214477213,0.0,13.021509105980327,79.94337773909331,"{""type"":""MultiPoint"",""coordinates"":[]}"
921,40.222453509705105,-0.4502539794113646,-0.1031511577585628,0.5013174863837034,0.0,0.0,0.8894101876675603,0.0,0.0,0.11058981233243967,0.0,12.606441873530832,80.13840757566769,"{""type"":""MultiPoint"",""coordinates"":[]}"
922,28.634625731161087,0.2204742390313134,-0.007322974336973525,-0.06222489109361624,0.0,0.0,0.0,0.0,0.0,0.0,1.0,12.682770791734816,80.25962321523866,"{""type"":""MultiPoint"",""coordinates"":[]}"
923,41.600066784346104,-0.35862220235801606,0.0735689892284193,0.24492207888864456,0.0,1.0,0.0,0.0,0.0,0.0,0.0,12.884727657076073,80.18934899094077,"{""type"":""MultiPoint"",""coordinates"":[]}"
924,44.66503875009388,-0.5609561196655667,0.1517320739859228,0.31575237731572514,0.0,0.0,0.17091152815013408,0.5268096514745311,0.30227882037533516,0.0,0.0,13.198035981880944,80.09561112170803,"{""type"":""MultiPoint"",""coordinates"":[]}"
925,35.4231999856376,-0.44506874849687,-0.18392306578986187,0.6474944513039308,0.0,0.0,0.7436241610738256,0.0,0.0,0.2563758389261745,0.0,12.696355928361761,79.90787770803401,"{""type"":""MultiPoint"",""coordinates"":[]}"
926,37.398635468744985,-0.46762190219457195,-0.12264645885190845,0.6055683525219182,0.0,0.0,1.0,0.0,0.0,0.0,0.0,12.71737347276318,79.96271766861305,"{""type"":""MultiPoint"",""coordinates"":[]}"
927,28.733322779140952,0.2485076799571682,-0.0011572402595140035,-0.0834791754482587,0.0,0.0,0.0,0.0,0.0,0.0,1.0,12.775619411357113,80.26785828753441,"{""type"":""MultiPoint"",""coordinates"":[]}"
928,28.729976365851222,0.3097931187640818,-0.059664272187022444,-0.088090745839553,0.0,0.0,0.0,0.0,0.0,0.0,1.0,12.7087770054825,80.24227932082475,"{""type"":""MultiPoint"",""coordinates"":[]}"
929,42.65775072057529,-0.28910593428522946,0.06816911457397581,0.1965250505598651,0.0,0.7618729096989966,0.0,0.0,0.0,0.23812709030100335,0.0,13.17124547382719,80.22034575221666,"{""type"":""MultiPoint"",""coordinates"":[]}"
930,42.319343618767626,-0.3158931856969886,0.09749847199448061,0.2045993335036589,0.0,0.8010716677829872,0.0,0.0,0.0,0.19892833221701267,0.0,13.014099616191993,80.22240719459913,"{""type"":""MultiPoint"",""coordinates"":[]}"
931,35.47057984093165,-0.44125352105158133,-0.17659569248411972,0.6620227906500271,0.0,0.0,0.0,0.0,0.0,1.0,0.0,12.682822987530319,79.94102265352069,"{""type"":""MultiPoint"",""coordinates"":[]}"
932,28.646235694467556,0.10623134469956198,0.03126613183886827,-0.042070244294013556,0.0,0.0,0.0,0.0,0.0,0.0,1.0,12.823108184270117,80.34615344807524,"{""type"":""MultiPoint"",""coordinates"":[]}"
933,39.39752629537536,-0.44922135801112806,2.450078338167175E-4,0.40679372383792173,0.0,0.0,0.8203753351206434,0.17962466487935658,0.0,0.0,0.0,13.167029471740154,80.0577536721383,"{""type"":""MultiPoint"",""coordinates"":[]}"
934,34.902934035227275,-0.3802477245752735,-0.2608368456074667,0.6524298262641951,0.0,0.0,0.5421122994652406,0.0,0.0,0.4578877005347593,0.0,13.118645610060893,80.17695985225964,"{""type"":""MultiPoint"",""coordinates"":[]}"
935,40.453286680134255,-0.44054765100239535,-0.09140523737905439,0.5367323509852312,0.0,0.0,0.0,0.06644295302013423,0.0,0.9335570469798657,0.0,12.776619790077625,80.20885692141204,"{""type"":""MultiPoint"",""coordinates"":[]}"
936,28.69486779855423,0.22638621238899256,-0.016736254435355452,-0.06189152406236419,0.0,0.0,0.0,0.0,0.0,0.0,1.0,13.199804336751818,80.3376308355677,"{""type"":""MultiPoint"",""coordinates"":[]}"
937,39.24658266138556,-0.43738738188344617,-0.04003630811676619,0.44090311225775597,0.0,0.37349397590361444,0.0,0.0,0.0,0.6265060240963857,0.0,13.032479970730327,80.24380552666992,"{""type"":""MultiPoint"",""coordinates"":[]}"
938,40.92471766212753,-0.4490502932397683,0.003110067369738846,0.4139363490214777,0.0,0.11275167785234896,0.24429530201342273,0.6429530201342281,0.0,0.0,0.0,12.920440428747645,80.20748517795538,"{""type"":""MultiPoint"",""coordinates"":[]}"
939,45.67309856632532,-0.33903624881528466,0.13082090728840756,0.10464700400919741,0.7195448460508702,0.0,0.12583668005354753,0.1546184738955823,0.0,0.0,0.0,13.071066818373927,80.0462338247766,"{""type"":""MultiPoint"",""coordinates"":[]}"
940,41.25444648141612,-0.5033379751590638,0.05360084390480119,0.4265607709908549,0.0,0.0,0.17114093959731544,0.0,0.0,0.8288590604026845,0.0,12.989076554266639,79.97232913639898,"{""type"":""MultiPoint"",""coordinates"":[]}"
941,43.29295896662652,-0.5387327125018981,0.12771031265649907,0.347982589327883,0.0,0.0,0.8132530120481927,0.18674698795180722,0.0,0.0,0.0,12.891834118571246,80.04800561752236,"{""type"":""MultiPoint"",""coordinates"":[]}"
942,42.236195341722535,-0.4413504050328325,0.10266220435578931,0.28648797775709056,0.0,0.0,0.3646112600536193,0.6353887399463807,0.0,0.0,0.0,12.84829542482325,79.99960714106194,"{""type"":""MultiPoint"",""coordinates"":[]}"
943,43.58125837501341,-0.5656614024607862,0.12210963201890704,0.28784969673948246,0.0,0.0,0.0,1.0,0.0,0.0,0.0,12.677068513320027,80.13636758619879,"{""type"":""MultiPoint"",""coordinates"":[]}"
944,35.22580008185955,-0.3515493608869874,-0.30329151207153654,0.6923445661862262,0.0,0.0,1.0,0.0,0.0,0.0,0.0,13.107663014164189,80.06514036775492,"{""type"":""MultiPoint"",""coordinates"":[]}"
945,39.66709059249834,-0.329722699383907,0.034632362264268086,0.2347352595887488,0.0,0.9484259879437374,0.0,0.0,0.0,0.05157401205626256,0.0,13.08621457230691,80.23094991658233,"{""type"":""MultiPoint"",""coordinates"":[]}"
946,37.88347745291557,-0.5055302030328864,0.010080062291673691,0.48998292108046454,0.0,0.0,0.3297587131367292,0.03887399463806971,0.0,0.631367292225201,0.0,12.628353773965985,79.9652743313833,"{""type"":""MultiPoint"",""coordinates"":[]}"
947,28.61453457306972,0.21999642643492023,-0.016904874782929617,-0.07026516460265958,0.0,0.0,0.0,0.0,0.0,0.0,1.0,13.035498455549368,80.30003408823119,"{""type"":""MultiPoint"",""coordinates"":[]}"
948,36.17152895954546,-0.40802971596321924,-0.1563138615907772,0.6003420869042221,0.0,0.0,1.0,0.0,0.0,0.0,0.0,13.181708919233449,80.15682517990084,"{""type"":""MultiPoint"",""coordinates"":[]}"
949,41.497751989154956,-0.5313048700321691,0.10133601655260398,0.4078547331489179,0.0,0.0,0.1676727028839705,0.8323272971160295,0.0,0.0,0.0,12.854628383867526,80.21396592721449,"{""type"":""MultiPoint"",""coordinates"":[]}"
950,42.37220919376259,-0.5183544585575118,0.05974819675933001,0.4286562685772523,0.0,0.0,0.5036887994634475,0.33802816901408456,0.10261569416498995,0.055667337357478204,0.0,12.824150026647066,80.0593196438851,"{""type"":""MultiPoint"",""coordinates"":[]}"
951,45.56458558265062,-0.4563208975065319,0.16977278310921406,0.2006685380269143,0.17068273092369482,0.0,0.0,0.8293172690763053,0.0,0.0,0.0,12.794175550564955,80.16419954067565,"{""type"":""MultiPoint"",""coordinates"":[]}"
952,40.1752174813003,-0.4922817074790993,0.06280134719211058,0.4243582305547299,0.0,0.4832439678284184,0.0,0.5127345844504022,0.004021447721179626,0.0,0.0,12.841403114712607,79.90153086691875,"{""type"":""MultiPoint"",""coordinates"":[]}"
953,42.74033902957835,-0.608363272665983,0.2332541745745892,0.33347408178524046,0.0,0.0,0.6124497991967872,0.38755020080321284,0.0,0.0,0.0,13.178937001965345,79.98663821641631,"{""type"":""MultiPoint"",""coordinates"":[]}"
954,45.271375976084364,-0.47916165357589396,0.24292462368995646,0.10550465869747067,1.0,0.0,0.0,0.0,0.0,0.0,0.0,13.031349873236941,80.04487313856836,"{""type"":""MultiPoint"",""coordinates"":[]}"
955,39.31894992635816,-0.43444795568422573,-0.07926027631721805,0.5168326452450379,0.0,0.0,1.0,0.0,0.0,0.0,0.0,12.828785459578233,80.0139407410121,"{""type"":""MultiPoint"",""coordinates"":[]}"
956,43.01659780557644,-0.6165747776200161,0.22643053246556916,0.3664522985995968,0.0,0.0,1.0,0.0,0.0,0.0,0.0,12.947432168494801,80.00527368777671,"{""type"":""MultiPoint"",""coordinates"":[]}"
957,42.128975014568,-0.5561414474801165,0.02552254022532905,0.5387586938718274,0.0,0.0,0.0,0.0,0.261219022103148,0.7387809778968519,0.0,13.017688020787196,79.95901154494292,"{""type"":""MultiPoint"",""coordinates"":[]}"
958,40.73950356096386,-0.4641698556218525,0.08519430149762969,0.3037715421102764,0.0,0.0,0.12449799196787147,0.6291834002677376,0.0,0.24631860776439088,0.0,13.109071285689355,80.12786917530364,"{""type"":""MultiPoint"",""coordinates"":[]}"
959,28.669287924768643,0.18866345525349287,-0.011325274603971177,-0.06393344361560961,0.0,0.0,0.0,0.0,0.0,0.0,1.0,12.840669352224378,80.30211389871813,"{""type"":""MultiPoint"",""coordinates"":[]}"
960,39.949566307050965,-0.5363934089281593,0.03391476714077769,0.4681004955433304,0.0,0.0,0.1353887399463807,0.0,0.5214477211796247,0.34316353887399464,0.0,12.798140323216192,80.04782656490276,"{""type"":""MultiPoint"",""coordinates"":[]}"
961,40.244057479053076,-0.5191141715110191,-0.006885048069255301,0.5039233002341039,0.0,0.0,0.5775688381464069,0.16386836803223642,0.0,0.2585627938213566,0.0,12.785075751292645,80.1768663664152,"{""type"":""MultiPoint"",""coordinates"":[]}"
962,33.07762533023506,0.4874736440046577,0.12939889327060491,-0.4488569964784562,0.0,0.0,0.0,0.0,0.0,0.0,1.0,12.728109881908903,80.16212935610605,"{""type"":""MultiPoint"",""coordinates"":[]}"
963,28.972561239409405,0.31619597613195616,-0.05273233390883142,-0.08234711535654074,0.0,0.0,0.0,0.0,0.0,0.0,1.0,12.640932138868541,80.21916257074007,"{""type"":""MultiPoint"",""coordinates"":[]}"
964,40.94446785308983,-0.41190862125968436,-0.03496977585378687,0.45268393121935513,0.0,0.025469168900804293,0.0,0.0,0.0,0.9745308310991957,0.0,12.881079281730681,80.18741540397039,"{""type"":""MultiPoint"",""coordinates"":[]}"
965,40.96951056090911,-0.5004380059091357,0.02710324274541524,0.44403049216018814,0.0,0.01871657754010695,0.41711229946524064,0.0,0.0,0.5641711229946524,0.0,13.077214485372897,79.90062486314673,"{""type"":""MultiPoint"",""coordinates"":[]}"
966,28.58182649805371,0.17790062280797336,0.028873337073230716,-0.06521717999804047,0.0,0.0,0.0,0.0,0.0,0.0,1.0,12.67612369806771,80.26555691224014,"{""type"":""MultiPoint"",""coordinates"":[]}"
967,41.26079046417452,-0.5264673563666231,0.07814823016507179,0.41384283463242805,0.0,0.0,0.17181208053691277,0.08523489932885907,0.0,0.7429530201342281,0.0,12.633755670896395,80.01297773757274,"{""type"":""MultiPoint"",""coordinates"":[]}"
968,37.55640584718312,-0.5593711441018798,-0.06409406228090414,0.6291384773515887,0.0,0.0,0.0,0.0,0.0,1.0,0.0,12.81158845307548,80.10832313922688,"{""type"":""MultiPoint"",""coordinates"":[]}"
969,38.648721043887434,-0.3418348742400243,-0.16264391456895042,0.5918256599146989,0.0,0.0,0.8853887399463807,0.0,0.0,0.1146112600536193,0.0,12.83798178244459,79.97285228327638,"{""type"":""MultiPoint"",""coordinates"":[]}"
970,40.487008715884734,-0.34660735752863714,0.045785264177111124,0.273451647965734,0.0,0.8076407506702412,0.0,0.0,0.0,0.19235924932975873,0.0,12.914717002243126,80.07483935417133,"{""type"":""MultiPoint"",""coordinates"":[]}"
971,40.680622772461554,-0.5171107078727927,0.15235560364540787,0.33474735491484653,0.0,0.0,0.9632107023411369,0.03678929765886288,0.0,0.0,0.0,13.157088013200514,79.94311395195113,"{""type"":""MultiPoint"",""coordinates"":[]}"
972,39.44901954288014,-0.4484006870253478,-0.025006695551534716,0.4591186496570475,0.0,0.27796383121232426,0.08439383791024783,0.0,0.0,0.637642330877428,0.0,12.811257299778546,80.16987444638607,"{""type"":""MultiPoint"",""coordinates"":[]}"
973,40.93732712363943,-0.4564364718132756,0.045286774217157676,0.3556919930779945,0.0,0.0,0.5382037533512064,0.3894101876675604,0.0,0.07238605898123325,0.0,12.78213141858303,79.9281089697502,"{""type"":""MultiPoint"",""coordinates"":[]}"
974,41.51306864377764,-0.3557034789214775,0.04762190144823629,0.28170008013487724,0.0,0.6771600803750837,0.0,0.0,0.0,0.32283991962491626,0.0,12.935326752580558,80.09213216918481,"{""type"":""MultiPoint"",""coordinates"":[]}"
975,41.38989862969839,-0.2834556040964427,0.050651940118138776,0.161544028033039,0.0,1.0,0.0,0.0,0.0,0.0,0.0,13.085510077550284,80.28843470737046,"{""type"":""MultiPoint"",""coordinates"":[]}"
976,42.41974595307436,-0.34683902167399044,0.05147856774041566,0.26735970426852856,0.0,1.0,0.0,0.0,0.0,0.0,0.0,12.909193389749115,80.14447747056208,"{""type"":""MultiPoint"",""coordinates"":[]}"
977,39.9450674219826,-0.34835300585091533,0.012786309229249808,0.3159964939717339,0.0,0.9745478901540522,0.0,0.0,0.0,0.025452109845947757,0.0,13.147913357076412,80.08882485971891,"{""type"":""MultiPoint"",""coordinates"":[]}"
978,37.015029248966464,-0.5610855267293401,-0.0585076313328627,0.62145819548439,0.0,0.0,0.017449664429530203,0.10604026845637585,0.0,0.876510067114094,0.0,12.705821881436176,79.96973828817859,"{""type"":""MultiPoint"",""coordinates"":[]}"
979,41.84563259802678,-0.31243674507587543,0.06048439865087455,0.18579579359457968,0.0,1.0,0.0,0.0,0.0,0.0,0.0,13.095145342143542,80.26141512270517,"{""type"":""MultiPoint"",""coordinates"":[]}"
980,42.70519258732576,-0.39883068055532667,0.04693536428321968,0.3068077742548704,0.0,0.7694369973190349,0.0,0.0,0.0,0.23056300268096513,0.0,12.89360710953576,80.17755851918612,"{""type"":""MultiPoint"",""coordinates"":[]}"
981,39.04499362093962,-0.5176130886736346,-0.0491668125047111,0.5741350626846563,0.0,0.0,0.2060402684563758,0.03825503355704698,0.0,0.7557046979865771,0.0,12.666197483185234,80.06425091070096,"{""type"":""MultiPoint"",""coordinates"":[]}"
982,45.708480991018774,-0.5346746439319626,0.11087859489957873,0.3617359931141614,0.0,0.0,0.7158176943699731,0.2841823056300268,0.0,0.0,0.0,12.649291505247104,80.08504764844311,"{""type"":""MultiPoint"",""coordinates"":[]}"
983,37.687754571749366,-0.5381583401093797,-0.03686372025551927,0.5823446831085568,0.0,0.0,0.42359249329758725,0.0,0.0,0.5764075067024129,0.0,12.780292514746835,79.93089200538765,"{""type"":""MultiPoint"",""coordinates"":[]}"
984,42.460115185859074,-0.4920058156830777,0.0770933893607649,0.3810468866608719,0.0,0.7194630872483222,0.05234899328859061,0.036241610738255034,0.0,0.19194630872483223,0.0,12.64248107405036,79.90977285881917,"{""type"":""MultiPoint"",""coordinates"":[]}"
985,42.0794824054789,-0.3102444435616291,-0.0020619090265180467,0.2823826269050752,0.0,0.8955123911587407,0.0,0.0,0.0,0.10448760884125921,0.0,13.030253563405875,80.20977119253166,"{""type"":""MultiPoint"",""coordinates"":[]}"
986,42.690625234647435,-0.515160388408846,0.027671083782090985,0.40903427279606513,0.0,0.0,1.0,0.0,0.0,0.0,0.0,12.628724207334646,79.91013208202264,"{""type"":""MultiPoint"",""coordinates"":[]}"
987,41.3345115857708,-0.32673238504846974,0.0026355956181551587,0.278677857192484,0.0,1.0,0.0,0.0,0.0,0.0,0.0,13.011794790825503,80.15442426425336,"{""type"":""MultiPoint"",""coordinates"":[]}"
988,29.122183213915683,0.261968431859292,0.04714860049712198,-0.12069214438786172,0.0,0.0,0.0,0.0,0.0,0.0,1.0,12.95146029185199,80.26784935396428,"{""type"":""MultiPoint"",""coordinates"":[]}"
989,41.302859146506044,-0.3271524181360355,0.062365710246184036,0.21065417680356194,0.0,1.0,0.0,0.0,0.0,0.0,0.0,13.131775473584687,80.20416450667032,"{""type"":""MultiPoint"",""coordinates"":[]}"
990,36.9559807723494,-0.4906019676092918,-0.13287353355090745,0.6088336757990627,0.0,0.0,0.0,0.0,0.0,1.0,0.0,13.00657317797337,80.01834460135969,"{""type"":""MultiPoint"",""coordinates"":[]}"
991,40.57960775283894,-0.3167689137466318,0.04630098760015196,0.2350174451205945,0.0,0.8832214765100671,0.04697986577181208,0.02348993288590604,0.0,0.04630872483221476,0.0,12.835729907130798,80.12828196509922,"{""type"":""MultiPoint"",""coordinates"":[]}"
992,42.16999869500002,-0.3475987685336748,0.12989632580088212,0.13276704882749343,0.0,1.0,0.0,0.0,0.0,0.0,0.0,13.087347888930658,80.25115036899062,"{""type"":""MultiPoint"",""coordinates"":[]}"
993,43.05727613810323,-0.40638229357511974,0.065061904416236,0.2892919203952927,0.0,0.5871313672922251,0.0,0.403485254691689,0.0,0.00938337801608579,0.0,12.618618121496645,80.16398393424852,"{""type"":""MultiPoint"",""coordinates"":[]}"
994,41.13124134073728,-0.44266639838128574,0.024104920812455955,0.4061879608117073,0.0,0.37332439678284185,0.0,0.0,0.0,0.626675603217158,0.0,13.06776224774999,80.09591065659352,"{""type"":""MultiPoint"",""coordinates"":[]}"
995,39.139752147640756,-0.45529840954445594,-0.03095868874943611,0.4000461872309259,0.0,0.0,1.0,0.0,0.0,0.0,0.0,12.682814233977405,80.03781473647369,"{""type"":""MultiPoint"",""coordinates"":[]}"
996,42.940295121448706,-0.6123867803599851,0.1293752963902153,0.4729316958704316,0.0,0.0,0.8524480214621059,0.14755197853789404,0.0,0.0,0.0,12.771212427915561,79.93144645845074,"{""type"":""MultiPoint"",""coordinates"":[]}"
997,42.863893360301226,-0.43532319436489947,0.08450637720684145,0.31123639305975626,0.0,0.0,0.9939759036144579,0.006024096385542169,0.0,0.0,0.0,13.070479928381591,80.1009003528387,"{""type"":""MultiPoint"",""coordinates"":[]}"
998,28.622859696849897,0.13340303290354596,0.01299245265286357,-0.03882251401958226,0.0,0.0,0.0,0.0,0.0,0.0,1.0,12.81492341130648,80.34425363291884,"{""type"":""MultiPoint"",""coordinates"":[]}"
999,44.4976605852043,-0.2690854205013821,0.15222602914825892,0.05310878187049357,0.8144675150703281,0.0,0.0,0.18553248492967178,0.0,0.0,0.0,12.94475768209193,79.90456499694265,"{""type"":""MultiPoint"",""coordinates"":[]}"
1000,41.722813090428964,-0.4859110573596497,0.12066234235810652,0.32729688395658896,0.0,0.0,1.0,0.0,0.0,0.0,0.0,12.98057379317665,80.09650816873886,"{""type"":""MultiPoint"",""coordinates"":[]}"
1001,28.92067500761747,0.19286578452421035,-0.022249018708597676,-0.06173309736178624,0.0,0.0,0.0,0.0,0.0,0.0,1.0,12.62649872283974,80.26226761371633,"{""type"":""MultiPoint"",""coordinates"":[]}"
1002,40.15812836136366,-0.34415292619532517,0.041320554918000685,0.24661497730703677,0.16711229946524062,0.8328877005347594,0.0,0.0,0.0,0.0,0.0,13.131665051040658,80.00298704375817,"{""type"":""MultiPoint"",""coordinates"":[]}"
1003,29.029157748128792,0.13271395770850067,-5.765243953817472E-4,-0.036947656160236514,0.0,0.0,0.0,0.0,0.0,0.0,1.0,12.770703673648198,80.34172754142521,"{""type"":""MultiPoint"",""coordinates"":[]}"
1004,28.535586693855425,0.17148380906888128,0.006235707321573996,-0.05779638686918706,0.0,0.0,0.0,0.0,0.0,0.0,1.0,12.881169381154388,80.29365558265322,"{""type"":""MultiPoint"",""coordinates"":[]}"
1005,38.21932979458754,-0.5604417781967119,-0.016225580723376216,0.576277496380031,0.0,0.0,0.17236753856472165,0.43729040912139494,0.0,0.39034205231388325,0.0,12.753223234972433,80.12886052077609,"{""type"":""MultiPoint"",""coordinates"":[]}"
1006,28.62358254439598,0.1925173830596392,-0.011179361299388174,-0.0680475983142553,0.0,0.0,0.0,0.0,0.0,0.0,1.0,12.772937411877608,80.28805263923726,"{""type"":""MultiPoint"",""coordinates"":[]}"
1007,28.812370239249844,0.10783685652896927,0.019868617520827702,-0.038996385860770685,0.0,0.0,0.0,0.0,0.0,0.0,1.0,12.857370830718677,80.3303508020121,"{""type"":""MultiPoint"",""coordinates"":[]}"
1008,28.70675742302686,0.2637046502438205,0.0015509873378562267,-0.0827077941497455,0.0,0.0,0.0,0.0,0.0,0.0,1.0,12.671192220907773,80.24722631703814,"{""type"":""MultiPoint"",""coordinates"":[]}"
1009,44.01039857506703,-0.5715428587073093,0.18118283557953413,0.32647895168540664,0.0,0.0,0.0,1.0,0.0,0.0,0.0,13.04503645510435,79.91789161192906,"{""type"":""MultiPoint"",""coordinates"":[]}"
1010,30.131171181629792,0.39534515802446324,0.11918387169812943,-0.2855247033432202,0.0,0.0,0.0,0.0,0.0,0.0,1.0,12.722624111604746,80.23711335269684,"{""type"":""MultiPoint"",""coordinates"":[]}"
1011,45.99090662688131,-0.5015822155038062,0.17535332138809984,0.22301147029451313,0.0,0.0,0.8604963112005366,0.13950368879946345,0.0,0.0,0.0,13.145606812559995,79.98160411077744,"{""type"":""MultiPoint"",""coordinates"":[]}"
1012,28.471484132330442,0.1510552690587551,0.015270574004367599,-0.05810141326164502,0.0,0.0,0.0,0.0,0.0,0.0,1.0,12.775708708843744,80.33152256433836,"{""type"":""MultiPoint"",""coordinates"":[]}"
1013,44.77368115724534,-0.5179023143501444,0.1359923928298425,0.31822037174183737,0.0,0.0,1.0,0.0,0.0,0.0,0.0,12.894385908970186,79.94362203251889,"{""type"":""MultiPoint"",""coordinates"":[]}"
1014,31.03358210106571,0.38397679390343187,-0.005456251783285452,-0.25726715867108196,0.0,0.0,0.0,0.0,0.0,0.0,1.0,13.003045010901689,80.07889342136765,"{""type"":""MultiPoint"",""coordinates"":[]}"
1015,40.69607836951743,-0.3873940848473366,0.07026077634018475,0.31479244355816394,0.0,0.403485254691689,0.016756032171581767,0.3022788203753351,0.0,0.27747989276139406,0.0,13.002756384309063,80.12643621131359,"{""type"":""MultiPoint"",""coordinates"":[]}"
1016,39.14647822453085,-0.4283103579537829,-0.22361776437032796,0.6801894383159002,0.0,0.07640750670241286,0.5241286863270778,0.0,0.0,0.39946380697050937,0.0,12.988018140141643,80.20666162293936,"{""type"":""MultiPoint"",""coordinates"":[]}"
1017,38.73108059956378,-0.45037882251507766,-0.15468517206808463,0.5415721859738702,0.0,0.0,1.0,0.0,0.0,0.0,0.0,12.6264733179563,80.09847300439833,"{""type"":""MultiPoint"",""coordinates"":[]}"
1018,28.696646985593592,0.20251708116327222,-0.031678573212851675,-0.04810358703770776,0.0,0.0,0.0,0.0,0.0,0.0,1.0,12.846717623436843,80.30456449562014,"{""type"":""MultiPoint"",""coordinates"":[]}"
1019,36.91583530364615,-0.37129546178828854,-0.22063221984266912,0.6478316995780788,0.0,0.0,0.17091152815013405,0.24731903485254692,0.0,0.33310991957104563,0.0,12.746631318145907,80.19367521342984,"{""type"":""MultiPoint"",""coordinates"":[]}"
1020,45.0130823995976,-0.45992925177384075,0.1304451860033613,0.24612018581618,0.0,0.15291750503018112,0.0,0.847082494969819,0.0,0.0,0.0,12.7926467048399,80.09173619892289,"{""type"":""MultiPoint"",""coordinates"":[]}"
1021,40.22553247678287,-0.37900621689597386,0.05660230569457237,0.28462943833804233,0.0,0.9638069705093834,0.0,0.0,0.0,0.036193029490616625,0.0,12.823866017533833,80.07410627132644,"{""type"":""MultiPoint"",""coordinates"":[]}"
1022,37.094963977444685,-0.5136735475177006,0.021195921553011792,0.506575990847671,0.0,0.0,0.0,0.0,0.0,1.0,0.0,12.786099229784638,80.05088259063885,"{""type"":""MultiPoint"",""coordinates"":[]}"
1023,40.472133914369984,-0.3672123807220596,-0.005937938925322386,0.4162013268009,0.0,0.3424932975871313,0.1554959785522788,0.04892761394101876,0.0,0.4530831099195709,0.0,12.788854690183939,79.91774420404617,"{""type"":""MultiPoint"",""coordinates"":[]}"
1024,43.67167897849196,-0.5561849312838227,0.18075273318945084,0.3100050384151974,0.0,0.0,0.5067024128686327,0.49329758713136734,0.0,0.0,0.0,13.011584653677698,79.96147903355838,"{""type"":""MultiPoint"",""coordinates"":[]}"
1025,36.56450148653924,-0.49256516432154845,-0.15158980127029473,0.6723416913695525,0.0,0.0,0.03286384976525821,0.0,0.0,0.9671361502347418,0.0,12.986074126813525,80.08076738409581,"{""type"":""MultiPoint"",""coordinates"":[]}"
1026,28.32774276425606,0.1638336783454258,-0.028860611112837997,-0.03490464944041969,0.0,0.0,0.0,0.0,0.0,0.0,1.0,12.961516408925114,80.3401452657981,"{""type"":""MultiPoint"",""coordinates"":[]}"
1027,40.40545730915663,-0.318662738029154,0.0548587373656372,0.20797477117239138,0.0,0.8406961178045516,0.0,0.0,0.0,0.15930388219544844,0.0,13.015163106439163,80.17278068288138,"{""type"":""MultiPoint"",""coordinates"":[]}"
1028,37.916292277634064,-0.4884935762179297,-0.0831350949167968,0.5856749268571765,0.0,0.0,0.5261394101876673,0.17761394101876674,0.12667560321715815,0.16957104557640745,0.0,13.199619991709454,80.012907880172,"{""type"":""MultiPoint"",""coordinates"":[]}"
1029,31.550294801971862,0.394404494373878,-0.008500081937043992,-0.26152875792477825,0.0,0.0,0.0,0.0,0.0,0.0,1.0,12.757276596618336,80.08521796324965,"{""type"":""MultiPoint"",""coordinates"":[]}"
1030,39.05630307737795,-0.4742172120425674,0.043099987809103325,0.4076665415360771,0.0,0.16655518394648827,0.8334448160535117,0.0,0.0,0.0,0.0,13.155650390464197,80.05204449905798,"{""type"":""MultiPoint"",""coordinates"":[]}"
1031,28.734566247710887,0.1769347952747182,-0.019590623649557565,-0.06094338757495955,0.0,0.0,0.0,0.0,0.0,0.0,1.0,12.846229003896246,80.3278955978914,"{""type"":""MultiPoint"",""coordinates"":[]}"
1032,42.21824531789688,-0.34310429587764274,0.05313965745438357,0.24069201509304636,0.0,1.0,0.0,0.0,0.0,0.0,0.0,13.10836752628692,80.0979295971841,"{""type"":""MultiPoint"",""coordinates"":[]}"
1033,28.38919496096518,0.20092370952823949,-0.018541658601780774,-0.06717248133565021,0.0,0.0,0.0,0.0,0.0,0.0,1.0,12.961387200382385,80.29861112195574,"{""type"":""MultiPoint"",""coordinates"":[]}"
1034,40.70006543016109,-0.5453564390827299,0.07391195045551543,0.4592127148473576,0.0,0.0,0.08859060402684563,0.001342281879194631,0.3959731543624161,0.5140939597315437,0.0,12.815272195651728,80.08828930452884,"{""type"":""MultiPoint"",""coordinates"":[]}"
1035,45.20088440293567,-0.29833158490693196,0.08420283884675127,0.18045401260309613,0.0,0.9805630026809652,0.0,0.0,0.0,0.019436997319034855,0.0,13.108317103724602,80.17088101884819,"{""type"":""MultiPoint"",""coordinates"":[]}"
1036,29.03217943867027,0.3206389145735437,-0.04382481571273687,-0.0890521978891935,0.0,0.0,0.0,0.0,0.0,0.0,1.0,12.622629248949087,80.21621181947556,"{""type"":""MultiPoint"",""coordinates"":[]}"
1037,44.08609061730384,-0.3896765518205483,0.12569177712386262,0.1594648129276186,0.6566063044936284,0.034875922199865864,0.0,0.3085177733065057,0.0,0.0,0.0,12.796348570332649,79.91230595317106,"{""type"":""MultiPoint"",""coordinates"":[]}"
1038,40.87030232108654,-0.5558300297565839,0.06489648909640122,0.4593369972389515,0.0,0.0,0.0,0.0,1.0,0.0,0.0,12.70744961972636,80.07261515717748,"{""type"":""MultiPoint"",""coordinates"":[]}"
1039,41.383728752337596,-0.4619224127389476,0.10076682790175127,0.32772550045180904,0.0,0.0,0.8412592096450101,0.15874079035498997,0.0,0.0,0.0,13.144139901554716,79.99644391177904,"{""type"":""MultiPoint"",""coordinates"":[]}"
1040,38.91636051963855,-0.530475651314301,-0.10172864153518664,0.6556543428689474,0.0,0.0,0.0,0.0,0.0,1.0,0.0,13.071149222482365,80.10733582676687,"{""type"":""MultiPoint"",""coordinates"":[]}"
1041,28.37759636209398,0.10898177028421793,0.03425081591405446,-0.052855736678367585,0.0,0.0,0.0,0.0,0.0,0.0,1.0,12.66364769660025,80.33192064312065,"{""type"":""MultiPoint"",""coordinates"":[]}"
1042,41.07334597971872,-0.3356014793469634,0.09315166471797691,0.2023507806286219,0.0,1.0,0.0,0.0,0.0,0.0,0.0,12.982255629961019,80.23718965377465,"{""type"":""MultiPoint"",""coordinates"":[]}"
1043,41.85551111319279,-0.5932867854733216,0.1654402228669436,0.4081444256700331,0.0,0.0,0.0,0.0,1.0,0.0,0.0,13.002071622224646,79.96556096485207,"{""type"":""MultiPoint"",""coordinates"":[]}"
1044,42.048354703433745,-0.6098732362038566,0.12085565776210819,0.46901609997726734,0.0,0.0,0.4852744310575635,0.008032128514056224,0.5066934404283802,0.0,0.0,12.888295681667223,79.92852462898178,"{""type"":""MultiPoint"",""coordinates"":[]}"
1045,35.54871380612043,-0.44499180526057847,-0.2582551710720041,0.6912407024884559,0.0,0.0,0.20535117056856192,0.0,0.0,0.7946488294314381,0.0,13.138308003059251,80.1491833910341,"{""type"":""MultiPoint"",""coordinates"":[]}"
1046,44.60325093680966,-0.547951668556354,0.17547950123040254,0.30624452805425145,0.0,0.0,0.05563002680965148,0.9309651474530832,0.0,0.013404825737265416,0.0,12.812486276859794,80.17139351990684,"{""type"":""MultiPoint"",""coordinates"":[]}"
1047,40.80096206574683,-0.4665549248067848,0.08816804867263683,0.3420683134726564,0.0,0.1868720696584059,0.7930341594105828,0.0,0.0,0.020093770931011383,0.0,13.164271051450408,80.06473638931821,"{""type"":""MultiPoint"",""coordinates"":[]}"
1048,41.59919164589816,-0.3712242617556063,0.005950154587508713,0.3441239674113683,0.0,0.4068364611260053,0.0,0.0,0.0,0.5931635388739946,0.0,12.920685026320477,80.15874910365908,"{""type"":""MultiPoint"",""coordinates"":[]}"
1049,43.54312641718019,-0.3520647745997864,0.09676157459279575,0.2603602451819537,0.0,1.0,0.0,0.0,0.0,0.0,0.0,13.038273842548701,80.13223077086387,"{""type"":""MultiPoint"",""coordinates"":[]}"
1050,42.196853993319934,-0.49968679182184517,0.08265677641100003,0.39412680304182973,0.0,0.0,0.0,0.34875922199865855,0.6431924882629108,0.008048289738430582,0.0,12.797937118536481,79.9236434684394,"{""type"":""MultiPoint"",""coordinates"":[]}"
1051,39.054744936427646,-0.11686361259259927,0.12128874420137167,0.05985283466050006,0.16890080428954427,0.0,0.14343163538873996,0.1749329758713137,0.0,0.0,0.5127345844504022,12.761705366938916,80.05356041408503,"{""type"":""MultiPoint"",""coordinates"":[]}"
1052,38.77794876508055,-0.46183504223582156,-0.06899388881551291,0.5160925441025461,0.0,0.0,0.6093959731543624,0.026845637583892617,0.0,0.363758389261745,0.0,12.643578297292878,80.01391029973588,"{""type"":""MultiPoint"",""coordinates"":[]}"
1053,40.9877378354217,-0.3091895898074757,0.07990936679410568,0.1769476703582405,0.1506024096385542,0.8259705488621152,0.0,0.0,0.0,0.023427041499330656,0.0,13.10748535639805,80.15496990495383,"{""type"":""MultiPoint"",""coordinates"":[]}"
1054,40.038243537057674,-0.28787282002829506,0.04716357832885326,0.21932709518224072,0.0,0.8853887399463807,0.0,0.0,0.0,0.1146112600536193,0.0,13.029821578460906,80.24208088388617,"{""type"":""MultiPoint"",""coordinates"":[]}"
1055,37.344357298554236,-0.3166917606691252,-0.15277469353084586,0.517044792841559,0.0,0.0,0.2617135207496653,0.0,0.0,0.7382864792503345,0.0,12.94199172795248,80.11085883070744,"{""type"":""MultiPoint"",""coordinates"":[]}"
1056,42.55049609255194,-0.5082874383027356,-0.029103072623846083,0.520275741217833,0.0,0.12257200267916947,0.15673141326188883,0.0,0.0,0.7206965840589418,0.0,13.173849971922971,79.9357546401368,"{""type"":""MultiPoint"",""coordinates"":[]}"
1057,28.944396124728407,0.33550563758562546,-0.03065308086196482,-0.1001531947546634,0.0,0.0,0.0,0.0,0.0,0.0,1.0,12.714355265543086,80.23975759403082,"{""type"":""MultiPoint"",""coordinates"":[]}"
1058,39.724594131084366,-0.496798300719327,-0.14754534370066916,0.6423362961721053,0.0,0.0,0.0,0.2717536813922356,0.0,0.7282463186077645,0.0,12.83355967215538,80.19525274404181,"{""type"":""MultiPoint"",""coordinates"":[]}"
1059,28.574899121661097,0.21520013359020518,-0.02009887076957755,-0.060508107983523726,0.0,0.0,0.0,0.0,0.0,0.0,1.0,13.126843211434538,80.3368924325423,"{""type"":""MultiPoint"",""coordinates"":[]}"
1060,28.548392868774304,0.23755185273282797,-0.029219901125146733,-0.07091818796123149,0.0,0.0,0.0,0.0,0.0,0.0,1.0,12.84120057589886,80.2680880024136,"{""type"":""MultiPoint"",""coordinates"":[]}"
1061,28.27878303115721,0.1630360751787867,-0.014684662123656558,-0.04590803962473536,0.0,0.0,0.0,0.0,0.0,0.0,1.0,12.960386174010237,80.33349062807669,"{""type"":""MultiPoint"",""coordinates"":[]}"
1062,38.44922808860685,-0.34597010942034606,-0.23445293423998712,0.621337240236283,0.0,0.0,1.0,0.0,0.0,0.0,0.0,13.183549898856201,80.0191072874642,"{""type"":""MultiPoint"",""coordinates"":[]}"
1063,42.896000785120506,-0.3428644685714699,0.13691055017000422,0.1341834108425632,0.0,0.995983935742972,0.0,0.0,0.0,0.004016064257028113,0.0,13.10600047705958,80.20800835317111,"{""type"":""MultiPoint"",""coordinates"":[]}"
1064,40.6731237051706,-0.3278474331340469,0.1031047824522442,0.17482431290183004,0.0,1.0,0.0,0.0,0.0,0.0,0.0,13.197834608792139,80.18559849697563,"{""type"":""MultiPoint"",""coordinates"":[]}"
1065,39.589633405847316,-0.41005383113210503,0.039794538896038005,0.31831622864844217,0.0,0.0,0.0,0.0,0.0,1.0,0.0,13.1623587241746,80.23587114781905,"{""type"":""MultiPoint"",""coordinates"":[]}"
1066,33.49331772283993,-0.25006088957771566,-0.20921924989257606,0.528685602791992,0.0,0.0,0.0,0.0,0.0,0.8151373074346955,0.18486269256530471,13.014868662866572,80.26838195496775,"{""type"":""MultiPoint"",""coordinates"":[]}"
1067,41.839828123446914,-0.29637488030509135,0.11938629498823107,0.1087490997882621,0.0,0.0,0.9392117568470274,0.0,0.0,0.060788243152972606,0.0,13.186625217865387,80.2609328172454,"{""type"":""MultiPoint"",""coordinates"":[]}"
1068,44.974953222510095,-0.499010646609227,0.13216261839913848,0.3218677951484394,0.0,0.0,0.0,0.5691275167785236,0.43087248322147653,0.0,0.0,12.639431541775828,79.94636777161237,"{""type"":""MultiPoint"",""coordinates"":[]}"
1069,28.471388922394375,0.16572126448894373,-0.004820359314774711,-0.052395941502518084,0.0,0.0,0.0,0.0,0.0,0.0,1.0,12.919831457095958,80.29735984418312,"{""type"":""MultiPoint"",""coordinates"":[]}"
1070,31.504316658614467,0.3610270341641732,-0.07474998552294176,-0.20085632059872408,0.0,0.0,1.0,0.0,0.0,0.0,0.0,13.120068812989023,80.1832147157048,"{""type"":""MultiPoint"",""coordinates"":[]}"
1071,39.10458457054962,-0.3748684478970645,-0.04394376272045412,0.42726700103814813,0.0,0.0,0.47788203753351205,0.038203753351206425,0.0,0.4839142091152815,0.0,13.172303356420489,80.00219161818545,"{""type"":""MultiPoint"",""coordinates"":[]}"
1072,41.76090600018756,-0.3479423181011928,0.12771708939171525,0.17640994241935834,0.0,1.0,0.0,0.0,0.0,0.0,0.0,12.983873964741049,80.23053089942466,"{""type"":""MultiPoint"",""coordinates"":[]}"
1073,39.727256022831334,-0.2720760014192011,0.012925330954191861,0.2063809590133234,0.0,0.8694779116465863,0.0,0.0,0.0,0.13052208835341364,0.0,13.049523639711323,80.19873073467303,"{""type"":""MultiPoint"",""coordinates"":[]}"
1074,41.57986906567697,-0.47502434209472877,7.733942961071969E-4,0.4201363434218725,0.0,0.0,0.9162198391420912,0.08378016085790886,0.0,0.0,0.0,12.671590810875646,80.17673046930628,"{""type"":""MultiPoint"",""coordinates"":[]}"
1075,44.76474958045639,-0.48698314868309384,0.11146427031512464,0.2613199264944145,0.0,0.0,0.0,1.0,0.0,0.0,0.0,12.61556265459714,80.18001545270141,"{""type"":""MultiPoint"",""coordinates"":[]}"
1076,28.64816495752012,0.20086542857603015,-0.026157304690841036,-0.04668849264069832,0.0,0.0,0.0,0.0,0.0,0.0,1.0,12.892551309081192,80.27568951374555,"{""type"":""MultiPoint"",""coordinates"":[]}"
1077,40.757512232136655,-0.5881484543297586,0.14223410794597188,0.4756358765601875,0.0,0.0,0.9557937039517748,0.01875418620227729,0.0,0.025452109845947753,0.0,12.859272805395038,80.2153475632581,"{""type"":""MultiPoint"",""coordinates"":[]}"
1078,36.542075068798674,0.16605399564235046,-0.13606701819788886,0.0366479835620137,0.0,0.0,0.0,0.9932885906040269,0.0,0.0,0.0,12.770311367031349,80.13791711945731,"{""type"":""MultiPoint"",""coordinates"":[]}"
1079,28.339498507975897,0.18594384615228995,-0.0317849104326841,-0.050775604568040006,0.0,0.0,0.0,0.0,0.0,0.0,1.0,12.930176760505848,80.30843766679237,"{""type"":""MultiPoint"",""coordinates"":[]}"
1080,43.88281814820926,-0.5122436691166047,0.09453564532173728,0.3560900470507716,0.0,0.0,0.0,0.578806170355466,0.4211938296445338,0.0,0.0,12.724736283218311,80.03293102607302,"{""type"":""MultiPoint"",""coordinates"":[]}"
1081,43.945607464879515,-0.3694576832975004,0.05828080677957697,0.2772709990293603,0.0,1.0,0.0,0.0,0.0,0.0,0.0,12.777872078564075,80.02593814313366,"{""type"":""MultiPoint"",""coordinates"":[]}"
1082,28.987650859517448,0.24695661428831905,0.006327070117901044,-0.0805335376127555,0.0,0.0,0.0,0.0,0.0,0.0,1.0,12.97283999205502,80.27476158065757,"{""type"":""MultiPoint"",""coordinates"":[]}"
1083,36.477831411327976,-0.474249208076352,-0.3181902123594326,0.775798334090881,0.0,0.0,0.0,0.0,0.0,1.0,0.0,12.993731478885397,80.16058696888557,"{""type"":""MultiPoint"",""coordinates"":[]}"
1084,39.976956285013436,-0.1688828767960045,0.06682327199998564,0.05339687705253705,0.0,0.8880697050938338,0.0,0.10723860589812331,0.0,0.004691689008042895,0.0,12.799115079883919,80.22465482818099,"{""type"":""MultiPoint"",""coordinates"":[]}"
1085,34.13836970859733,-0.5314485546143917,-0.2807151286170273,0.7823719735410195,0.0,0.0,1.0,0.0,0.0,0.0,0.0,12.611322905890397,79.91822119190365,"{""type"":""MultiPoint"",""coordinates"":[]}"
1086,37.7983860277964,-0.34788857682820695,-0.1870399288880846,0.5634107350174721,0.008037508372404556,0.08506363027461489,0.0,0.0,0.0,0.9068988613529806,0.0,13.034571448082163,80.04365691760206,"{""type"":""MultiPoint"",""coordinates"":[]}"
1087,28.615506262655956,0.16009554548795163,0.010447777827086441,-0.05563819437793103,0.0,0.0,0.0,0.0,0.0,0.0,1.0,12.885656296899683,80.3064414248291,"{""type"":""MultiPoint"",""coordinates"":[]}"
1088,38.33533663351243,-0.5957578594465042,-0.047641967791687195,0.6257276481187901,0.0,0.0,0.0,0.0,0.409670920080591,0.590329079919409,0.0,12.611208717547182,80.00431974883416,"{""type"":""MultiPoint"",""coordinates"":[]}"
1089,41.35555098412359,-0.4707351542184447,0.003272876524532924,0.42767498668616055,0.0,0.0,0.0,0.0,0.0,1.0,0.0,12.671259378806901,80.11631773284198,"{""type"":""MultiPoint"",""coordinates"":[]}"
1090,35.943806477042266,-0.45320893979862986,-0.1992723538892983,0.6391099073081669,0.0,0.0,1.0,0.0,0.0,0.0,0.0,12.812162111973482,80.07116704839775,"{""type"":""MultiPoint"",""coordinates"":[]}"
1091,41.097852646038895,-0.3878489574474645,0.1032100459373744,0.22322834246663037,0.0,1.0,0.0,0.0,0.0,0.0,0.0,13.079962693251849,80.17721279794357,"{""type"":""MultiPoint"",""coordinates"":[]}"
1092,41.327243567431445,-0.2893278358954645,0.06245574501612186,0.19795954259985463,0.0,0.9090301003344482,0.0,0.0,0.0,0.09096989966555183,0.0,13.01284008139338,80.20900534523939,"{""type"":""MultiPoint"",""coordinates"":[]}"
1093,40.88449416772728,-0.44042850362669134,-0.030095173520368144,0.4640223281969447,0.0,0.2874331550802139,0.01871657754010695,0.0,0.0,0.693850267379679,0.0,13.045444380095564,80.09489668967224,"{""type"":""MultiPoint"",""coordinates"":[]}"
1094,36.42623643625587,-0.5398236731840966,-0.04430496982192816,0.5884157548312585,0.0,0.0,0.0,0.0,0.012726054922973878,0.9872739450770261,0.0,13.177298813676053,79.9097753166167,"{""type"":""MultiPoint"",""coordinates"":[]}"
1095,38.72056805273276,-0.3342657796448302,0.08360452382953705,0.16180900816919622,0.0,0.983924983255191,0.0,0.0,0.0,0.016075016744809108,0.0,13.115861973644979,80.30122541924956,"{""type"":""MultiPoint"",""coordinates"":[]}"
1096,34.640330451569426,-0.08126010721323604,-0.26636784529044477,0.4045986326252224,0.0,0.0,1.0,0.0,0.0,0.0,0.0,12.962266662593745,79.98020040723337,"{""type"":""MultiPoint"",""coordinates"":[]}"
1097,28.70239199211412,0.2661299468074522,-0.025049777556343588,-0.0629098627598163,0.0,0.0,0.0,0.0,0.0,0.0,1.0,12.698013173663691,80.24165723796895,"{""type"":""MultiPoint"",""coordinates"":[]}"
1098,41.23142997705961,-0.3500570310019591,0.04896938351201739,0.2678288185223274,0.0,0.6758204956463495,0.32417950435365034,0.0,0.0,0.0,0.0,12.932491041652531,80.18864053675104,"{""type"":""MultiPoint"",""coordinates"":[]}"
1099,28.68162467006034,0.07877288514905399,0.06347707275637667,-0.055126215617223,0.0,0.0,0.0,0.0,0.0,0.0,1.0,12.794138119708144,80.34369042992631,"{""type"":""MultiPoint"",""coordinates"":[]}"
1100,28.29926828814719,0.1336808643677112,-0.002298534609205637,-0.04130868437659464,0.0,0.0,0.0,0.0,0.0,0.0,1.0,12.962512365738215,80.32968371871611,"{""type"":""MultiPoint"",""coordinates"":[]}"
1101,42.291550313076435,-0.24776699613111847,0.00237175275512827,0.23945506931693414,0.0,0.8378016085790886,0.0,0.0,0.0,0.16219839142091153,0.0,12.986467382082544,80.16953189242415,"{""type"":""MultiPoint"",""coordinates"":[]}"
1102,43.15091087164881,-0.48804980001703385,0.0821842067788457,0.34244010685146503,0.0,0.3592493297587132,0.48726541554959796,6.702412868632709E-4,0.0,0.15281501340482576,0.0,12.974027587052195,80.05372406148648,"{""type"":""MultiPoint"",""coordinates"":[]}"
1103,41.474920731749336,-0.34503647741668203,0.04023377588717807,0.25512820794383323,0.07171581769436997,0.4658176943699731,0.0,0.17091152815013402,0.0,0.2915549597855228,0.0,12.92718478245349,80.18767940049564,"{""type"":""MultiPoint"",""coordinates"":[]}"
1104,36.904698568117894,-0.5100792111289774,-0.022379027500942894,0.5294253141997757,0.0,0.0,0.2605492297387809,0.0,0.019423978566644337,0.7200267916945746,0.0,13.162117102950397,79.9507426416582,"{""type"":""MultiPoint"",""coordinates"":[]}"
1105,29.461372795560802,0.3750381230418197,-0.0050200610309904595,-0.14378217340311653,0.0,0.0,0.0,0.0,0.0,0.0,1.0,12.613774897333702,80.20527631951316,"{""type"":""MultiPoint"",""coordinates"":[]}"
1106,42.8560470832976,-0.5150681739198437,0.13625004895869103,0.29097766086326343,0.0,0.0,1.0,0.0,0.0,0.0,0.0,12.865036115512927,80.15296514482391,"{""type"":""MultiPoint"",""coordinates"":[]}"
1107,40.56104132900202,-0.3259911817239142,0.059811017840352206,0.20999344371598505,0.0,1.0,0.0,0.0,0.0,0.0,0.0,12.901894274487413,80.23388233975125,"{""type"":""MultiPoint"",""coordinates"":[]}"
1108,42.25424394750503,-0.41011721795244455,0.042601175994509625,0.33303411856840454,0.0,0.5962441314553992,0.06304493628437291,0.335345405767941,0.0,0.0053655264922870555,0.0,12.897824381663655,80.25284443038858,"{""type"":""MultiPoint"",""coordinates"":[]}"
1109,40.59183770244818,-0.4398428446005269,0.01182878935222615,0.39133968656017254,0.0,0.0,0.00936454849498328,0.0,0.0,0.9906354515050168,0.0,13.136860159494749,79.97124642599054,"{""type"":""MultiPoint"",""coordinates"":[]}"
1110,44.90874441578317,-0.5526120949583552,0.14129145878166352,0.3641328505480722,0.0,0.15394912985274434,0.8427041499330659,0.0033467202141900946,0.0,0.0,0.0,12.94849460592034,79.96874174098342,"{""type"":""MultiPoint"",""coordinates"":[]}"
1111,28.994008994507073,0.2647520263004358,0.007372132517552887,-0.10715908584614145,0.0,0.0,0.0,0.0,0.0,0.0,1.0,12.940707069817915,80.26743644403314,"{""type"":""MultiPoint"",""coordinates"":[]}"
1112,39.29199552093103,-0.33262337414282434,-0.16252151663667036,0.5215092314742484,0.0,0.29470864032150035,0.22170127260549227,0.0,0.0,0.4835900870730073,0.0,12.918636457185976,80.16501616486471,"{""type"":""MultiPoint"",""coordinates"":[]}"
1113,41.366452797002026,-0.5638436522508388,0.07219348891108017,0.48770910774783105,0.0,0.0,0.3219315895372233,0.6780684104627767,0.0,0.0,0.0,12.752747916036965,80.02547639412671,"{""type"":""MultiPoint"",""coordinates"":[]}"
1114,39.33630318847857,-0.4339085900330221,0.03397205532959196,0.363115402441292,0.0,0.07037533512064342,0.11930294906166218,0.31032171581769435,0.0,0.49999999999999994,0.0,12.844446902413177,80.08357629606515,"{""type"":""MultiPoint"",""coordinates"":[]}"
1115,37.12394749535837,-0.5063613767817297,-0.08156881846776012,0.649851907850962,0.0,0.0,0.0,0.0,0.04554588077695915,0.9544541192230409,0.0,12.815232637813812,80.09927883022466,"{""type"":""MultiPoint"",""coordinates"":[]}"
1116,43.021703230857355,-0.5645959396710276,0.17750267490952798,0.31481783778869793,0.0,0.0,0.12993971868720697,0.5405224380442062,0.32016075016744805,0.009377093101138646,0.0,12.859137665792089,79.92014283586519,"{""type"":""MultiPoint"",""coordinates"":[]}"
1117,40.70098187243625,-0.46983297962392623,0.004682117169902119,0.39257822357735334,0.0,0.0,1.0,0.0,0.0,0.0,0.0,12.75008269987029,80.14754868294541,"{""type"":""MultiPoint"",""coordinates"":[]}"
1118,28.79089921134231,0.22621716960102706,-0.013684812236016454,-0.055552073498649705,0.0,0.0,0.0,0.0,0.0,0.0,1.0,12.727380795666603,80.27066905678772,"{""type"":""MultiPoint"",""coordinates"":[]}"
1119,28.42176688287729,0.18818395392104095,-0.020562314260797167,-0.06079241780215191,0.0,0.0,0.0,0.0,0.0,0.0,1.0,12.822872300296495,80.29895762691393,"{""type"":""MultiPoint"",""coordinates"":[]}"
1120,41.86650489969129,-0.38677333686661003,-0.045657186102742234,0.4454698359397175,0.0,0.5751677852348994,0.0,0.09395973154362418,0.0,0.33087248322147655,0.0,12.73333436380175,80.1872181874249,"{""type"":""MultiPoint"",""coordinates"":[]}"
1121,28.74364139237746,0.1495548254013475,-0.007924390760002035,-0.05475045881766614,0.0,0.0,0.0,0.0,0.0,0.0,1.0,12.61582855048959,80.31801585014304,"{""type"":""MultiPoint"",""coordinates"":[]}"
1122,29.021011099416125,0.11481545077376402,0.028708727978008705,-0.05305696432920925,0.0,0.0,0.0,0.0,0.0,0.0,1.0,12.706937365010763,80.33550648401433,"{""type"":""MultiPoint"",""coordinates"":[]}"
1123,41.66685643422076,-0.29606210596195637,0.08757054304158667,0.16718610002853793,0.16923076923076927,0.8307692307692307,0.0,0.0,0.0,0.0,0.0,13.00116335869486,80.09590954067784,"{""type"":""MultiPoint"",""coordinates"":[]}"
1124,44.066468801591995,-0.5982531796197164,0.17923186848742734,0.3807350235371511,0.0,0.0,0.18260869565217394,0.6662207357859533,0.13712374581939804,0.014046822742474919,0.0,13.042748724256521,79.95024789866555,"{""type"":""MultiPoint"",""coordinates"":[]}"
1125,42.50623179822938,-0.39809585799944314,0.054930775237047653,0.31356766839367206,0.0,0.4252179745137492,0.0,0.0,0.0,0.5747820254862509,0.0,12.864524269555307,80.12066609895577,"{""type"":""MultiPoint"",""coordinates"":[]}"
1126,40.74523208526457,-0.5051447577548585,0.04401232460777093,0.4350779710766145,0.0,0.0,0.4815807099799062,0.0,0.0,0.5184192900200938,0.0,13.179830447156178,80.19793200063333,"{""type"":""MultiPoint"",""coordinates"":[]}"
1127,45.580480189016754,-0.5203175744521262,0.09861419637079456,0.2982000211492707,0.0,0.0,1.0,0.0,0.0,0.0,0.0,13.065589877292162,79.98882333939252,"{""type"":""MultiPoint"",""coordinates"":[]}"
1128,30.62281261306301,0.4183176904544835,0.08519503969523286,-0.3037458322986181,0.0,0.0,0.0,0.0,0.0,0.0,1.0,12.730338249165737,80.23854579894633,"{""type"":""MultiPoint"",""coordinates"":[]}"
1129,28.391684391325313,0.1624647102560535,-0.014486759893372676,-0.04203932153426814,0.0,0.0,0.0,0.0,0.0,0.0,1.0,13.131037772027344,80.3487059946733,"{""type"":""MultiPoint"",""coordinates"":[]}"
1130,39.024021336780685,-0.534109032411855,0.005307949058251743,0.5116709636704115,0.0,0.0663983903420523,0.0,0.02749832327297116,0.0,0.9061032863849764,0.0,12.62908021815914,80.0528684696328,"{""type"":""MultiPoint"",""coordinates"":[]}"
1131,43.306133443313286,-0.3539166496969345,0.08871357653417032,0.2332989962570584,0.0,0.9377510040160643,0.0,0.0,0.0,0.062248995983935754,0.0,12.969078923123693,80.08766816583478,"{""type"":""MultiPoint"",""coordinates"":[]}"
1132,41.09533033885619,-0.3375460371671854,0.08947944591366196,0.20804071847297173,0.0,0.9832775919732442,0.0,0.016722408026755852,0.0,0.0,0.0,13.05114276215002,80.10356503031555,"{""type"":""MultiPoint"",""coordinates"":[]}"
1133,43.0257107620094,-0.4741358306447577,0.02470271676467339,0.4495500065700713,0.0,0.00535833891493637,0.23308774279973207,0.7615539182853316,0.0,0.0,0.0,13.175091905082882,80.30898905374646,"{""type"":""MultiPoint"",""coordinates"":[]}"
1134,43.972083392891584,-0.5670741999861355,0.1542341834309619,0.39667519149872815,0.0,0.0,0.0,0.0,0.6171352074966532,0.3828647925033467,0.0,12.846186333453304,79.96345333744728,"{""type"":""MultiPoint"",""coordinates"":[]}"
1135,42.12349313319493,-0.45942078356787397,-0.07777950859595067,0.5108069331345835,0.0,0.3094440723375754,0.0,0.0,0.0,0.6905559276624247,0.0,13.102119597111471,80.17405889690534,"{""type"":""MultiPoint"",""coordinates"":[]}"
1136,42.10923147682977,-0.3363751397800614,0.0563105737655231,0.21644266962815412,0.0,1.0,0.0,0.0,0.0,0.0,0.0,12.941549566792446,80.15800556808203,"{""type"":""MultiPoint"",""coordinates"":[]}"
1137,39.74762278512426,-0.3999710772634894,0.04984088738509561,0.2882724325863255,0.0,0.0,1.0,0.0,0.0,0.0,0.0,12.612240459190142,80.07683388139237,"{""type"":""MultiPoint"",""coordinates"":[]}"
1138,38.655343979657964,-0.5388349960925266,-1.6843315533408422E-4,0.5316020474486062,0.0,0.0,0.14621059691482224,0.0,0.0,0.8537894030851777,0.0,12.739821589269717,79.96126808260787,"{""type"":""MultiPoint"",""coordinates"":[]}"
1139,38.429100658947746,-0.32542982208232435,-0.0234453548559705,0.31557939634731164,0.0,0.6320375335120644,0.0,0.0,0.0,0.3679624664879357,0.0,13.008321582366637,80.24906138346894,"{""type"":""MultiPoint"",""coordinates"":[]}"
1140,36.17163585744796,-0.46168481531811,-0.10689247527193389,0.5603250274593468,0.0,0.0,0.09872397582269979,0.8159838817998657,0.0,0.08529214237743453,0.0,12.602896039702516,80.1507476264554,"{""type"":""MultiPoint"",""coordinates"":[]}"
1141,38.3715797400871,-0.49946892693718875,-0.14905893069017243,0.6550572704349948,0.0,0.0,0.0,0.0,0.0,1.0,0.0,13.086499052892082,79.93023366441916,"{""type"":""MultiPoint"",""coordinates"":[]}"
1142,35.90412127399598,-0.4661397973837504,-0.0645269618949771,0.5285177809687563,0.0,0.040295500335795834,0.07320349227669577,0.0,0.0,0.8865010073875084,0.0,12.602643844378107,79.9792030271803,"{""type"":""MultiPoint"",""coordinates"":[]}"
1143,28.65799157705294,0.1643863133723643,-2.885466155292051E-4,-0.04774841021700564,0.0,0.0,0.0,0.0,0.0,0.0,1.0,12.87694504955027,80.30631971806841,"{""type"":""MultiPoint"",""coordinates"":[]}"
1144,40.00608923054364,-0.41247504374882643,-0.11189391221556937,0.47533320414779867,0.0,0.0,1.0,0.0,0.0,0.0,0.0,12.621713521590317,80.11710749708541,"{""type"":""MultiPoint"",""coordinates"":[]}"
1145,28.853322902607264,0.169772291256648,0.0163449942229027,-0.0602484338591838,0.0,0.0,0.0,0.0,0.0,0.0,1.0,12.673521426901146,80.27758124837936,"{""type"":""MultiPoint"",""coordinates"":[]}"
1146,32.18116240487955,0.3024725862680879,-0.13712215989046697,-0.0011851226682775666,0.0,0.0,0.5642570281124497,0.0,0.0,0.12449799196787147,0.02008032128514056,13.158119252165497,80.19200752705099,"{""type"":""MultiPoint"",""coordinates"":[]}"
1147,41.344908826903485,-0.49430718677596963,-0.030868543101024846,0.46870286550958296,0.0,0.46983914209115285,0.0,0.0,0.0,0.5301608579088471,0.0,12.977220105280194,80.15456213834685,"{""type"":""MultiPoint"",""coordinates"":[]}"
1148,44.57356433347858,-0.2573753882322362,0.09760315623131499,0.11589007801802378,0.0,0.8773458445040214,0.0,0.12265415549597856,0.0,0.0,0.0,13.005926681127425,80.01379119087498,"{""type"":""MultiPoint"",""coordinates"":[]}"
1149,40.53607108637829,-0.4263448425055506,0.0801754524896463,0.2954476503282804,0.0,0.11871227364185111,0.0,0.18980549966465457,0.0,0.6914822266934944,0.0,12.919230602034672,80.06071971111986,"{""type"":""MultiPoint"",""coordinates"":[]}"
1150,28.500907171601906,0.20144166451399856,-0.006497950527992213,-0.05845368579600271,0.0,0.0,0.0,0.0,0.0,0.0,1.0,12.845325213482694,80.28194994748158,"{""type"":""MultiPoint"",""coordinates"":[]}"
1151,37.331769650602446,-0.232920617107914,-0.12141214051440545,0.47941865132487255,0.0,0.0,0.23694779116465864,0.7630522088353413,0.0,0.0,0.0,12.818631565732032,79.91562188202218,"{""type"":""MultiPoint"",""coordinates"":[]}"
1152,38.69047724398125,-0.4581805559357492,-0.0741629066447066,0.5702288719103071,0.0,0.0,0.0,0.0,0.0,1.0,0.0,12.80647196333212,80.09364144676316,"{""type"":""MultiPoint"",""coordinates"":[]}"
1153,39.06129405179508,-0.43330842690340965,-0.026127797829488677,0.49902573451615634,0.0,0.0,0.5338245144005358,0.27729403884795717,0.01808439383791025,0.1707970529135968,0.0,13.104325608780892,79.92320937216373,"{""type"":""MultiPoint"",""coordinates"":[]}"
1154,40.988808581911485,-0.3756666953979409,0.10200596631276646,0.20780915521171678,0.0,0.9718309859154929,0.0,0.0,0.0,0.02816901408450705,0.0,12.910607958844558,80.15161411404289,"{""type"":""MultiPoint"",""coordinates"":[]}"
1155,41.937252967263596,-0.4696188892989492,-0.008209676726485916,0.44392226065464835,0.0,0.0,0.0,0.0,0.4366197183098591,0.5633802816901408,0.0,13.034306995662199,79.93643065811266,"{""type"":""MultiPoint"",""coordinates"":[]}"
1156,41.97351691738783,-0.29695469836958915,0.10201075336269988,0.11820182568091807,0.35632953784326865,0.464166108506363,0.013395847287340924,0.16610850636302746,0.0,0.0,0.0,13.199281918057096,80.06325475965583,"{""type"":""MultiPoint"",""coordinates"":[]}"
1157,40.653511191487965,-0.3631146515557387,0.12798927109085578,0.16684087591001703,0.0,1.0,0.0,0.0,0.0,0.0,0.0,13.09930694442007,80.23671871219263,"{""type"":""MultiPoint"",""coordinates"":[]}"
1158,28.874537618712296,0.1729797704080548,0.033296916154760985,-0.07668006176443122,0.0,0.0,0.0,0.0,0.0,0.0,1.0,12.677389970016407,80.27959609503391,"{""type"":""MultiPoint"",""coordinates"":[]}"
1159,39.17808764938257,-0.39702714637750625,-0.02757389457154779,0.39387412556472173,0.0,0.0,1.0,0.0,0.0,0.0,0.0,12.727346184893284,80.0958872967,"{""type"":""MultiPoint"",""coordinates"":[]}"
1160,34.67176199251342,-0.362778036080293,-0.35918007413321607,0.6939121023867183,0.0,0.0,1.0,0.0,0.0,0.0,0.0,12.922162444751413,80.0343699826141,"{""type"":""MultiPoint"",""coordinates"":[]}"
1161,40.51763876591552,-0.5375954572200448,0.06971802063731787,0.4485513080430397,0.0,0.0,0.016096579476861165,0.5881958417169684,0.19718309859154926,0.19852448021462102,0.0,12.781952687643242,80.12823086128768,"{""type"":""MultiPoint"",""coordinates"":[]}"
1162,28.457699649134838,0.12576903068433593,0.03693307078044948,-0.04603320857759144,0.0,0.0,0.0,0.0,0.0,0.0,1.0,12.7969212381526,80.34097699584652,"{""type"":""MultiPoint"",""coordinates"":[]}"
1163,28.893365257214786,0.11810229330132369,0.012765109387633353,-0.03861761220547294,0.0,0.0,0.0,0.0,0.0,0.0,1.0,12.69701774171635,80.33038871937656,"{""type"":""MultiPoint"",""coordinates"":[]}"
1164,28.52386811932217,0.11738739260799794,0.01358849287659489,-0.04987704459303428,0.0,0.0,0.0,0.0,0.0,0.0,1.0,12.803480865890709,80.34893527906029,"{""type"":""MultiPoint"",""coordinates"":[]}"
1165,46.37600156746989,-0.5998284206797464,0.18838428094552184,0.3724678307336314,0.0,0.0,0.13587684069611777,0.8641231593038821,0.0,0.0,0.0,13.097332632661153,79.94730058690894,"{""type"":""MultiPoint"",""coordinates"":[]}"
1166,35.49046122855424,-0.45822643648906125,-0.3163564262079939,0.7669979737380466,0.0,0.0,1.0,0.0,0.0,0.0,0.0,12.94097980777123,80.02780162886056,"{""type"":""MultiPoint"",""coordinates"":[]}"
1167,40.15561863889338,-0.3447138384018817,0.029071035947343265,0.2414300137914365,0.0,0.0,1.0,0.0,0.0,0.0,0.0,12.63585279077094,80.05285249717582,"{""type"":""MultiPoint"",""coordinates"":[]}"
1168,37.89445032590364,-0.4588728686499074,-0.12887865576266658,0.5588503637085902,0.0,0.31659973226238286,0.0,0.0,0.0,0.6834002677376171,0.0,13.017592492368337,80.26314438384075,"{""type"":""MultiPoint"",""coordinates"":[]}"
1169,43.07007958283134,-0.3085156322004233,0.05534328322946867,0.21576973346768452,0.0,0.9605087014725571,0.0,0.0,0.0,0.039491298527443104,0.0,13.077043237435092,80.1288735867097,"{""type"":""MultiPoint"",""coordinates"":[]}"
1170,40.383715062308745,-0.42851895270781976,0.0352915549657635,0.35751850795949036,0.0,0.4583892617449665,0.19731543624161077,0.0,0.0,0.3442953020134229,0.0,12.749365011526475,80.14235013978829,"{""type"":""MultiPoint"",""coordinates"":[]}"
1171,35.272367987891585,-0.29921847602482665,-0.2678415976580825,0.5764828073907169,0.0,0.0,0.9819277108433734,0.0,0.0,0.018072289156626502,0.0,13.190738853524792,80.01075493671463,"{""type"":""MultiPoint"",""coordinates"":[]}"
1172,31.69187122951777,0.40712948361728674,0.08021278840494385,-0.3305213226755328,0.0,0.0,0.0,0.0,0.18754186202277293,0.0,0.0,13.022374101319881,80.05585570815313,"{""type"":""MultiPoint"",""coordinates"":[]}"
1173,39.49577521766913,-0.5034372771476929,-0.021466322736035607,0.5199684355313033,0.0,0.0,0.6604152712659075,0.05894172806430007,0.0,0.28064300066979236,0.0,13.130932744690295,79.9473566733239,"{""type"":""MultiPoint"",""coordinates"":[]}"
1174,43.47068293702616,-0.24791575659025478,-0.073486887683689,0.29237547460221774,0.0,1.0,0.0,0.0,0.0,0.0,0.0,13.057726231626384,80.1161378525678,"{""type"":""MultiPoint"",""coordinates"":[]}"
1175,38.998214734336486,-0.41793709465781204,0.0017386867389682713,0.3395404465819526,0.0,0.0,1.0,0.0,0.0,0.0,0.0,12.890043324988929,80.12213332167289,"{""type"":""MultiPoint"",""coordinates"":[]}"
1176,42.42135947343835,-0.33977479944940847,0.1597755899283735,0.12482221034665264,0.0,1.0,0.0,0.0,0.0,0.0,0.0,12.998491197717858,80.20936650856322,"{""type"":""MultiPoint"",""coordinates"":[]}"
1177,41.6755724802279,-0.47949826383022087,0.11449650042128072,0.32118667302083653,0.0,0.08713136729222519,0.7781501340482573,0.13471849865951743,0.0,0.0,0.0,12.960214054746343,80.06923054687803,"{""type"":""MultiPoint"",""coordinates"":[]}"
1178,33.761635085402695,-0.4819734005804841,-0.30845377271693475,0.7754355728387813,0.0,0.0,1.0,0.0,0.0,0.0,0.0,12.783512946526878,79.9466911584877,"{""type"":""MultiPoint"",""coordinates"":[]}"
1179,42.11986238957107,-0.3277638226128138,0.05359313295449332,0.2312936045633368,0.15348525469168903,0.28485254691689005,0.0,0.46983914209115285,0.0,0.0918230563002681,0.0,12.778310956470868,80.21077761667509,"{""type"":""MultiPoint"",""coordinates"":[]}"
1180,40.59156519714288,-0.4009119101866231,-0.045580178499319675,0.42349635923148166,0.0,0.28504359490274983,0.0,0.0,0.0,0.71495640509725,0.0,12.95060334680935,80.12704044820954,"{""type"":""MultiPoint"",""coordinates"":[]}"
1181,44.36644128673156,-0.34991676315416687,0.1869295540797559,0.09394184948061772,0.0,0.0,0.0,0.0,0.0,0.0,0.6577181208053691,12.722898744972367,80.21210588569964,"{""type"":""MultiPoint"",""coordinates"":[]}"
1182,28.269307373078476,0.13437328257816603,0.014718623994616991,-0.05872899269566481,0.0,0.0,0.0,0.0,0.0,0.0,1.0,12.82680831994417,80.32178928109754,"{""type"":""MultiPoint"",""coordinates"":[]}"
1183,40.184594388171476,-0.5141017696842469,-0.029387598207666135,0.5377479559861645,0.0,0.0,0.41995981245813796,0.0,0.0,0.5800401875418619,0.0,12.917011749891717,80.07501873983377,"{""type"":""MultiPoint"",""coordinates"":[]}"
1184,47.9279706743901,-0.3928684197845046,0.10621485163558682,0.23304008506785653,0.0,0.8290884718498661,0.0,0.17091152815013405,0.0,0.0,0.0,12.832500714353488,79.94575759169005,"{""type"":""MultiPoint"",""coordinates"":[]}"
1185,28.608347605036798,0.21314101003489494,-0.018425645217996653,-0.06389307079368547,0.0,0.0,0.0,0.0,0.0,0.0,1.0,13.092555405570398,80.3174530335333,"{""type"":""MultiPoint"",""coordinates"":[]}"
1186,42.24293442445638,-0.36258464693926384,0.05835172190720806,0.2613012173307447,0.0,0.8429530201342282,0.0,0.0,0.0,0.15704697986577185,0.0,12.62887149715289,79.93153609120952,"{""type"":""MultiPoint"",""coordinates"":[]}"
1187,43.64327791532444,-0.4459900612280655,0.0178510746673952,0.3914301176969976,0.0,0.0,0.8434782608695652,0.0,0.0,0.15652173913043477,0.0,13.194861619592487,80.26281247764686,"{""type"":""MultiPoint"",""coordinates"":[]}"
1188,39.25606968111189,-0.37045167715081234,-0.23011582697278646,0.6318087214628255,0.0,0.07501674480910918,0.825853985264568,0.09912926992632283,0.0,0.0,0.0,13.074591103990716,80.04527080038822,"{""type"":""MultiPoint"",""coordinates"":[]}"
1189,40.02645745963857,-0.4321750773966633,-0.02753873601846443,0.4504509138318272,0.0,0.42838018741633194,0.0,0.0,0.0,0.571619812583668,0.0,13.000819442692162,80.18886209753404,"{""type"":""MultiPoint"",""coordinates"":[]}"
1190,41.00662221007376,-0.29820903733377413,0.0030193691263187997,0.25283623384690695,0.0,0.6226541554959787,0.0,0.0,0.0,0.3773458445040214,0.0,13.108164343000238,80.2557207911461,"{""type"":""MultiPoint"",""coordinates"":[]}"
1191,28.70246425226847,0.1593661156374542,0.013510432778669486,-0.05246201355520671,0.0,0.0,0.0,0.0,0.0,0.0,1.0,12.735789343225516,80.30524158248889,"{""type"":""MultiPoint"",""coordinates"":[]}"
1192,28.536872455060248,0.1795123932474826,0.004496754933559524,-0.062067819814929204,0.0,0.0,0.0,0.0,0.0,0.0,1.0,12.915381793426494,80.28305162582897,"{""type"":""MultiPoint"",""coordinates"":[]}"
1193,42.2536336582373,-0.504906878389944,0.1002416258228836,0.369244602347646,0.0,0.17359249329758716,0.2861930294906167,0.006032171581769438,0.0,0.5341823056300269,0.0,12.89908101446348,80.11599657212703,"{""type"":""MultiPoint"",""coordinates"":[]}"
1194,38.85790757319278,-0.5111127904998756,-0.05440095753534056,0.5905639949093899,0.0,0.0,0.6880856760374833,0.14257028112449802,0.16733601070950468,0.0020080321285140565,0.0,12.941738427042184,79.99574900724345,"{""type"":""MultiPoint"",""coordinates"":[]}"
1195,31.86040044872742,0.2903992349453073,0.04207182774620164,-0.19223097779803908,0.0,0.0,0.0,0.0,1.0,0.0,0.0,13.035011826361389,80.06704104186034,"{""type"":""MultiPoint"",""coordinates"":[]}"
1196,29.45776736941652,0.35482266476729657,0.022092556398821826,-0.1569111399098195,0.0,0.0,0.0,0.0,0.0,0.0,1.0,12.658575251471914,80.21747163221517,"{""type"":""MultiPoint"",""coordinates"":[]}"
1197,40.828105477263605,-0.3398008490865512,-0.018228333978567365,0.31112308877012435,0.0,1.0,0.0,0.0,0.0,0.0,0.0,12.935757593158865,80.24166621649354,"{""type"":""MultiPoint"",""coordinates"":[]}"
1198,40.19219303639413,-0.523838281290145,0.03689577773502511,0.46193213339396677,0.0,0.0,0.17091152815013408,0.0,0.665549597855228,0.16353887399463812,0.0,12.820299095734482,80.01965848725946,"{""type"":""MultiPoint"",""coordinates"":[]}"
1199,32.16500203897662,0.226353313505042,-0.3293170574826427,0.19842336215168027,0.0,0.0,0.0,0.0,1.0,0.0,0.0,13.06171591155462,80.00784313574401,"{""type"":""MultiPoint"",""coordinates"":[]}"
1200,35.85352581732397,-0.5189444582602858,-0.13947281819213733,0.6852208641866978,0.0,0.0,0.0,0.0,0.0,1.0,0.0,12.776439202268632,79.9960912218929,"{""type"":""MultiPoint"",""coordinates"":[]}"
1201,36.79421604261571,-0.5347679670689846,-0.10658052691992444,0.6838193318738554,0.0,0.0,0.0,0.0,0.0,1.0,0.0,12.856805320995537,80.08778014326326,"{""type"":""MultiPoint"",""coordinates"":[]}"
1202,44.29711134789546,-0.5856262952710739,0.21614800116590746,0.2998586695404595,0.0,0.0,0.841823056300268,0.05630026809651475,0.10187667560321716,0.0,0.0,12.99723645586751,79.96861324273137,"{""type"":""MultiPoint"",""coordinates"":[]}"
1203,44.778971646274265,-0.33522499839316905,0.025181443687425087,0.2599910332523222,0.0,0.4200668896321071,0.0,0.0,0.0,0.579933110367893,0.0,13.184337942717448,80.30268914312035,"{""type"":""MultiPoint"",""coordinates"":[]}"
1204,38.506589436735815,-0.4030180593008944,-0.1793053818597515,0.5990939191223937,0.0,0.19464882943143813,0.15183946488294314,0.0,0.0,0.6535117056856188,0.0,13.141702832056657,80.10617538374068,"{""type"":""MultiPoint"",""coordinates"":[]}"
1205,35.87007467382038,-0.4679363350342127,-0.05059333251393632,0.5124436675275053,0.0,0.0,0.0,0.0,0.0,1.0,0.0,12.986149259554182,80.08347644016108,"{""type"":""MultiPoint"",""coordinates"":[]}"
1206,40.58280084216869,-0.44332109684954657,-0.04107061097722648,0.46235403602363845,0.0,0.18607764390896925,0.0,0.0,0.0,0.8139223560910308,0.0,13.095790159622947,80.13156205136468,"{""type"":""MultiPoint"",""coordinates"":[]}"
1207,40.0485857966354,-0.6019932415208809,0.14727859579807862,0.4521131341495198,0.0,0.0,0.868632707774799,0.0,0.0,0.13136729222520108,0.0,13.109139380250362,80.03552682691274,"{""type"":""MultiPoint"",""coordinates"":[]}"
1208,28.79212379090667,0.21803253932268013,-0.02331278805820647,-0.06411425430352319,0.0,0.0,0.0,0.0,0.0,0.0,1.0,12.600738613008534,80.24202084447147,"{""type"":""MultiPoint"",""coordinates"":[]}"
1209,40.70123271855424,-0.46079193992207257,0.03392883113837839,0.396368993574986,0.0,0.0,0.8480589022757697,0.0,0.0,0.15194109772423023,0.0,13.089410248211133,80.04723749093624,"{""type"":""MultiPoint"",""coordinates"":[]}"
1210,28.713164848863663,0.19387644939592374,-0.019823600460530912,-0.04270059583465143,0.0,0.0,0.0,0.0,0.0,0.0,1.0,13.176621104972323,80.33956433823992,"{""type"":""MultiPoint"",""coordinates"":[]}"
1211,28.712534703641857,0.22336497934677618,-0.016138191668588573,-0.0710163180589695,0.0,0.0,0.0,0.0,0.0,0.0,1.0,12.773538982595948,80.27932173014167,"{""type"":""MultiPoint"",""coordinates"":[]}"
1212,41.640584738639426,-0.5171526971534756,0.014121647065795032,0.5005856318154821,0.0,0.0,0.0,0.0,0.3739946380697052,0.6260053619302949,0.0,13.040025773752435,79.93201015087831,"{""type"":""MultiPoint"",""coordinates"":[]}"
1213,42.1046416624397,-0.27845542115115,0.04985002686868595,0.17296825871768254,0.0,1.0,0.0,0.0,0.0,0.0,0.0,12.938954933638572,80.18475575901353,"{""type"":""MultiPoint"",""coordinates"":[]}"
1214,28.471300921445795,0.18182342704209123,4.5204387777848044E-4,-0.06321263035913102,0.0,0.0,0.0,0.0,0.0,0.0,1.0,12.823889937392456,80.29689675242079,"{""type"":""MultiPoint"",""coordinates"":[]}"
1215,39.6826216941287,-0.35338474655234403,-0.022426494332875867,0.3460159479262207,0.0,1.0,0.0,0.0,0.0,0.0,0.0,13.036212903539496,80.18075346071285,"{""type"":""MultiPoint"",""coordinates"":[]}"
1216,41.65878664310785,-0.3726763199781545,0.020489471037735678,0.3229199975018859,0.0,1.0,0.0,0.0,0.0,0.0,0.0,13.137972442924955,80.13855302701059,"{""type"":""MultiPoint"",""coordinates"":[]}"
1217,41.42331043325504,-0.46580928162678703,0.10452038607237307,0.2939837051108162,0.0,0.0,1.0,0.0,0.0,0.0,0.0,12.81557582541561,80.16371688437425,"{""type"":""MultiPoint"",""coordinates"":[]}"
1218,41.35419774500003,-0.31072526920932386,0.056799354349010685,0.22484263710691457,0.0,0.9605614973262032,0.0,0.0,0.0,0.039438502673796796,0.0,13.122184772792632,80.16430501891229,"{""type"":""MultiPoint"",""coordinates"":[]}"
1219,39.69379804818792,-0.45953653944298506,-2.527656605668137E-4,0.45671018036716515,0.0,0.0,0.9114093959731544,0.0,0.0,0.08859060402684561,0.0,12.665926618154204,79.93294505460558,"{""type"":""MultiPoint"",""coordinates"":[]}"
1220,38.43546180680725,-0.4444977487204178,-0.12966106829246732,0.5262150455237863,0.0,0.4752342704149932,0.0,0.0,0.0,0.5247657295850067,0.0,13.082157018756984,80.23997941997956,"{""type"":""MultiPoint"",""coordinates"":[]}"
1221,28.30809831284854,0.17380240669609168,-0.03653235056446575,-0.050958766395111516,0.0,0.0,0.0,0.0,0.0,0.0,1.0,12.981853636216004,80.33648481573572,"{""type"":""MultiPoint"",""coordinates"":[]}"
1222,39.410300006820954,-0.3958270388009434,-0.016978774800429666,0.4142925023562668,0.0,0.590878604963112,0.016767270288397047,0.17102615694164988,0.0,0.221327967806841,0.0,12.86385942176572,80.08572407204717,"{""type"":""MultiPoint"",""coordinates"":[]}"
1223,42.63090563388073,-0.3986630983830359,0.11991429377573237,0.19962009271044606,0.0,0.27211796246648795,0.7278820375335121,0.0,0.0,0.0,0.0,13.065903061857894,80.10383391743515,"{""type"":""MultiPoint"",""coordinates"":[]}"
1224,40.17989901700471,-0.5247351862290338,-0.044153118204056395,0.5655291446769787,0.0,0.0,0.0,0.0,0.0,1.0,0.0,12.729686022348483,80.0235891277071,"{""type"":""MultiPoint"",""coordinates"":[]}"
1225,28.70284552169915,0.18328063142912634,-0.004174605939824506,-0.05347926090586227,0.0,0.0,0.0,0.0,0.0,0.0,1.0,12.67519632316749,80.30227216907957,"{""type"":""MultiPoint"",""coordinates"":[]}"
1226,41.05261309090974,-0.552860884303773,0.07954707959180547,0.4749100677500466,0.0,0.0,0.42207357859531774,0.39999999999999997,0.1779264214046823,0.0,0.0,13.127068639200912,79.94628982140046,"{""type"":""MultiPoint"",""coordinates"":[]}"
1227,28.464061155171063,0.18034966203713235,0.010410360314250607,-0.06871896004531651,0.0,0.0,0.0,0.0,0.0,0.0,1.0,12.857028013264028,80.2876625249309,"{""type"":""MultiPoint"",""coordinates"":[]}"
1228,41.92159529341595,-0.49518106341273915,-0.13403402587700908,0.6436867959365723,0.0,0.0,0.35231078365706636,0.0,0.10649698593436036,0.5411922304085734,0.0,12.825202771685106,79.90162029488302,"{""type"":""MultiPoint"",""coordinates"":[]}"
1229,36.23286359152817,-0.16444708698374744,-0.21218066666374444,0.513173665347713,0.0,0.0,0.0,0.0,0.0,0.041554959785522795,0.9584450402144772,12.896493818062352,80.23827712349653,"{""type"":""MultiPoint"",""coordinates"":[]}"
1230,39.6495372487952,-0.46874330602919767,-0.08605394249694724,0.5628268572506484,0.0,0.10374832663989292,0.0,0.0,0.0,0.8962516733601071,0.0,13.124631658044587,79.98141668134734,"{""type"":""MultiPoint"",""coordinates"":[]}"
1231,40.72579933632039,-0.35019044916695924,0.06701951671917997,0.2306197558628691,0.0,1.0,0.0,0.0,0.0,0.0,0.0,13.129010023973011,80.2505750103347,"{""type"":""MultiPoint"",""coordinates"":[]}"
1232,47.141808892654176,-0.5820041735787104,0.2271370086023105,0.2757635639212998,0.0,0.0,0.0,1.0,0.0,0.0,0.0,12.764488429362002,80.24719509490326,"{""type"":""MultiPoint"",""coordinates"":[]}"
1233,28.66349564776141,0.087409899990365,0.03561281170422408,-0.02913932434028902,0.0,0.0,0.0,0.0,0.0,0.0,1.0,12.883003429102983,80.33947449966678,"{""type"":""MultiPoint"",""coordinates"":[]}"
1234,28.35766418464478,0.13485376784117767,0.009948906101084867,-0.0584882138955668,0.0,0.0,0.0,0.0,0.0,0.0,1.0,12.802826792799902,80.3246059393454,"{""type"":""MultiPoint"",""coordinates"":[]}"
1235,40.07845529000003,-0.4426306748789413,0.004516025726172978,0.40253052367435393,0.0,0.1613119143239625,0.47456492637215525,0.1111111111111111,0.0,0.25301204819277107,0.0,13.160688929096976,80.00080116598548,"{""type"":""MultiPoint"",""coordinates"":[]}"
1236,42.75854173601611,-0.5661488070170669,0.10050390648526722,0.4269115600717636,0.0,0.0,0.9483568075117371,0.051643192488262914,0.0,0.0,0.0,12.815372003632598,79.96765480884639,"{""type"":""MultiPoint"",""coordinates"":[]}"
1237,28.415330872716336,0.12580116049868692,0.01577521200000175,-0.05388538788962443,0.0,0.0,0.0,0.0,0.0,0.0,1.0,12.776780649604174,80.32676252177201,"{""type"":""MultiPoint"",""coordinates"":[]}"
1238,41.96079939861449,-0.3742948768629849,0.09284639308146031,0.22640632853767023,0.0,0.9123159303882196,0.0,0.0,0.0,0.08768406961178044,0.0,13.052714684120893,80.17194011214556,"{""type"":""MultiPoint"",""coordinates"":[]}"
1239,42.89479166626507,-0.46828084357255245,0.07594831613290137,0.3303270788362338,0.03279785809906292,0.0,0.9444444444444445,0.022757697456492636,0.0,0.0,0.0,13.095281124244591,80.00218774497853,"{""type"":""MultiPoint"",""coordinates"":[]}"
1240,46.44944438475905,-0.29808543639296997,0.09931584207485816,0.15171002465884137,0.0,1.0,0.0,0.0,0.0,0.0,0.0,13.084646024046108,80.15648292754841,"{""type"":""MultiPoint"",""coordinates"":[]}"
1241,40.21974717698796,-0.30624066648225506,0.10790386604646905,0.1380663628711132,0.0,1.0,0.0,0.0,0.0,0.0,0.0,13.168729358017062,80.24963854846794,"{""type"":""MultiPoint"",""coordinates"":[]}"
1242,42.3737095922133,-0.6093441744754945,0.17045480647422506,0.3938745034175244,0.0,0.0,0.14553990610328638,0.8544600938967136,0.0,0.0,0.0,12.80954323996545,80.0872584015688,"{""type"":""MultiPoint"",""coordinates"":[]}"
1243,39.784582852296886,-0.47261784278291047,0.08051878711059847,0.3666452339160216,0.0,0.7535258562793824,0.0,0.0,0.0,0.2464741437206179,0.0,12.81455076409065,80.0748552713543,"{""type"":""MultiPoint"",""coordinates"":[]}"
1244,42.37875529602412,-0.4146210993632931,0.10358767641879783,0.25618806328467086,0.0,0.607095046854083,0.0,0.392904953145917,0.0,0.0,0.0,12.79192280895785,79.98269345883638,"{""type"":""MultiPoint"",""coordinates"":[]}"
1245,41.88080291126762,-0.5636478699787173,0.12335122336755155,0.4138416934207663,0.0,0.0,0.0,0.0,1.0,0.0,0.0,12.809305681403336,79.97969827588983,"{""type"":""MultiPoint"",""coordinates"":[]}"
1246,28.735059316818823,0.1449061283726875,-0.009451354419156142,-0.050650048110149094,0.0,0.0,0.0,0.0,0.0,0.0,1.0,12.636599755096572,80.32152854188529,"{""type"":""MultiPoint"",""coordinates"":[]}"
1247,42.33246918990619,-0.32939722245533853,0.056578684379121905,0.21650660493915255,0.0,1.0,0.0,0.0,0.0,0.0,0.0,13.032304824101818,80.21790610297849,"{""type"":""MultiPoint"",""coordinates"":[]}"
1248,39.273311508230584,-0.5550597370453435,0.03732626882180181,0.541969621905192,0.0,0.0,0.0,0.0,0.6092493297587132,0.39075067024128685,0.0,12.83645196977933,79.924283127009,"{""type"":""MultiPoint"",""coordinates"":[]}"
1249,28.399843184507056,0.16841748895943376,-0.006405804474144778,-0.052224259088984815,0.0,0.0,0.0,0.0,0.0,0.0,1.0,13.026003392987905,80.31484900059132,"{""type"":""MultiPoint"",""coordinates"":[]}"
1250,41.38177510495309,-0.3359845375624554,0.04522074454108977,0.24948363566874862,0.0,1.0,0.0,0.0,0.0,0.0,0.0,12.879863262259551,80.1909825016488,"{""type"":""MultiPoint"",""coordinates"":[]}"
1251,28.845759579328877,0.2610752713814313,-0.0027836707414962175,-0.07214327821586615,0.0,0.0,0.0,0.0,0.0,0.0,1.0,12.722346980889167,80.25241016669044,"{""type"":""MultiPoint"",""coordinates"":[]}"
1252,28.78005560024162,0.272888098639357,-0.015815723428969582,-0.08330475310526883,0.0,0.0,0.0,0.0,0.0,0.0,1.0,12.704319228190514,80.23791775333973,"{""type"":""MultiPoint"",""coordinates"":[]}"
1253,38.3719756314458,-0.46875844791148535,-0.09791002094211276,0.5812928344410867,0.0,0.0,0.0,0.004685408299866131,0.0,0.9953145917001339,0.0,13.08425325697526,80.1044821544137,"{""type"":""MultiPoint"",""coordinates"":[]}"
1254,40.53483874626508,-0.3619293967847859,0.09934052870133127,0.19843688827102193,0.0,0.8406961178045516,0.0,0.0,0.0,0.15930388219544844,0.0,13.061764256477723,80.23090681393477,"{""type"":""MultiPoint"",""coordinates"":[]}"
1255,43.023143368919484,-0.4451000342363396,0.014220312509633194,0.41172233981915257,0.0,0.0,0.3436241610738255,0.11610738255033556,0.0,0.5402684563758389,0.0,12.618676410012538,80.0908006832733,"{""type"":""MultiPoint"",""coordinates"":[]}"
1256,45.11304286444668,-0.5102124733563591,0.17444925362328795,0.2856019863694962,0.0,0.0,0.0,1.0,0.0,0.0,0.0,12.651410501828064,80.19270025548073,"{""type"":""MultiPoint"",""coordinates"":[]}"
1257,42.60045200682094,-0.5481233340809629,0.12732955482851793,0.3689269910210411,0.0,0.0,1.0,0.0,0.0,0.0,0.0,12.755509621138087,79.968270915656,"{""type"":""MultiPoint"",""coordinates"":[]}"
1258,41.88274183386731,-0.5536263644521162,0.15356403280000086,0.3778622780879568,0.0,0.0,0.5804289544235925,0.4195710455764075,0.0,0.0,0.0,12.801645423439904,80.13038926340778,"{""type"":""MultiPoint"",""coordinates"":[]}"
1259,40.782164593746664,-0.37824460463634973,-0.03838475816029584,0.41833837223870957,0.0026809651474530836,0.8753351206434316,0.0,0.11126005361930298,0.0,0.010723860589812334,0.0,12.830427966060121,80.22383905199682,"{""type"":""MultiPoint"",""coordinates"":[]}"
1260,41.7848209666801,-0.4328027076472825,0.09728661162972918,0.2837443680046374,0.0,0.6613011401743797,0.035546613011401745,0.0,0.0,0.30315224681421865,0.0,12.973680694974146,80.0620699898915,"{""type"":""MultiPoint"",""coordinates"":[]}"
1261,28.897026474573572,0.14748643459063038,-0.041653187953468514,-0.039499007608573264,0.0,0.0,0.0,0.0,0.0,0.0,1.0,12.607969001700534,80.33695382267422,"{""type"":""MultiPoint"",""coordinates"":[]}"
1262,38.05663456426561,-0.43242473382815466,-0.09361162418483496,0.5738281340831691,0.0,0.0,0.0,0.40107310529845747,0.0,0.5989268947015426,0.0,12.647141371871758,79.95799902601631,"{""type"":""MultiPoint"",""coordinates"":[]}"
1263,39.01010616888815,-0.11940872987477878,-0.1249828678858033,0.24782454412825328,0.04621567314132619,0.0,0.11386470194239785,0.8399196249162759,0.0,0.0,0.0,12.855712622690529,80.00408222899402,"{""type"":""MultiPoint"",""coordinates"":[]}"
1264,40.636178256286875,-0.5117343008863309,0.0653712377199314,0.4292952014139472,0.0,0.0,0.0,0.8029490616621984,0.0,0.19705093833780157,0.0,12.705407430862206,80.16442313573654,"{""type"":""MultiPoint"",""coordinates"":[]}"
1265,39.93104984331104,-0.36205694499791874,0.07104714282078577,0.24737090833998315,0.0,0.9016722408026756,0.0,0.0,0.0,0.0983277591973244,0.0,13.147009750497546,80.27455807721934,"{""type"":""MultiPoint"",""coordinates"":[]}"
1266,40.972896713456144,-0.3259718266262591,0.11544966284860851,0.1447047138236084,0.17079705291359676,0.7193569993302076,0.0,0.0,0.0,0.10984594775619558,0.0,13.136142739109001,80.25520418812216,"{""type"":""MultiPoint"",""coordinates"":[]}"
1267,28.66453685404427,0.15115786724877608,0.004419501447793125,-0.056649717551616144,0.0,0.0,0.0,0.0,0.0,0.0,1.0,12.857873268103786,80.32373775390303,"{""type"":""MultiPoint"",""coordinates"":[]}"
1268,39.697889384671605,-0.5468214253063233,-0.07445463462829159,0.6314401834032117,0.0,0.0,0.0,0.0,0.0,1.0,0.0,13.05353851346586,79.92857115646511,"{""type"":""MultiPoint"",""coordinates"":[]}"
1269,28.457779853637,0.15012496645717804,0.015987218676689424,-0.04979106583879354,0.0,0.0,0.0,0.0,0.0,0.0,1.0,12.93408913579192,80.29791737541002,"{""type"":""MultiPoint"",""coordinates"":[]}"
1270,28.490481804271347,0.10643340493096762,0.004101879267673824,-0.024709710445229627,0.0,0.0,0.0,0.0,0.0,0.0,1.0,12.642344942796038,80.34569367702234,"{""type"":""MultiPoint"",""coordinates"":[]}"
1271,44.529148586204826,-0.4680470126662807,0.17054448445031045,0.1792822601931621,0.0,0.0,0.48862115127175365,0.5113788487282462,0.0,0.0,0.0,13.162871576855865,80.14194063319955,"{""type"":""MultiPoint"",""coordinates"":[]}"
1272,42.1912238661126,-0.5421869163025232,0.08946515125669076,0.3598569475942453,0.0,0.0,0.0,0.4544235924932975,0.3934316353887399,0.15214477211796246,0.0,12.75048374219982,80.0867793174535,"{""type"":""MultiPoint"",""coordinates"":[]}"
1273,43.267918333396,-0.2972539013524144,0.08063464170884774,0.18246638787982422,0.0,1.0,0.0,0.0,0.0,0.0,0.0,12.970416803391334,80.13905860496216,"{""type"":""MultiPoint"",""coordinates"":[]}"
1274,41.1747552925619,-0.4999560543403169,0.07058815196132139,0.3870859405718636,0.0,0.0,0.7551839464882943,0.0,0.0,0.24481605351170566,0.0,13.173874536652892,80.07484076691719,"{""type"":""MultiPoint"",""coordinates"":[]}"
1275,34.46748890567405,0.30621058604774254,-0.07736215882484118,-0.05965289545991085,0.0,0.0,0.0,0.0,0.0,0.0,1.0,12.910246471603513,80.21872463346746,"{""type"":""MultiPoint"",""coordinates"":[]}"
1276,38.5311352877465,-0.3050918086583528,-0.06198055464409097,0.4243620704145242,0.0,0.0,0.0,0.3494299128101944,0.0,0.6505700871898054,0.0,12.87699547494597,79.90960816446795,"{""type"":""MultiPoint"",""coordinates"":[]}"
1277,39.77246728217832,-0.465420366863161,0.029313122656227143,0.3868598164884728,0.0,0.0,0.0,0.14812332439678283,0.046916890080428965,0.8049597855227882,0.0,12.832136597662458,80.10977949029223,"{""type"":""MultiPoint"",""coordinates"":[]}"
1278,45.470809283664444,-0.5646101109438891,0.10852582269233237,0.40622240816454785,0.0,0.0,0.16778523489932884,0.8322147651006712,0.0,0.0,0.0,12.618762443454617,80.08653838714359,"{""type"":""MultiPoint"",""coordinates"":[]}"
1279,28.357990205875275,0.19826908198358217,-0.015543932054866084,-0.06519447887011591,0.0,0.0,0.0,0.0,0.0,0.0,1.0,13.014759445445533,80.3050701859004,"{""type"":""MultiPoint"",""coordinates"":[]}"
1280,29.207872698814477,0.2642393438969948,-0.013819701669233473,-0.08399862793089882,0.0,0.0,0.0,0.0,0.0,0.0,1.0,13.172841174707171,80.3202498926724,"{""type"":""MultiPoint"",""coordinates"":[]}"
1281,39.485547724275186,-0.5258280288233317,0.004146861149938817,0.5168462239937043,0.0,0.0,0.6845637583892616,0.0,0.0,0.3154362416107382,0.0,12.990223919166409,80.1239560539964,"{""type"":""MultiPoint"",""coordinates"":[]}"
1282,36.179453229583636,-0.4917002948530138,-0.08876960363367416,0.616479855216133,0.0,0.0,0.0,0.0,0.19408999328408327,0.8059100067159168,0.0,12.79433688506556,80.05439351156676,"{""type"":""MultiPoint"",""coordinates"":[]}"
1283,28.593090837062384,0.17539312582881106,0.029999873218639683,-0.06928416284157012,0.0,0.0,0.0,0.0,0.0,0.0,1.0,12.813349974555651,80.2849355168798,"{""type"":""MultiPoint"",""coordinates"":[]}"
1284,41.250654908707304,-0.3964026602240779,0.04671297114727385,0.3095072905711654,0.0,0.8084393837910245,0.0,0.0,0.0,0.19156061620897522,0.0,12.984701583047661,80.05333399928016,"{""type"":""MultiPoint"",""coordinates"":[]}"
1285,41.03659059387401,-0.5796147151210874,0.1501267157058526,0.41081861510809964,0.0,0.0,1.0,0.0,0.0,0.0,0.0,12.945336025561181,80.00520730736497,"{""type"":""MultiPoint"",""coordinates"":[]}"
1286,41.66417242571431,-0.4361105488196431,-0.0356252645770821,0.45710103853747214,0.0,0.006036217303822937,0.0,0.19517102615694162,0.0,0.7987927565392354,0.0,12.754558100891563,80.2000169344607,"{""type"":""MultiPoint"",""coordinates"":[]}"
1287,36.17864834199063,-0.5119708672900152,-0.09757530490100522,0.6371123152540623,0.0,0.0,0.27010723860589814,0.16353887399463804,0.08914209115281502,0.4772117962466487,0.0,12.775250236104158,79.98258549876404,"{""type"":""MultiPoint"",""coordinates"":[]}"
1288,28.318943308181844,0.1732346796236421,-0.035879399046631476,-0.042745590893919216,0.0,0.0,0.0,0.0,0.0,0.0,1.0,12.949910522394532,80.32224821163106,"{""type"":""MultiPoint"",""coordinates"":[]}"
1289,41.81761204337352,-0.44948159735791954,-0.060226697050820524,0.5051474351029556,0.0,0.46854082998661317,0.0,0.0,0.0,0.5314591700133869,0.0,13.09434885538439,80.13243257769625,"{""type"":""MultiPoint"",""coordinates"":[]}"
1290,28.53935703987955,0.16196530464869718,-5.824640695955552E-4,-0.04386385852077842,0.0,0.0,0.0,0.0,0.0,0.0,1.0,12.868185040557268,80.30459437111656,"{""type"":""MultiPoint"",""coordinates"":[]}"
1291,41.26499657311664,-0.492499077399781,0.0835867426074964,0.3799622050556965,0.0,0.0,0.6662198391420912,0.33378016085790885,0.0,0.0,0.0,12.862513439003985,80.15736366987129,"{""type"":""MultiPoint"",""coordinates"":[]}"
1292,28.867546839376285,0.09649723080373611,0.01831704320695592,-0.05081909194517582,0.0,0.0,0.0,0.0,0.0,0.0,1.0,12.62124103361898,80.33638685702496,"{""type"":""MultiPoint"",""coordinates"":[]}"
1293,44.99554776779494,-0.5489345183357305,0.2016980048863368,0.27692237535557657,0.0,0.0,0.019436997319034855,0.9805630026809651,0.0,0.0,0.0,12.763989894401627,79.92622208190879,"{""type"":""MultiPoint"",""coordinates"":[]}"
1294,41.77563059633805,-0.47946865911221226,0.13923943143270254,0.24098452003950427,0.0,0.0,0.0,0.9812206572769954,0.018108651911468814,6.706908115358819E-4,0.0,12.740778285758616,80.06738971900604,"{""type"":""MultiPoint"",""coordinates"":[]}"
1295,40.47554051370472,-0.4510435527848129,-0.047785442577006655,0.41533156563209866,0.0,0.6644295302013423,0.0,0.03691275167785235,0.0,0.29865771812080544,0.0,12.623465701866726,80.19777349193342,"{""type"":""MultiPoint"",""coordinates"":[]}"
1296,43.753478932332456,-0.5902484019354409,0.16628793912567788,0.3635465120626063,0.0,0.0,0.29088471849865954,0.5341823056300269,0.17493297587131368,0.0,0.0,12.860544445527783,79.91877239290288,"{""type"":""MultiPoint"",""coordinates"":[]}"
1297,38.74987586965219,-0.41288215997824695,-0.0840722403940614,0.5251199667498024,0.0,0.0,0.865551839464883,0.13444816053511707,0.0,0.0,0.0,13.085410584844869,80.06424085100524,"{""type"":""MultiPoint"",""coordinates"":[]}"
1298,28.580364386338058,0.12073010811148582,0.010690477259337488,-0.04102922823314614,0.0,0.0,0.0,0.0,0.0,0.0,1.0,12.788946895764733,80.34418127923827,"{""type"":""MultiPoint"",""coordinates"":[]}"
1299,28.63584221651478,0.12228418788775794,0.0032494027534906962,-0.033678603461209496,0.0,0.0,0.0,0.0,0.0,0.0,1.0,12.64949202484368,80.34614561439138,"{""type"":""MultiPoint"",""coordinates"":[]}"
1300,29.56902265957749,0.28681517161902287,0.07342935259258124,-0.15687322799199377,0.0,0.0,0.0,0.0,0.0,0.0,1.0,12.919316752921855,80.26152149423234,"{""type"":""MultiPoint"",""coordinates"":[]}"
1301,28.336620866987968,0.12256409234133561,0.0048054453489808245,-0.04776951452589889,0.0,0.0,0.0,0.0,0.0,0.0,1.0,13.00626975776592,80.33876021887434,"{""type"":""MultiPoint"",""coordinates"":[]}"
1302,44.461817808570494,-0.3859234410860688,0.034050317443252,0.30511238727186757,0.0,0.22751677852348998,0.12214765100671142,0.08993288590604027,0.06510067114093959,0.4953020134228188,0.0,12.861510668025055,79.93441210480326,"{""type"":""MultiPoint"",""coordinates"":[]}"
1303,31.804511814575267,0.19287036735182067,-0.14916536416778403,0.04965872678007383,0.0,0.0,1.0,0.0,0.0,0.0,0.0,13.119595832127382,80.18205461652543,"{""type"":""MultiPoint"",""coordinates"":[]}"
1304,40.70036070496984,-0.4943538371037558,-0.007824775481840383,0.49173262805022877,0.0,0.3112005365526493,0.0,0.0,0.0,0.6887994634473508,0.0,12.670528303922765,79.95678458358424,"{""type"":""MultiPoint"",""coordinates"":[]}"
1305,43.78245306404556,-0.4944768728358088,0.11005852445033265,0.316863322448328,0.0,0.0,1.0,0.0,0.0,0.0,0.0,12.946858975251779,79.94530035113121,"{""type"":""MultiPoint"",""coordinates"":[]}"
1306,39.31532803430204,-0.4769046306067459,-0.11186182964286923,0.648101437791273,0.0,0.0,0.0,0.0,0.0,1.0,0.0,12.778215840010503,80.1282815171105,"{""type"":""MultiPoint"",""coordinates"":[]}"
1307,28.907255245432612,0.18389341332073755,-0.002488921422197218,-0.07059355806032966,0.0,0.0,0.0,0.0,0.0,0.0,1.0,12.62379083232041,80.30210799138277,"{""type"":""MultiPoint"",""coordinates"":[]}"
1308,28.868073892049587,0.1315740541963609,0.017654708254511375,-0.05110573673142005,0.0,0.0,0.0,0.0,0.0,0.0,1.0,12.863368086674162,80.32450810348988,"{""type"":""MultiPoint"",""coordinates"":[]}"
1309,38.689408540006724,-0.5871732710342181,0.08310445400068722,0.46945494544323385,0.0,0.0,0.0,0.3445040214477212,0.0,0.6554959785522789,0.0,13.004631846970353,80.26816101020678,"{""type"":""MultiPoint"",""coordinates"":[]}"
1310,43.42009941928287,-0.5286404008423355,0.11488381334717154,0.36110381839800026,0.0,0.0,0.3076407506702413,0.6923592493297587,0.0,0.0,0.0,12.796020925746763,80.11837075827222,"{""type"":""MultiPoint"",""coordinates"":[]}"
1311,38.27522057120888,-0.21592744589729312,-0.038548656566650144,0.20839516421641172,0.38012088650100745,0.17797179314976497,0.0,0.41773002014775024,0.0,0.0,0.024177300201477504,12.8605673599754,80.24949749896507,"{""type"":""MultiPoint"",""coordinates"":[]}"
1312,33.90756289897387,-0.12854926810764217,-0.02778026981796301,0.30718163588514236,0.0,0.0,0.2870556673373576,0.4942991281019451,0.0,0.21864520456069755,0.0,12.875571657075824,80.07060344384038,"{""type"":""MultiPoint"",""coordinates"":[]}"
1313,40.28672534120888,-0.5230440008281341,0.0048721817248342575,0.5289300813945743,0.0,0.0,0.0,0.0,0.08596373404969777,0.9140362659503021,0.0,12.675153193182473,79.92120391133182,"{""type"":""MultiPoint"",""coordinates"":[]}"
1314,37.42284796435367,-0.43679771205790574,-0.15616065271918403,0.6257008971945874,0.0,0.0,0.8868050904219691,0.0,0.0,0.11319490957803081,0.0,12.91671935781531,80.05206334317673,"{""type"":""MultiPoint"",""coordinates"":[]}"
1315,42.45226827091827,-0.3570057138039067,-0.048580103175459445,0.39845023673957175,0.0,0.890750670241287,0.0,0.0,0.0,0.10924932975871314,0.0,12.94437555512729,80.12039299071115,"{""type"":""MultiPoint"",""coordinates"":[]}"
1316,37.53245219796783,-0.5187222732740954,-0.13986819727296593,0.6652755527662355,0.0,0.0,0.3051643192488263,0.0,0.0,0.6948356807511737,0.0,12.756629079989864,79.95217646170389,"{""type"":""MultiPoint"",""coordinates"":[]}"
1317,42.06929654074398,-0.31182992639007256,0.07974441852238931,0.17851509497731516,0.0,1.0,0.0,0.0,0.0,0.0,0.0,12.969296490937568,80.19184892376596,"{""type"":""MultiPoint"",""coordinates"":[]}"
1318,37.32011276843941,-0.5040371572285527,-0.0483108341334782,0.5642255872262157,0.0,0.0,0.0,0.0,0.22036168787675822,0.779638312123242,0.0,13.183939068066831,80.00677432983227,"{""type"":""MultiPoint"",""coordinates"":[]}"
1319,37.3686358320027,-0.19693467275163684,0.2009023439298222,0.09709926919397656,0.0,0.056932350971198926,0.040857334226389826,0.30207635632953783,0.0,6.697923643670463E-4,0.5994641661085064,12.8390944083631,80.21277855599347,"{""type"":""MultiPoint"",""coordinates"":[]}"
1320,40.025717126309466,-0.32716307429740493,0.04188425690470484,0.22165623580055419,0.0,0.6818486269256531,0.0,0.2940388479571333,0.0,0.024112525117213665,0.0,13.032789978189538,80.12687595243113,"{""type"":""MultiPoint"",""coordinates"":[]}"
1321,41.00096941895443,-0.49497869435244785,-0.04454868948320215,0.5475085942451685,0.0,0.027479892761394103,0.0,0.0,0.0,0.9725201072386058,0.0,13.00144548974421,80.19448691833438,"{""type"":""MultiPoint"",""coordinates"":[]}"
1322,37.97735561355425,-0.4306767990463807,-0.08176090926064679,0.4720761217601996,0.0,0.1211512717536814,0.0,0.0,0.0,0.8788487282463187,0.0,13.008630050003678,80.26225736643389,"{""type"":""MultiPoint"",""coordinates"":[]}"
1323,39.66384549310994,-0.5524258382669827,0.08806479709945246,0.46501299331670665,0.0,0.0,0.002680965147453083,0.9973190348525469,0.0,0.0,0.0,12.947489687739306,80.02037171897571,"{""type"":""MultiPoint"",""coordinates"":[]}"
1324,40.56025903792897,-0.5238539535060496,0.1275512807016003,0.344950518624298,0.0,0.0,0.18297587131367293,0.8170241286863271,0.0,0.0,0.0,13.106340357077874,80.01166500082681,"{""type"":""MultiPoint"",""coordinates"":[]}"
1325,32.88522034780537,0.6275042927631543,-0.08447794660472259,-0.47490444376172286,0.0,0.0,0.0,0.0,0.0,0.0,1.0,12.706867174997726,80.15312557022777,"{""type"":""MultiPoint"",""coordinates"":[]}"
1326,30.754693872364385,0.4121757915544358,-0.21848645511448145,-0.08257791686556788,0.0,0.0,0.0,0.0,0.0,0.0,1.0,13.01197956538347,80.06879478158913,"{""type"":""MultiPoint"",""coordinates"":[]}"
1327,42.14779245406441,-0.2934417736896295,0.11093713577532294,0.17820799378630706,0.0,1.0,0.0,0.0,0.0,0.0,0.0,12.976162885466566,80.2462619076725,"{""type"":""MultiPoint"",""coordinates"":[]}"
1328,39.33262142442065,-0.19344670181675064,0.0020183948524587474,0.1282245450562667,0.0,1.0,0.0,0.0,0.0,0.0,0.0,13.079258681092238,80.1832927350419,"{""type"":""MultiPoint"",""coordinates"":[]}"
1329,34.972136781808445,-0.2842025732432972,-0.1809546237171506,0.5037081624843504,0.0,0.0,0.0,0.0,0.0,0.5150703281982585,0.48492967180174146,13.198359374411876,80.30556301307826,"{""type"":""MultiPoint"",""coordinates"":[]}"
1330,43.74976781853987,-0.481767128711771,0.04596950801947633,0.4077955963865862,0.17213663764233086,0.16811788345612858,0.0,0.18352310783657064,0.0,0.4762223710649699,0.0,12.976614997569111,80.14923425125693,"{""type"":""MultiPoint"",""coordinates"":[]}"
1331,40.204001881663345,-0.3057412057352619,0.040511894791471555,0.20561686909632634,0.0,1.0,0.0,0.0,0.0,0.0,0.0,13.148878013289448,80.24923455239467,"{""type"":""MultiPoint"",""coordinates"":[]}"
1332,41.283538648959755,-0.4862044250618402,-0.022772016270036968,0.4738705483521663,0.0,0.0,0.2852348993288591,0.11275167785234902,0.0,0.602013422818792,0.0,12.614279427439868,79.9528725233001,"{""type"":""MultiPoint"",""coordinates"":[]}"
1333,41.83476391481929,-0.37466953582914586,0.01985284024687411,0.351144666863653,0.0,0.0,0.5910307898259706,0.10508701472556896,0.0,0.3038821954484605,0.0,12.855083705505324,79.98422140993479,"{""type"":""MultiPoint"",""coordinates"":[]}"
1334,38.101206370342084,-0.5063148044071647,-0.03757634985057506,0.5432175998532397,0.0,0.5352112676056339,0.0,0.0,0.0,0.4647887323943662,0.0,12.614100320987227,79.97687727702026,"{""type"":""MultiPoint"",""coordinates"":[]}"
1335,28.977478248551318,0.25317058175471885,-0.017575566339337958,-0.08539500931455504,0.0,0.0,0.0,0.0,0.0,0.0,1.0,12.82009043761531,80.26804575652078,"{""type"":""MultiPoint"",""coordinates"":[]}"
1336,41.87698262207387,-0.49558206745711453,0.01867308237288146,0.46032092151905296,0.0,0.0,0.1563758389261745,0.022818791946308727,0.0,0.8208053691275168,0.0,12.701817906003662,79.92553779750891,"{""type"":""MultiPoint"",""coordinates"":[]}"
1337,43.17354103493978,-0.3417697247322607,0.10956108061985087,0.18426301166304954,0.0,0.8701472556894244,0.0,0.0,0.0,0.1298527443105756,0.0,13.114189046975207,80.26610505399671,"{""type"":""MultiPoint"",""coordinates"":[]}"
1338,39.468245431758405,-0.43071177491393303,-0.002346489958361038,0.34988577722205705,0.0,0.0,1.0,0.0,0.0,0.0,0.0,12.767550813265544,80.08077743416403,"{""type"":""MultiPoint"",""coordinates"":[]}"
1339,45.034722982293765,-0.6405793074122385,0.17830763867605834,0.4473875102461684,0.0,0.0,0.0,0.2689470154258886,0.5600268276324615,0.17102615694164988,0.0,12.810386548164622,79.92533031329242,"{""type"":""MultiPoint"",""coordinates"":[]}"
1340,40.76945240849968,-0.5838560289259836,0.1483138622720379,0.42917153751804066,0.0,0.0,0.5184192900200938,0.1406563965170797,0.0,0.34092431346282653,0.0,12.954507936098738,80.01006749557729,"{""type"":""MultiPoint"",""coordinates"":[]}"
1341,35.2767228855459,-0.344864682556087,-0.2501991761768325,0.6210100825467602,0.0,0.0,0.15271265907568654,0.0,0.020093770931011386,0.8004018754186203,0.0,13.145895872003244,80.2718833056207,"{""type"":""MultiPoint"",""coordinates"":[]}"
1342,36.36242385724048,-0.46744973382930705,-0.21100428492327353,0.6849139370857205,0.0,0.0,0.0,0.1118553248492967,0.0,0.8881446751507033,0.0,13.147727026918338,80.26738379132891,"{""type"":""MultiPoint"",""coordinates"":[]}"
1343,42.41405116087745,-0.4087560078630219,0.051122853145506686,0.3297378305902446,0.0,0.32083054253181514,0.6034829202947086,0.07568653717347623,0.0,0.0,0.0,13.044778131774436,80.08483570313955,"{""type"":""MultiPoint"",""coordinates"":[]}"
1344,40.78320457102411,-0.3622842320184153,0.1468388626595745,0.1585369522293486,0.0,1.0,0.0,0.0,0.0,0.0,0.0,13.030536406695092,80.27387978675945,"{""type"":""MultiPoint"",""coordinates"":[]}"
1345,44.669522102253524,-0.5523971960273233,0.15772906291503963,0.29353221311432115,0.0,0.0,0.0811535881958417,0.7981220657276995,0.0,0.12072434607645872,0.0,12.626806061942938,79.98132971753658,"{""type"":""MultiPoint"",""coordinates"":[]}"
1346,34.61586136766445,-0.5581864948437991,-0.06603806485534287,0.6403848815530605,0.0,0.0,0.0,0.0,0.0,1.0,0.0,12.717444005569675,80.04468087342325,"{""type"":""MultiPoint"",""coordinates"":[]}"
1347,52.538022647508384,-0.21830888870641246,0.19309019660433185,-0.02331706224308697,0.5539182853315472,0.4460817146684527,0.0,0.0,0.0,0.0,0.0,12.837510528389702,79.93993299063301,"{""type"":""MultiPoint"",""coordinates"":[]}"
1348,39.99036449339132,-0.29492780866611207,-0.009931884902349735,0.25602995394967576,0.0,1.0,0.0,0.0,0.0,0.0,0.0,13.031297429714412,80.24490702508179,"{""type"":""MultiPoint"",""coordinates"":[]}"
1349,43.11006774667116,-0.562399515023778,0.18049724975524348,0.3167861393213233,0.0,0.0,0.9644295302013424,0.03557046979865772,0.0,0.0,0.0,12.774884267712709,79.92755578197645,"{""type"":""MultiPoint"",""coordinates"":[]}"
1350,44.52676876058353,-0.20387641980569124,0.09906910942806056,0.0682975126238481,0.22199865861837692,0.7270288397048961,0.021462105969148222,0.029510395707578806,0.0,0.0,0.0,12.833661171531224,80.11615493029285,"{""type"":""MultiPoint"",""coordinates"":[]}"
1351,41.307421459637844,-0.5076822700488526,0.04488830538916536,0.44765308353524236,0.0,0.0,0.0,0.5378940308517773,0.0,0.4621059691482227,0.0,12.758528176356831,80.12529338199671,"{""type"":""MultiPoint"",""coordinates"":[]}"
1352,28.37847151285237,0.15648790455863057,-0.015611312118955552,-0.059921509621362924,0.0,0.0,0.0,0.0,0.0,0.0,1.0,12.660264492877625,80.34357441528086,"{""type"":""MultiPoint"",""coordinates"":[]}"
1353,43.600442926704645,-0.59093095702784,0.16789241299834323,0.39012741732000544,0.0,0.0,0.29135967849966515,0.7086403215003348,0.0,0.0,0.0,12.939834731514399,79.99707250207986,"{""type"":""MultiPoint"",""coordinates"":[]}"
1354,43.8778139916287,-0.32590806912043535,0.08889464153371385,0.19907121851939288,0.0,1.0,0.0,0.0,0.0,0.0,0.0,13.148909578631613,80.20800280357018,"{""type"":""MultiPoint"",""coordinates"":[]}"
1355,28.70746727694168,0.1735842844203817,0.01779957101556938,-0.05144379302372376,0.0,0.0,0.0,0.0,0.0,0.0,1.0,12.711463264427593,80.2780304880131,"{""type"":""MultiPoint"",""coordinates"":[]}"
1356,42.587654886506044,-0.3118890389707906,0.010879472832132706,0.25827559287184065,0.0,0.9933065595716198,0.0,0.0,0.0,0.006693440428380187,0.0,13.118969398670112,80.16618566104329,"{""type"":""MultiPoint"",""coordinates"":[]}"
1357,41.41196690886136,-0.3669639654873131,0.05288585203798904,0.2926466466159359,0.0,1.0,0.0,0.0,0.0,0.0,0.0,12.906020560675623,80.10444449664043,"{""type"":""MultiPoint"",""coordinates"":[]}"
1358,39.245944522275174,-0.5077605361315397,-0.10771578817367213,0.6194015956869614,0.0,0.0,0.37315436241610733,0.0,0.0,0.6268456375838926,0.0,12.71185062555626,80.00671050396998,"{""type"":""MultiPoint"",""coordinates"":[]}"
1359,28.6997856018469,0.2116006177114339,-0.01899314374399172,-0.05765507244673881,0.0,0.0,0.0,0.0,0.0,0.0,1.0,12.729777235835481,80.28030378953157,"{""type"":""MultiPoint"",""coordinates"":[]}"
1360,40.90815007405227,-0.4169637006747112,1.2874557403520133E-5,0.3767640726003376,0.0,0.6885465505693237,0.0,0.0,0.0,0.31145344943067654,0.0,12.83658886865234,80.06640956065944,"{""type"":""MultiPoint"",""coordinates"":[]}"
1361,41.860309027240476,-0.26560055412670497,0.09140868992903084,0.1397845324582228,0.0,1.0,0.0,0.0,0.0,0.0,0.0,13.031181882600785,80.20523578324648,"{""type"":""MultiPoint"",""coordinates"":[]}"
1362,37.48955752060994,-0.521764750623964,-0.21567018567178245,0.721227026493669,0.0,0.0,0.0,0.0,0.0,1.0,0.0,12.697969945799306,79.97890344737873,"{""type"":""MultiPoint"",""coordinates"":[]}"
1363,28.89542055177065,0.12678264818347096,0.017242508491909832,-0.05035232274894072,0.0,0.0,0.0,0.0,0.0,0.0,1.0,12.728916626594058,80.31315938527663,"{""type"":""MultiPoint"",""coordinates"":[]}"
1364,42.65896455409519,-0.5566499858260803,0.11048910579044982,0.4097982589245947,0.0,0.0,0.07238605898123325,0.9276139410187667,0.0,0.0,0.0,12.769730797172013,80.20830101648455,"{""type"":""MultiPoint"",""coordinates"":[]}"
1365,40.03973834808315,-0.4406779164170455,0.024189073296077713,0.38655865256050626,0.0,0.25268096514745314,0.0,0.0,0.0,0.747319034852547,0.0,12.780630737418338,80.10522836928789,"{""type"":""MultiPoint"",""coordinates"":[]}"
1366,44.28009040226847,-0.5488183883813302,0.10082508735552413,0.3780854390273396,0.0,0.005369127516778523,0.0,0.9946308724832215,0.0,0.0,0.0,12.693089374739197,80.22199852852484,"{""type"":""MultiPoint"",""coordinates"":[]}"
1367,36.20306239495648,-0.35703833471187907,-0.1612807625249735,0.5456604702453891,0.0,0.0,0.8814467515070328,6.697923643670462E-4,0.0,0.11788345612860013,0.0,12.84984571717417,79.98312652465951,"{""type"":""MultiPoint"",""coordinates"":[]}"
1368,38.64252874626007,-0.4869408331102042,-0.10673955821087984,0.6018561440649471,0.0,0.0,0.26273458445040215,0.042225201072386066,0.0,0.6950402144772118,0.0,12.810182483700263,79.90294372062297,"{""type"":""MultiPoint"",""coordinates"":[]}"
1369,28.44084314100469,0.13859687317219796,-0.007160748046518747,-0.02567672672738703,0.0,0.0,0.0,0.0,0.0,0.0,1.0,12.909762237533048,80.33085811977831,"{""type"":""MultiPoint"",""coordinates"":[]}"
1370,40.12809960108128,-0.5445676930906396,0.004064758382032776,0.5098779843001486,0.0,0.0,0.18401611820013436,0.0,0.16924110141034254,0.6467427803895233,0.0,12.691656960707428,80.00944840356607,"{""type"":""MultiPoint"",""coordinates"":[]}"
1371,41.597035087879625,-0.40482159976615656,0.06541000625867228,0.3106896139111057,0.0,1.0,0.0,0.0,0.0,0.0,0.0,13.132884797584223,79.90041776715047,"{""type"":""MultiPoint"",""coordinates"":[]}"
1372,42.13445884696383,-0.5680350461115433,0.11565304569789807,0.4136863272009457,0.0,0.0,0.6936997319034852,0.29088471849865954,0.01541554959785523,0.0,0.0,12.788116758651146,80.06076095148397,"{""type"":""MultiPoint"",""coordinates"":[]}"
1373,44.2963060972051,-0.5689911519636575,0.154881753634348,0.3608152082517667,0.0,0.0,0.0,1.0,0.0,0.0,0.0,12.725456114437433,80.16800680677434,"{""type"":""MultiPoint"",""coordinates"":[]}"
1374,28.700267998987954,0.17595683760980824,-0.013386908217643744,-0.050540062073997104,0.0,0.0,0.0,0.0,0.0,0.0,1.0,12.853824084617797,80.31537593306471,"{""type"":""MultiPoint"",""coordinates"":[]}"
1375,28.763042348342296,0.15396077947762285,-0.023130038127436355,-0.03585415587206934,0.0,0.0,0.0,0.0,0.0,0.0,1.0,12.751002525986145,80.32694576591791,"{""type"":""MultiPoint"",""coordinates"":[]}"
1376,46.183462062520135,-0.5188200254573898,0.13681466718610125,0.34416057053950544,0.0,0.0,0.0,1.0,0.0,0.0,0.0,12.917510016968075,80.21681686970985,"{""type"":""MultiPoint"",""coordinates"":[]}"
1377,43.80669034680724,-0.5740738258468512,0.16225183628370574,0.38092817035829835,0.0,0.0,0.9484605087014727,0.01740294511378849,0.0,0.03413654618473896,0.0,13.106903515533146,79.97288259426284,"{""type"":""MultiPoint"",""coordinates"":[]}"
1378,43.599887150000015,-0.564363428284724,0.1837785465970945,0.3499687434287806,0.0,0.0,1.0,0.0,0.0,0.0,0.0,13.15896854856569,79.94007350465688,"{""type"":""MultiPoint"",""coordinates"":[]}"
1379,45.75862722878769,-0.28049713396642906,0.14128744308373525,0.064631805927345,0.0,1.0,0.0,0.0,0.0,0.0,0.0,13.124736388195194,80.01550486188057,"{""type"":""MultiPoint"",""coordinates"":[]}"
1380,36.816257801368224,-0.46966159100627614,-0.06619815541134098,0.541958646881013,0.0,0.022803487592219986,0.0,0.0,0.0,0.9771965124077799,0.0,12.993071885228737,80.06940247909635,"{""type"":""MultiPoint"",""coordinates"":[]}"
1381,40.18982653863274,-0.36589638926636286,-0.005290449089624294,0.34382681559847744,0.0,0.6012064343163541,0.0,0.11394101876675607,0.0,0.28485254691689016,0.0,12.723633498217826,80.19057257763396,"{""type"":""MultiPoint"",""coordinates"":[]}"
1382,36.49270991350337,-0.40572340602114854,-0.09640572931253501,0.42834782056701165,0.0,0.0,1.0,0.0,0.0,0.0,0.0,12.628733351752974,80.00261389336376,"{""type"":""MultiPoint"",""coordinates"":[]}"
1383,40.95083082262737,-0.30277390574276386,0.09030219064263666,0.18426131670748927,0.1970509383378016,0.618632707774799,0.0,0.12131367292225202,0.0,0.0,0.06300268096514747,12.916803565606296,80.14211754633469,"{""type"":""MultiPoint"",""coordinates"":[]}"
1384,34.47358319413933,-0.020888291836077176,0.08219909232484368,0.039133938853764344,0.0,0.0,0.0,0.0,0.0,0.0,1.0,12.839353644924632,80.21140358721037,"{""type"":""MultiPoint"",""coordinates"":[]}"
1385,41.65698491387812,-0.2898909710852063,0.11320369884466291,0.12107941264666933,0.0,1.0,0.0,0.0,0.0,0.0,0.0,13.13129217384836,80.24320029558682,"{""type"":""MultiPoint"",""coordinates"":[]}"
1386,44.32351004609662,-0.5956860739988273,0.15019171201625398,0.4274301642465985,0.0,0.0,0.0,1.0,0.0,0.0,0.0,12.64266378488402,80.18248481758313,"{""type"":""MultiPoint"",""coordinates"":[]}"
1387,34.18856757614767,-0.2445687661929367,-0.17904614354886123,0.5145545494833558,0.0,0.0,0.2248322147651007,0.0389261744966443,0.0,0.7362416107382551,0.0,12.730063310218771,80.02959994863981,"{""type"":""MultiPoint"",""coordinates"":[]}"
1388,44.65919233670905,-0.5634042176944336,0.14588763236819602,0.3771456379508127,0.0,0.0,0.691638795986622,0.30836120401337797,0.0,0.0,0.0,12.83864197864481,79.91113345045731,"{""type"":""MultiPoint"",""coordinates"":[]}"
1389,42.91225125102411,-0.39379203894822973,0.036120803954562235,0.3311224705289586,0.0,0.8701472556894242,0.0,0.0,0.0,0.1298527443105756,0.0,13.11934005239829,80.27750100236871,"{""type"":""MultiPoint"",""coordinates"":[]}"
1390,28.747326839731386,0.18176174055113484,-0.005896992235684952,-0.05373071338781186,0.0,0.0,0.0,0.0,0.0,0.0,1.0,12.688881606176158,80.30369942236935,"{""type"":""MultiPoint"",""coordinates"":[]}"
1391,32.38533094023447,0.3691156927710391,-0.01572193993719763,-0.24058498717186946,0.1259209645010047,0.0,0.0,0.0,0.0,0.0,0.8740790354989953,12.966007888955259,80.26569656700437,"{""type"":""MultiPoint"",""coordinates"":[]}"
1392,38.248319684161096,-0.5975973967366526,0.022950653889611,0.5686915613017447,0.0,0.0,0.0,0.0,0.0,1.0,0.0,12.663754015229598,80.04576495031978,"{""type"":""MultiPoint"",""coordinates"":[]}"
1393,41.203519222530154,-0.37372545155606907,0.014419052877545533,0.3234347044436471,0.0,0.967202141900937,0.0,0.0,0.0,0.032797858099062924,0.0,13.160570722343005,80.21044512074323,"{""type"":""MultiPoint"",""coordinates"":[]}"
1394,43.41086137260056,-0.3209936838463377,0.01779203049946325,0.2732432700290205,0.0,0.3793565683646113,0.1126005361930295,0.5080428954423593,0.0,0.0,0.0,12.9336558111056,80.21809470161095,"{""type"":""MultiPoint"",""coordinates"":[]}"
1395,44.26782337082496,-0.4137335984162964,0.134272838951998,0.1917888292864686,0.0,0.0,0.0,0.602280348759222,0.31120053655264923,0.08651911468812877,0.0,12.794113478968034,80.18622610408677,"{""type"":""MultiPoint"",""coordinates"":[]}"
1396,28.715816323782718,0.18466693066181028,-0.009456128136882312,-0.06170815496663186,0.0,0.0,0.0,0.0,0.0,0.0,1.0,12.609780432142134,80.27260570591774,"{""type"":""MultiPoint"",""coordinates"":[]}"
1397,40.921429528178194,-0.36945383726640224,0.07416817344445081,0.2561046212269332,0.0,0.8667113194909578,0.0,0.0,0.0,0.1332886805090422,0.0,13.001974270518533,80.25688297350747,"{""type"":""MultiPoint"",""coordinates"":[]}"
1398,43.5275266929471,-0.599719218818538,0.1768865345109848,0.37257371679147705,0.0,0.0,0.0,0.0,0.8044206296048223,0.19557937039517748,0.0,12.878123037889269,79.97473610775477,"{""type"":""MultiPoint"",""coordinates"":[]}"
1399,28.61261568674701,0.15549147122736134,-0.02028222131552151,-0.04245345668933105,0.0,0.0,0.0,0.0,0.0,0.0,1.0,12.987876737365216,80.33862901918825,"{""type"":""MultiPoint"",""coordinates"":[]}"
1400,28.723535542677876,0.14892226372170367,-0.012083888833955501,-0.048078319393414615,0.0,0.0,0.0,0.0,0.0,0.0,1.0,12.672470328928265,80.31524136501713,"{""type"":""MultiPoint"",""coordinates"":[]}"
1401,34.83859239711411,-0.0043185763393993005,0.14632165945348335,-0.0703933366671773,0.0,0.0,0.0,0.961744966442953,0.0,0.038255033557046986,0.0,12.767991364037124,80.10668684609578,"{""type"":""MultiPoint"",""coordinates"":[]}"
1402,28.875302924651496,0.16038009831371153,0.0066638792203669054,-0.07670921592096296,0.0,0.0,0.0,0.0,0.0,0.0,1.0,12.616615552629462,80.31595877904442,"{""type"":""MultiPoint"",""coordinates"":[]}"
1403,45.47268917543261,-0.4650735892056104,0.160783840319526,0.230809647582174,0.0,0.0,0.06773977196512408,0.932260228034876,0.0,0.0,0.0,12.783958692190113,80.19214132992045,"{""type"":""MultiPoint"",""coordinates"":[]}"
1404,45.36750721662652,-0.5942277128430271,0.20854676172224212,0.3236142550985862,0.0,0.0,1.0,0.0,0.0,0.0,0.0,13.025506690933007,79.96626926578044,"{""type"":""MultiPoint"",""coordinates"":[]}"
1405,28.56207181686539,0.16513326631200587,0.019149736183283896,-0.06136097288544755,0.0,0.0,0.0,0.0,0.0,0.0,1.0,12.851515480043984,80.29102819763278,"{""type"":""MultiPoint"",""coordinates"":[]}"
1406,28.67260605584339,0.22478793425050966,-0.032359437082970836,-0.06393468300964085,0.0,0.0,0.0,0.0,0.0,0.0,1.0,13.021696690876292,80.29625398235987,"{""type"":""MultiPoint"",""coordinates"":[]}"
1407,29.567205501326224,0.3446846341010792,0.06972109191350184,-0.18701381275690127,0.0,0.0,0.0,0.0,0.0,0.0,1.0,12.776452989213672,80.25735964767314,"{""type"":""MultiPoint"",""coordinates"":[]}"
1408,46.04401353163762,-0.5655455151111128,0.1326016938114799,0.3807010878538136,0.0,0.0,0.021476510067114093,0.9067114093959731,0.0,0.07181208053691274,0.0,12.841149223052604,80.00230248420982,"{""type"":""MultiPoint"",""coordinates"":[]}"
1409,41.33881307910069,-0.5011417144628036,0.09223734166142714,0.37761453288695407,0.0,0.0,0.9677852348993288,0.032214765100671144,0.0,0.0,0.0,12.749517585518022,79.96916970925021,"{""type"":""MultiPoint"",""coordinates"":[]}"
1410,28.730211666901447,0.1479388571631731,-0.011524793947901587,-0.03287709959886436,0.0,0.0,0.0,0.0,0.0,0.0,1.0,12.745630448893314,80.31493874468772,"{""type"":""MultiPoint"",""coordinates"":[]}"
1411,40.55143058020097,-0.3172747169971946,0.1395248647844782,0.2026036303750251,0.0,1.0,0.0,0.0,0.0,0.0,0.0,13.081614675031469,80.19429857965233,"{""type"":""MultiPoint"",""coordinates"":[]}"
1412,40.380484695774655,-0.4218720837065109,0.030850941146395944,0.33145024568092274,0.0,0.0,1.0,0.0,0.0,0.0,0.0,12.733186669778444,80.15090564265925,"{""type"":""MultiPoint"",""coordinates"":[]}"
1413,38.85177250815015,-0.5662277140500395,0.0036631566029907193,0.5581331430432886,0.0,0.0,0.0,0.0,0.012064343163538873,0.9879356568364609,0.0,13.02312095685811,79.98145134322736,"{""type"":""MultiPoint"",""coordinates"":[]}"
1414,42.01339732897385,-0.2509746903664191,0.04547904368714911,0.2138779248686477,0.4097920858484239,0.0,0.0,0.5902079141515761,0.0,0.0,0.0,12.646407487836294,80.19345296033582,"{""type"":""MultiPoint"",""coordinates"":[]}"
1415,33.36770027995977,-0.4585309076448991,-0.2469949902014665,0.7061816858792536,0.0,0.0,0.0,0.0,0.0,0.9939637826961771,0.006036217303822937,13.012441031116444,80.26894943207093,"{""type"":""MultiPoint"",""coordinates"":[]}"
1416,41.47616472171813,-0.5231140120283062,0.08448283661687783,0.38951236513335913,0.0,0.0,0.44630872483221473,0.050335570469798654,0.3322147651006711,0.1711409395973154,0.0,12.766747522892341,79.99432478304736,"{""type"":""MultiPoint"",""coordinates"":[]}"
1417,37.45620272505372,-0.5540688530500507,0.0018728381840866523,0.5796032653946875,0.0,0.0,0.0,0.0,0.05906040268456376,0.9409395973154362,0.0,12.683116198965505,80.00583798985863,"{""type"":""MultiPoint"",""coordinates"":[]}"
1418,41.55227394192773,-0.3243673797131161,0.07375887540989626,0.18164108881430885,0.0,1.0,0.0,0.0,0.0,0.0,0.0,13.040112733183316,80.22347424591675,"{""type"":""MultiPoint"",""coordinates"":[]}"
1419,28.790925710422265,0.20846435999763965,-0.01673314220775042,-0.05943069118350928,0.0,0.0,0.0,0.0,0.0,0.0,1.0,13.17960965704172,80.33225939066307,"{""type"":""MultiPoint"",""coordinates"":[]}"
1420,42.70683445007369,-0.44246059603854737,0.0943448387165835,0.2952506278818593,0.0,0.21500334896182188,0.34762223710649703,0.4373744139316813,0.0,0.0,0.0,13.06517902091084,80.14789232617368,"{""type"":""MultiPoint"",""coordinates"":[]}"
1421,28.78893133965912,0.13261724719231155,0.025218827434886383,-0.05060964048027441,0.0,0.0,0.0,0.0,0.0,0.0,1.0,13.166116429573439,80.34208121701212,"{""type"":""MultiPoint"",""coordinates"":[]}"
1422,35.61145733114691,-0.4495686585172585,-0.15969139175474367,0.6390035349328959,0.0,0.0,0.0,0.0,0.0,1.0,0.0,12.740692045570723,79.95974924545703,"{""type"":""MultiPoint"",""coordinates"":[]}"
1423,39.439629868614475,-0.39828298065831297,0.0074347153211890655,0.3485790570416885,0.0,1.0,0.0,0.0,0.0,0.0,0.0,13.037196845149666,80.23792669831184,"{""type"":""MultiPoint"",""coordinates"":[]}"
1424,36.898422367951824,-0.4734608814018805,-0.10341938865464864,0.6146679941595216,0.0,0.0,0.0,0.0,0.0,1.0,0.0,13.186532419663722,80.24921450038072,"{""type"":""MultiPoint"",""coordinates"":[]}"
1425,35.83215343718501,-0.08597557404305553,-0.09897318717977281,0.30401455768511315,0.0,0.0,0.24262734584450402,0.022117962466487937,0.3378016085790884,0.1621983914209115,0.0,13.035418659279996,79.98424735264709,"{""type"":""MultiPoint"",""coordinates"":[]}"
1426,33.60331020167451,0.03223098662467783,0.0010617765257283113,0.06618772030371196,0.592096450100469,0.0,0.09511051574012058,0.0,0.0,0.16945746818486274,0.0,13.120389526734996,80.1856299700497,"{""type"":""MultiPoint"",""coordinates"":[]}"
1427,40.611852097203254,-0.543801845449659,0.10952515065508266,0.4040536705277409,0.0,0.0,0.0,1.0,0.0,0.0,0.0,12.83801254480646,79.90530747032578,"{""type"":""MultiPoint"",""coordinates"":[]}"
1428,43.19641841741958,-0.42084588006466395,0.03621593531409002,0.3434158177591029,0.0,0.38337801608579086,0.057640750670241284,0.17895442359249325,0.0,0.3800268096514745,0.0,12.984295198390845,80.17677952287725,"{""type"":""MultiPoint"",""coordinates"":[]}"
1429,43.15066304259734,-0.4808684323003917,0.14406965190057494,0.24721656770424885,0.0,0.0,0.587248322147651,0.4127516778523489,0.0,0.0,0.0,12.671800885990642,80.09124841533088,"{""type"":""MultiPoint"",""coordinates"":[]}"
1430,47.72110911686749,-0.3358953288346915,0.1331153797718264,0.12163841208652496,1.0,0.0,0.0,0.0,0.0,0.0,0.0,13.136812320039994,80.27212100787565,"{""type"":""MultiPoint"",""coordinates"":[]}"
1431,41.53035244819038,-0.45595754834293667,0.07450828182338175,0.3345071039432433,0.0,0.13404825737265416,0.7928954423592495,0.0,0.0,0.07305630026809652,0.0,12.98443887066109,80.06688486747599,"{""type"":""MultiPoint"",""coordinates"":[]}"
1432,38.78424054843376,-0.29766298863543866,-0.027171353873441474,0.2982676730533372,0.0,0.750334672021419,0.0033467202141900937,0.0,0.0,0.2463186077643909,0.0,12.96685834176428,80.2554664012842,"{""type"":""MultiPoint"",""coordinates"":[]}"
1433,34.653966998833006,0.36265235731569917,0.13538018191137904,-0.26542993618885075,0.0,0.0,0.0,0.0,0.0,0.0,1.0,12.835324112945592,80.19985834797079,"{""type"":""MultiPoint"",""coordinates"":[]}"
1434,28.550600561609663,0.20329927785431642,-0.020996193428418245,-0.06265895755568503,0.0,0.0,0.0,0.0,0.0,0.0,1.0,12.784008078666044,80.2959935718562,"{""type"":""MultiPoint"",""coordinates"":[]}"
1435,33.26150746059103,0.24939447753393962,0.21996140600538108,-0.33179825017016895,0.0,0.0,0.0,1.0,0.0,0.0,0.0,12.767457447579199,80.10599957997717,"{""type"":""MultiPoint"",""coordinates"":[]}"
1436,40.31813536313255,-0.4069030881801932,5.450612128985757E-4,0.3877658840305747,0.0,0.11579651941097724,0.0,0.0,0.0,0.8842034805890228,0.0,13.165425618876892,80.23988976101838,"{""type"":""MultiPoint"",""coordinates"":[]}"
1437,42.60892943000002,-0.6006691833742239,0.20105763159111628,0.35319479415163507,0.0,0.0,0.27108433734939763,0.7289156626506025,0.0,0.0,0.0,12.985320443770851,79.90504183428932,"{""type"":""MultiPoint"",""coordinates"":[]}"
1438,39.29424435859157,-0.5094261160227151,-0.03740324947302342,0.5301672945656091,0.0,0.2635814889336016,0.0,0.02079141515761234,0.0,0.7156270959087859,0.0,12.815792604558332,80.22650843104937,"{""type"":""MultiPoint"",""coordinates"":[]}"
1439,39.592413610657744,-0.17711740787831323,0.15549109162275093,0.16114891271581896,0.0,0.0,0.0,0.8778523489932886,0.0,0.12214765100671142,0.0,12.628139464534756,80.13893151291322,"{""type"":""MultiPoint"",""coordinates"":[]}"
1440,28.751442695916754,0.18003372353145944,0.02133146185643742,-0.06413821083232722,0.0,0.0,0.0,0.0,0.0,0.0,1.0,12.718997233480913,80.29133845111429,"{""type"":""MultiPoint"",""coordinates"":[]}"
1441,42.83942318106569,-0.49685615141194206,-0.023521946344820854,0.5278938005445674,0.0,0.0,0.7473190348525469,0.12332439678284181,0.0,0.12935656836461126,0.0,12.892833522888361,80.00314535593586,"{""type"":""MultiPoint"",""coordinates"":[]}"
1442,40.01386051172138,-0.537791187063796,0.08421514354148434,0.4330621775040774,0.0,0.06363027461486939,0.9363697253851305,0.0,0.0,0.0,0.0,13.13789324599505,79.98082111545303,"{""type"":""MultiPoint"",""coordinates"":[]}"
1443,40.331580947831355,-0.29356410640758607,-3.4501493767193114E-4,0.27502749559374634,0.0,0.9611780455153949,0.0,0.03882195448460509,0.0,0.0,0.0,12.840714188886075,80.15411273634312,"{""type"":""MultiPoint"",""coordinates"":[]}"
1444,36.36512988513063,-0.42615528593836927,-0.29099289784652327,0.6937974865272033,0.0,0.0,1.0,0.0,0.0,0.0,0.0,12.900565471515527,79.9290832650383,"{""type"":""MultiPoint"",""coordinates"":[]}"
1445,33.489628460681836,-0.38772863792760714,-0.3094760372636157,0.7183680414686145,0.0,0.0,1.0,0.0,0.0,0.0,0.0,13.189944385536752,79.983961150262,"{""type"":""MultiPoint"",""coordinates"":[]}"
1446,37.681704874073844,-0.5018320041964665,-0.08708785914971841,0.5860738612415421,0.0,0.0,0.3181208053691275,0.0,0.0,0.6818791946308723,0.0,12.721785415675273,79.96539065157044,"{""type"":""MultiPoint"",""coordinates"":[]}"
1447,39.48908939928813,-0.506569412341567,-0.08278244547441238,0.5596912793759927,0.0,0.0,0.9570181329751509,0.0,0.0,0.04298186702484888,0.0,12.611593309777303,80.07516000096804,"{""type"":""MultiPoint"",""coordinates"":[]}"
1448,38.17492057212755,-0.12331330405713974,0.12177238528797837,0.01250108685152702,0.3402684563758389,0.0,0.02953020134228188,0.0,0.0,0.0,0.6302013422818793,12.923316847454872,79.99883056103803,"{""type"":""MultiPoint"",""coordinates"":[]}"
1449,28.460270681339615,0.20605554406706875,-0.012956002637362306,-0.06532563379837907,0.0,0.0,0.0,0.0,0.0,0.0,1.0,12.839785920153778,80.30488742129924,"{""type"":""MultiPoint"",""coordinates"":[]}"
1450,36.10313018763088,0.08955462510008688,-0.21336298022127487,0.20992210296486957,0.0,0.0,0.0,1.0,0.0,0.0,0.0,12.673279291332921,80.02251014546437,"{""type"":""MultiPoint"",""coordinates"":[]}"
1451,29.228377480542182,0.2694422053965789,0.08355722183137948,-0.1467883403537502,0.0,0.0,0.0,0.0,0.0,0.0,1.0,12.957762544364492,80.26769964766473,"{""type"":""MultiPoint"",""coordinates"":[]}"
1452,43.99757944151783,-0.5618135785545795,0.15413394469104688,0.32549958229777975,0.0,0.0,0.13767629281396912,0.862323707186031,0.0,0.0,0.0,12.736699396697977,80.20338173547498,"{""type"":""MultiPoint"",""coordinates"":[]}"
1453,40.39318134484911,-0.4805673910013284,0.05675594114280805,0.40075356332102374,0.0,0.0,0.8786049631120053,0.0,0.0,0.12139503688799463,0.0,12.625210756218788,79.92312221808479,"{""type"":""MultiPoint"",""coordinates"":[]}"
1454,28.90586006926944,0.25943744567048044,-0.025299722826261337,-0.08362170269285459,0.0,0.0,0.0,0.0,0.0,0.0,1.0,13.142930036057262,80.31322299062586,"{""type"":""MultiPoint"",""coordinates"":[]}"
1455,42.73385859554291,-0.45383120381681824,0.11593894202017517,0.27653700578829354,0.0,0.03686327077747989,0.8626005361930293,0.034852546916890076,0.0,0.06568364611260054,0.0,13.020342129766034,80.11315129600787,"{""type"":""MultiPoint"",""coordinates"":[]}"
1456,41.630890917006745,-0.5429775067881257,-0.04254009711106769,0.5148297963005231,0.0,0.0,0.028187919463087248,0.0,0.0,0.9718120805369128,0.0,12.623708317112035,80.0815581682841,"{""type"":""MultiPoint"",""coordinates"":[]}"
1457,44.097101310731574,-0.5744752572752506,0.14677912618257652,0.3530769280079872,0.0,0.0,0.19798657718120802,0.802013422818792,0.0,0.0,0.0,12.724263016118266,80.1507492930005,"{""type"":""MultiPoint"",""coordinates"":[]}"
1458,41.956569021267626,-0.4290454075115894,0.08496263456046287,0.2949031121950417,0.0,0.8162307176391682,0.1562709590878605,0.027498323272971165,0.0,0.0,0.0,12.972972273533925,80.06232452807664,"{""type"":""MultiPoint"",""coordinates"":[]}"
1459,29.108321246217322,0.13991387445058895,-0.008907155890415522,-0.03283411866618864,0.0,0.0,0.0,0.0,0.0,0.0,1.0,12.7598256744703,80.33827787444031,"{""type"":""MultiPoint"",""coordinates"":[]}"
1460,46.20194648321502,-0.5516951371319282,0.145404833667059,0.34066973965775554,0.0,0.006028131279303415,0.3255190890823844,0.6684527796383121,0.0,0.0,0.0,12.993308257159626,80.17502556049385,"{""type"":""MultiPoint"",""coordinates"":[]}"
1461,28.56134978748493,0.18594791307260097,-0.013318412801950617,-0.05628535264987338,0.0,0.0,0.0,0.0,0.0,0.0,1.0,12.71023651216016,80.28600029169426,"{""type"":""MultiPoint"",""coordinates"":[]}"
1462,31.160863622076395,0.509316538401812,-0.20182057522018873,-0.19643150909705226,0.0,0.0,0.0,0.0,0.0,0.0,1.0,13.185932838901884,80.17086810430398,"{""type"":""MultiPoint"",""coordinates"":[]}"
1463,39.931715852900204,-0.4682203724267457,0.02922387035501661,0.4038268210695576,0.0,0.0,0.4762223710649698,0.0,0.0,0.5237776289350301,0.0,13.105114120861602,80.08093881880933,"{""type"":""MultiPoint"",""coordinates"":[]}"
1464,40.472789792518455,-0.3864379748962167,0.018078621703554378,0.3396174374193994,0.0,0.41460147354320176,0.0,0.0,0.0,0.5853985264567985,0.0,12.955338250470284,79.93360209669916,"{""type"":""MultiPoint"",""coordinates"":[]}"
1465,39.17005515237426,-0.4681247161193048,0.03892319262928998,0.3982354126673442,0.0,0.031522468142186455,0.12407780013413816,0.0,0.0,0.8443997317236754,0.0,12.841837558779435,80.0323833331497,"{""type"":""MultiPoint"",""coordinates"":[]}"
1466,44.299120505391336,-0.535735906980778,0.18235186009856372,0.23590685553435645,0.0,0.0,0.8301003344481608,0.1698996655518395,0.0,0.0,0.0,13.189409796140207,80.10087713035519,"{""type"":""MultiPoint"",""coordinates"":[]}"
1467,43.59235918348963,-0.34912741650525436,0.08605684136740432,0.2207719244473688,0.0,1.0,0.0,0.0,0.0,0.0,0.0,13.198915493782241,80.16037997974931,"{""type"":""MultiPoint"",""coordinates"":[]}"
1468,36.55481824275657,-0.437626602528602,-0.2655230846722111,0.7028592292444978,0.0,0.0,1.0,0.0,0.0,0.0,0.0,12.797573406742925,79.93717056441287,"{""type"":""MultiPoint"",""coordinates"":[]}"
1469,40.27841595959064,-0.5459941987698904,-0.0047473918771162174,0.5465814022293451,0.0,0.0,0.042281879194630875,0.06644295302013423,0.26644295302013427,0.6248322147651006,0.0,12.810173091420742,80.01421693497655,"{""type"":""MultiPoint"",""coordinates"":[]}"
1470,28.979072636820952,0.26525507318743363,-0.03504621549648885,-0.06685288521404967,0.0,0.0,0.0,0.0,0.0,0.0,1.0,12.621090139694742,80.23481494904206,"{""type"":""MultiPoint"",""coordinates"":[]}"
1471,42.55951895745981,-0.5146850759782728,0.14794954581733746,0.3041208717411327,0.0,0.0,0.0,1.0,0.0,0.0,0.0,12.9226843256372,80.06605683003724,"{""type"":""MultiPoint"",""coordinates"":[]}"
1472,43.53481270646115,-0.3950929461894398,0.007394034305997239,0.33066523943597964,0.0,0.5764075067024129,0.0,0.0,0.0,0.4235924932975871,0.0,12.955554146394167,79.94228033818644,"{""type"":""MultiPoint"",""coordinates"":[]}"
1473,41.792891664021475,-0.4752650724224292,0.15019015712475328,0.2552951231605614,0.0,0.11662198391420912,0.7634048257372655,0.11997319034852547,0.0,0.0,0.0,12.655862207559876,79.9664096091727,"{""type"":""MultiPoint"",""coordinates"":[]}"
1474,41.910887545295324,-0.46096892586778315,0.11631383797787731,0.2690298192784045,0.0,0.0,0.04429530201342283,0.9389261744966444,0.0,0.016778523489932886,0.0,12.772090332979916,80.1789207849368,"{""type"":""MultiPoint"",""coordinates"":[]}"
1475,40.928661801487955,-0.5390416664899393,0.07853686398396091,0.3912945041866981,0.0,0.0,0.0,0.09450402144772119,0.5033512064343164,0.4021447721179625,0.0,13.037116658117624,80.01975225071098,"{""type"":""MultiPoint"",""coordinates"":[]}"
1476,44.30334922993965,-0.612248999718044,0.21486623822714127,0.3569379845874466,0.0,0.0,1.0,0.0,0.0,0.0,0.0,12.926929973901798,79.93927263624131,"{""type"":""MultiPoint"",""coordinates"":[]}"
1477,40.684460079684996,-0.46509371417769885,0.0019254142805464277,0.442711299937655,0.0,0.4919571045576407,0.0,0.0,0.0,0.5080428954423591,0.0,12.906562400177807,79.99637331998349,"{""type"":""MultiPoint"",""coordinates"":[]}"
1478,46.199575487042274,-0.4175670788632826,0.15190814731806518,0.16779950951892367,0.32796780684104626,0.0,0.0,0.482897384305835,0.0,0.0,0.18913480885311873,12.751850023443449,79.92184693818126,"{""type"":""MultiPoint"",""coordinates"":[]}"
1479,40.51390790920296,-0.5035970961303303,0.08620212850294447,0.3428150735453151,0.0,0.08372404554588078,0.0,0.8446081714668452,0.0,0.07166778298727396,0.0,13.103303141085693,80.26839834597767,"{""type"":""MultiPoint"",""coordinates"":[]}"
1480,40.17373726536457,-0.38214933434797144,-0.027470958007825265,0.40896475457223835,0.0,0.32441471571906355,0.16521739130434784,0.0,0.0,0.5103678929765887,0.0,13.03015798349994,80.0839582699277,"{""type"":""MultiPoint"",""coordinates"":[]}"
1481,28.676282295636742,0.19747386400541408,-0.0028035349414729026,-0.06778718191197168,0.0,0.0,0.0,0.0,0.0,0.0,1.0,12.642265367768902,80.2738162520829,"{""type"":""MultiPoint"",""coordinates"":[]}"
1482,42.43143032445785,-0.3173967094784134,0.10637274253652262,0.15315279600256146,0.0,1.0,0.0,0.0,0.0,0.0,0.0,13.030758975146727,80.22069762450845,"{""type"":""MultiPoint"",""coordinates"":[]}"
1483,28.458786953946312,0.1527631624404413,0.026583763026318513,-0.06993576173882614,0.0,0.0,0.0,0.0,0.0,0.0,1.0,12.650438858992219,80.32104638268555,"{""type"":""MultiPoint"",""coordinates"":[]}"
1484,39.33954903896853,-0.3774404879937045,-0.015428297798149927,0.36053285605553564,0.0,0.4119223040857335,0.0,0.362357669122572,0.0,0.2257200267916946,0.0,12.833725767345927,80.23275753519601,"{""type"":""MultiPoint"",""coordinates"":[]}"
1485,29.018415399557348,0.17667240852845068,-0.01433200826731938,-0.055840980866065544,0.0,0.0,0.0,0.0,0.0,0.0,1.0,12.600914577711832,80.26848936207887,"{""type"":""MultiPoint"",""coordinates"":[]}"
1486,40.502543296059,-0.5858998678184052,0.06057738889896033,0.5143098326005107,0.0,0.0,0.0,0.0,0.0,1.0,0.0,13.037404527793095,79.94003798379292,"{""type"":""MultiPoint"",""coordinates"":[]}"
1487,41.980639815424766,-0.45269768335930477,0.011199667835401267,0.402365865658333,0.0,0.0,0.44414715719063536,0.5558528428093645,0.0,0.0,0.0,13.183075485877724,80.02031720572532,"{""type"":""MultiPoint"",""coordinates"":[]}"
1488,39.71502988443032,-0.3966917131466919,-0.20010457553620264,0.5438670226452241,0.0,0.0,1.0,0.0,0.0,0.0,0.0,12.862003869046799,79.902164733411,"{""type"":""MultiPoint"",""coordinates"":[]}"
1489,28.795849800804838,0.14033526504470406,0.03530587771489296,-0.07191631682165647,0.0,0.0,0.0,0.0,0.0,0.0,1.0,12.727561600893472,80.32012194977217,"{""type"":""MultiPoint"",""coordinates"":[]}"
1490,42.42137571421479,-0.3691535511050387,0.0754814122944633,0.23587636717334015,0.0,1.0,0.0,0.0,0.0,0.0,0.0,12.904747496511364,80.15110352595995,"{""type"":""MultiPoint"",""coordinates"":[]}"
1491,43.51460011231904,-0.4816462891360882,0.07890970670631078,0.3680282646513284,0.0,0.5087131367292224,0.4912868632707773,0.0,0.0,0.0,0.0,12.832211660258562,79.91400649013083,"{""type"":""MultiPoint"",""coordinates"":[]}"
1492,42.070169175120505,-0.3137415090138742,0.07847989192119971,0.2012471185458007,0.0,1.0,0.0,0.0,0.0,0.0,0.0,13.110426295730328,79.9117905067779,"{""type"":""MultiPoint"",""coordinates"":[]}"
1493,28.497983369524455,0.14258826661963342,0.011122843489738857,-0.05365989114228718,0.0,0.0,0.0,0.0,0.0,0.0,1.0,12.821662067164535,80.31409206588235,"{""type"":""MultiPoint"",""coordinates"":[]}"
1494,40.491179675684585,-0.5745228987440325,0.008612594396378445,0.5603929739080978,0.0,0.0,0.0,0.8838926174496644,0.0,0.1161073825503356,0.0,12.648289087086887,80.18271541283367,"{""type"":""MultiPoint"",""coordinates"":[]}"
1495,40.43924271920084,-0.5414306844629929,0.15108205971696864,0.37611902388721347,0.0,0.0,0.0,1.0,0.0,0.0,0.0,12.645625862599962,79.94583449688032,"{""type"":""MultiPoint"",""coordinates"":[]}"
1496,47.03964309524098,-0.25548030668522753,0.09414357977439868,0.10868746034698115,0.14926372155287818,0.8507362784471219,0.0,0.0,0.0,0.0,0.0,12.831062509332492,79.94065273161839,"{""type"":""MultiPoint"",""coordinates"":[]}"
1497,28.755565956093672,0.2638508742980188,-0.022993452846385303,-0.09143771465100865,0.0,0.0,0.0,0.0,0.0,0.0,1.0,13.112587386916067,80.31647204877187,"{""type"":""MultiPoint"",""coordinates"":[]}"
1498,40.4338012514458,-0.42622924700071935,0.049882884928468894,0.3410143871299681,0.0,0.25970548862115134,0.5267737617135209,0.15796519410977247,0.0,0.055555555555555566,0.0,13.156379678852616,80.13096640283534,"{""type"":""MultiPoint"",""coordinates"":[]}"
1499,28.857864741810886,0.24533352212249923,-0.030339468644495046,-0.0582678273535121,0.0,0.0,0.0,0.0,0.0,0.0,1.0,12.939713767147419,80.26901268677406,"{""type"":""MultiPoint"",""coordinates"":[]}"
1500,29.065269378794383,0.26441837614760694,0.046450348454375345,-0.12650621172611495,0.0,0.0,0.0,0.0,0.0,0.0,1.0,12.882172571827025,80.25746290700475,"{""type"":""MultiPoint"",""coordinates"":[]}"
1501,38.95238390150907,-0.4165194536822051,-0.050006715347706246,0.4496277240334961,0.0,0.0,0.9919517102615695,0.0,0.00670690811535882,0.0013413816230717639,0.0,12.724892221609869,79.901638602779,"{""type"":""MultiPoint"",""coordinates"":[]}"
1502,38.35873434701346,-0.4021368981329198,-0.14690285774340653,0.512056307237971,0.0,0.0,1.0,0.0,0.0,0.0,0.0,12.656969365382102,80.14078708632022,"{""type"":""MultiPoint"",""coordinates"":[]}"
1503,41.632552849819064,-0.592633875354474,0.1391326961288877,0.42427385488012703,0.0,0.0,0.0,0.47989276139410186,0.0,0.5201072386058982,0.0,13.084953411726948,79.93483121252098,"{""type"":""MultiPoint"",""coordinates"":[]}"
1504,40.794386535234594,-0.5026380969163421,0.06239838016677423,0.42223435577165797,0.0,0.0,0.5831099195710455,0.0,0.16957104557640748,0.2473190348525469,0.0,13.199906321538485,80.05115757127999,"{""type"":""MultiPoint"",""coordinates"":[]}"
1505,41.1444135245968,-0.5612436383108348,0.1339903783827361,0.3593491177497437,0.0,0.0,0.0,0.0,0.1155913978494624,0.8844086021505377,0.0,12.645575291548383,79.96112982766475,"{""type"":""MultiPoint"",""coordinates"":[]}"
1506,39.49901783106355,-0.5203923035418077,0.00272772207509177,0.5442742766091605,0.0,0.0,0.0,0.0,0.0,1.0,0.0,13.106859127410301,79.93718587729326,"{""type"":""MultiPoint"",""coordinates"":[]}"
1507,42.14727824210845,-0.5351368468873161,0.10084258972009337,0.415532529649316,0.0,0.0,1.0,0.0,0.0,0.0,0.0,13.083667196381699,79.91292009160513,"{""type"":""MultiPoint"",""coordinates"":[]}"
1508,43.43054789531775,-0.5291608078828258,0.06229719385839317,0.45843269683568255,0.0,0.0,0.3023411371237458,0.07491638795986622,0.0,0.6227424749163879,0.0,13.06996999025776,79.98302823705994,"{""type"":""MultiPoint"",""coordinates"":[]}"
1509,47.54836427355902,-0.5697181625101233,0.2644655469742961,0.21615484143671052,0.0,0.0,0.7734584450402147,0.22654155495978556,0.0,0.0,0.0,12.911043278051523,79.9369375995732,"{""type"":""MultiPoint"",""coordinates"":[]}"
1510,49.89594060466801,-0.4200964310473846,0.1898580225566597,0.10132055264077947,0.8249496981891348,0.0,0.0,0.1750503018108652,0.0,0.0,0.0,12.690260521271798,79.95464653089508,"{""type"":""MultiPoint"",""coordinates"":[]}"
1511,28.49059723197185,0.17586192176965101,-0.0012989426956365453,-0.06629560120470837,0.0,0.0,0.0,0.0,0.0,0.0,1.0,12.81523868395955,80.30164831899624,"{""type"":""MultiPoint"",""coordinates"":[]}"
1512,43.625445910648835,-0.5678634109695657,0.16778275083516214,0.342908418925066,0.0,0.0,0.696989966555184,0.3030100334448161,0.0,0.0,0.0,13.14283952672866,79.94433279847263,"{""type"":""MultiPoint"",""coordinates"":[]}"
1513,41.469569944305846,-0.29252031058752465,0.0569210913504561,0.2121587064758403,0.0,0.7478202548625084,0.0,0.0,0.0,0.2521797451374916,0.0,12.80022430195554,80.22651022836156,"{""type"":""MultiPoint"",""coordinates"":[]}"
1514,42.88128177508056,-0.34759287952069295,0.07315353293236974,0.2210773049259011,0.0,0.014093959731543627,0.9859060402684564,0.0,0.0,0.0,0.0,12.612955737116737,79.95735037534399,"{""type"":""MultiPoint"",""coordinates"":[]}"
1515,28.509364022024144,0.18472513314957306,0.009977318331734,-0.04664751341681347,0.0,0.0,0.0,0.0,0.0,0.0,1.0,12.693694437615825,80.27060361862524,"{""type"":""MultiPoint"",""coordinates"":[]}"
1516,45.531687184206305,-0.4659163866155103,0.15134296799448532,0.25174205814288647,0.0,0.0,0.9511051574012055,0.04889484259879436,0.0,0.0,0.0,12.877093612755916,79.95655395487073,"{""type"":""MultiPoint"",""coordinates"":[]}"
1517,42.515976937746494,-0.540446471502521,0.12064903886345059,0.36114879273839046,0.0,0.0,0.2816901408450704,0.6291079812206571,0.0892018779342723,0.0,0.0,12.786404101458828,80.10587441497749,"{""type"":""MultiPoint"",""coordinates"":[]}"
1518,37.06898642498658,-0.47427788805260124,-0.11809279705064155,0.6444150119001094,0.0,0.0,0.6802949061662197,0.0,0.0,0.3197050938337801,0.0,12.761464423776271,79.91987282006555,"{""type"":""MultiPoint"",""coordinates"":[]}"
1519,37.18728738283135,-0.43680418304772495,-0.06862537164466745,0.5059821076153171,0.0,0.0783132530120482,0.0,0.0,0.0,0.9216867469879519,0.0,13.014152093575321,80.17789849785463,"{""type"":""MultiPoint"",""coordinates"":[]}"
1520,43.59536794295182,-0.522657727065822,0.14526494491724304,0.31314900886521185,0.0,0.0,0.999330655957162,0.0,0.0,6.693440428380187E-4,0.0,13.143110031325971,79.9776082851251,"{""type"":""MultiPoint"",""coordinates"":[]}"
1521,36.73880964747654,-0.5672437826637887,0.04464703156687573,0.5397663914891054,0.0,0.0,0.0,0.0,0.0,1.0,0.0,12.693991834846647,80.0116643399457,"{""type"":""MultiPoint"",""coordinates"":[]}"
1522,41.03872507720699,-0.3819835765574883,0.03686072673106435,0.3317634860782185,0.0,0.6470194239785667,0.0,0.0,0.0,0.3529805760214334,0.0,13.115297257442956,80.15271293279021,"{""type"":""MultiPoint"",""coordinates"":[]}"
1523,38.053334491867496,-0.4097587894014041,-0.020756137387568863,0.3840935387606068,0.0,0.08835341365461849,0.6485943775100401,0.10575635876840697,0.0,0.15729585006693442,0.0,13.157878345525079,80.26237455603307,"{""type"":""MultiPoint"",""coordinates"":[]}"
1524,36.45912672385544,-0.5536930206841336,-0.07016321357028966,0.6399513749035961,0.0,0.0,0.0,0.0,0.0,1.0,0.0,12.810611066131289,80.1140865876363,"{""type"":""MultiPoint"",""coordinates"":[]}"
1525,30.780435477776297,0.41241720020715567,0.014619393667756508,-0.2576587290311417,0.0,0.0,0.0,0.0,0.0,0.0,1.0,12.834121472330642,80.24894741343431,"{""type"":""MultiPoint"",""coordinates"":[]}"
1526,44.08221823123326,-0.4370877355790013,0.12224106232795132,0.23062388777765205,0.0,0.0,0.9041554959785523,0.09584450402144772,0.0,0.0,0.0,12.804251580854746,79.97810992410116,"{""type"":""MultiPoint"",""coordinates"":[]}"
1527,41.84935056844297,-0.5691107054070695,0.15572218126226564,0.34443852278709036,0.0,0.022818791946308724,0.0,0.6288590604026845,0.17852348993288586,0.1697986577181208,0.0,12.645125689846067,80.03794141188703,"{""type"":""MultiPoint"",""coordinates"":[]}"
1528,44.58660932736421,-0.5141335008646015,0.07106972808640051,0.37381377908605745,0.0,0.0,0.22401073105298458,0.7759892689470155,0.0,0.0,0.0,12.732517930853572,80.20292309422965,"{""type"":""MultiPoint"",""coordinates"":[]}"
1529,41.81459448739277,-0.5339443004063039,0.061404674088030214,0.4304994581477407,0.0,0.0,1.0,0.0,0.0,0.0,0.0,12.882957878578425,80.13647573841675,"{""type"":""MultiPoint"",""coordinates"":[]}"
1530,40.73529626217305,-0.5688287002046646,5.24276658345541E-4,0.5534635070616072,0.0,0.0,0.0,0.0,0.0,1.0,0.0,12.779088901847755,80.09767328302544,"{""type"":""MultiPoint"",""coordinates"":[]}"
1531,40.72222357096386,-0.49890645138640455,0.0012258726353204421,0.422357778086445,0.0,0.0,0.0,0.5602409638554217,0.0,0.4397590361445784,0.0,12.998929910667577,80.18289272268201,"{""type"":""MultiPoint"",""coordinates"":[]}"
1532,42.65152286501009,-0.5272781210196216,0.11058380694401354,0.3831324576242583,0.0,0.0,0.0,1.0,0.0,0.0,0.0,12.639085868637425,79.94444784229673,"{""type"":""MultiPoint"",""coordinates"":[]}"
1533,41.557743856619744,-0.40462223012000464,-0.005422038477941265,0.3252290385114706,0.0,0.0,0.8685446009389671,0.0,0.0,0.13145539906103287,0.0,12.754028417582601,80.07148312459252,"{""type"":""MultiPoint"",""coordinates"":[]}"
1534,41.072682724698815,-0.5803073781211049,0.1311606446193301,0.42461429490574004,0.0,0.0,0.0020080321285140565,0.0,0.8159303882195449,0.1820615796519411,0.0,12.978276466157217,79.92378970154974,"{""type"":""MultiPoint"",""coordinates"":[]}"
1535,41.99647012072292,-0.2914655780804842,0.08293088980371621,0.1721081203224692,0.0,1.0,0.0,0.0,0.0,0.0,0.0,12.98157779219257,80.23649176929482,"{""type"":""MultiPoint"",""coordinates"":[]}"
1536,42.10116903171908,-0.585831481200422,0.14438945886596227,0.3956408421294399,0.0,0.0,0.5933110367892976,0.0,0.4066889632107023,0.0,0.0,13.099682045720979,79.99815182338592,"{""type"":""MultiPoint"",""coordinates"":[]}"
1537,40.89762015951809,-0.26582623878094,0.02808612453142014,0.1678597422296167,0.007362784471218207,0.7838018741633199,0.0,0.0,0.0,0.20883534136546184,0.0,13.163561698421717,80.2056644595426,"{""type"":""MultiPoint"",""coordinates"":[]}"
1538,41.242740174536316,-0.4552644710093543,0.10602255062814045,0.3126804146771292,0.0,0.0,0.1827956989247312,0.8172043010752689,0.0,0.0,0.0,12.616670405522111,79.99879159158009,"{""type"":""MultiPoint"",""coordinates"":[]}"
1539,45.395708106588486,-0.5334247334083067,0.18744372349090713,0.2668023219528104,0.0,0.3103217158176944,0.6896782841823057,0.0,0.0,0.0,0.0,12.983339157993317,79.95447607806925,"{""type"":""MultiPoint"",""coordinates"":[]}"
1540,36.68645912904828,-0.14080076452968865,0.05186768196020277,0.2353866101367053,0.0,0.024798927613941018,0.0,0.0,0.0,0.13002680965147453,0.8451742627345844,13.023681087987427,80.23871734516267,"{""type"":""MultiPoint"",""coordinates"":[]}"
1541,41.52851154659747,-0.4713529475809739,-0.12089614432139612,0.5934476986671567,0.0,0.0,0.0,0.0,0.0,1.0,0.0,13.023371329477007,80.02030481511551,"{""type"":""MultiPoint"",""coordinates"":[]}"
1542,39.515401256277684,-0.4429022089976406,-0.05693334736628071,0.47774230852248845,0.0,0.0,0.9208584842387659,0.07914151576123407,0.0,0.0,0.0,12.7258331202768,80.06442645024389,"{""type"":""MultiPoint"",""coordinates"":[]}"
1543,28.578962742223723,0.2109903920078142,-0.029026128280371013,-0.07249111394267516,0.0,0.0,0.0,0.0,0.0,0.0,1.0,13.05958031962584,80.31284931308366,"{""type"":""MultiPoint"",""coordinates"":[]}"
1544,40.99200832160082,-0.34897999051100187,0.043858155193998466,0.2634692922685921,0.0,0.8292029470864032,0.0,0.0,0.0,0.1707970529135968,0.0,12.984093982075,80.22423555602403,"{""type"":""MultiPoint"",""coordinates"":[]}"
1545,37.59117540542169,-0.43952573631758596,-0.15099070863969502,0.6441845447541193,0.0,0.0,0.0609103078982597,0.0,0.0,0.9390896921017402,0.0,13.093397673336344,80.12880061182504,"{""type"":""MultiPoint"",""coordinates"":[]}"
1546,35.58479829411531,-0.42994110911294847,-0.22542503516773185,0.5884329534919227,0.0,0.0,1.0,0.0,0.0,0.0,0.0,12.701911277950929,80.05996512089658,"{""type"":""MultiPoint"",""coordinates"":[]}"
1547,37.674027791761574,-0.4248864886342412,-0.01617908980462149,0.47424199945292206,0.0,0.0,0.9216342933690556,0.07836570663094442,0.0,0.0,0.0,13.183068953257916,80.07677667629312,"{""type"":""MultiPoint"",""coordinates"":[]}"
1548,41.096528790602434,-0.44373002615496654,0.0033475069590705787,0.4067159724188739,0.0,0.9839357429718876,0.0,0.0,0.0,0.01606425702811245,0.0,13.163565893326057,80.24328407461769,"{""type"":""MultiPoint"",""coordinates"":[]}"
1549,39.702049176155406,-0.556325496399467,0.0896520013269995,0.4676830243115831,0.0,0.0,0.7796383121232416,0.0,0.0,0.22036168787675817,0.0,12.96359414224789,79.906707350678,"{""type"":""MultiPoint"",""coordinates"":[]}"
1550,48.30065112592619,-0.5741713882896357,0.20082144535505428,0.3103320179519063,0.0,0.0,0.038926174496644296,0.9610738255033557,0.0,0.0,0.0,12.679675895528007,80.2053360440639,"{""type"":""MultiPoint"",""coordinates"":[]}"
1551,28.556594896292843,0.14743680972864495,0.034115687863685656,-0.04642151853817164,0.0,0.0,0.0,0.0,0.0,0.0,1.0,12.756459941689938,80.28619926720935,"{""type"":""MultiPoint"",""coordinates"":[]}"
1552,39.026684321807245,-0.4376079682447912,-0.08996374135195767,0.5874978936344452,0.0,0.0,1.0,0.0,0.0,0.0,0.0,13.1949307275361,79.9219373893768,"{""type"":""MultiPoint"",""coordinates"":[]}"
1553,38.46264558830103,-0.4831160782737499,0.010373886560666984,0.4536727324902326,0.0,0.0,0.9879598662207358,0.0,0.0,0.012040133779264215,0.0,13.168840603835697,79.90547629699063,"{""type"":""MultiPoint"",""coordinates"":[]}"
1554,43.17159409048194,-0.49013170122586736,0.07485129927757457,0.37209236699938636,0.0,0.08433734939759036,0.13788487282463185,0.09906291834002676,0.1686746987951807,0.5100401606425703,0.0,12.81851757344658,79.91350840014859,"{""type"":""MultiPoint"",""coordinates"":[]}"
1555,44.591239184457855,-0.37688449763762916,0.12103709294675062,0.2276071855940016,0.0,1.0,0.0,0.0,0.0,0.0,0.0,13.097390107770847,80.16027659806946,"{""type"":""MultiPoint"",""coordinates"":[]}"
1556,38.70265515034278,-0.5608817766238915,0.08177380490797993,0.48092532796744575,0.0,0.0,0.0,0.0,0.7056451612903226,0.29435483870967744,0.0,12.74944824891377,80.01694564189273,"{""type"":""MultiPoint"",""coordinates"":[]}"
1557,41.97184402547589,-0.5167639903498447,0.09938419385879446,0.3567700666477677,0.0,0.0,0.12667560321715818,0.32171581769436997,0.0,0.5516085790884718,0.0,12.80608126302933,80.07378722999118,"{""type"":""MultiPoint"",""coordinates"":[]}"
1558,45.164522576040284,-0.5566228716492989,0.15549657074275133,0.2907706915014628,0.0,0.0,0.0,0.9114093959731542,0.06644295302013423,0.02214765100671141,0.0,12.650835162111564,80.08081857506188,"{""type"":""MultiPoint"",""coordinates"":[]}"
1559,40.19177952928285,-0.5228146884306578,0.036500725605422946,0.46438057325251125,0.0,0.0,0.3042895442359249,0.17828418230563003,0.10857908847184986,0.4088471849865951,0.0,12.782455677318053,80.12810642757576,"{""type"":""MultiPoint"",""coordinates"":[]}"
1560,41.58222754529492,-0.400975146037226,0.05671673183663111,0.2940676003907829,0.0,1.0,0.0,0.0,0.0,0.0,0.0,12.933156141079433,80.17446371057437,"{""type"":""MultiPoint"",""coordinates"":[]}"
1561,35.95676102501008,-0.43291437963649376,-0.042562647449404856,0.5130254851506215,0.0,0.0,0.0,0.2870556673373575,0.0,0.7129443326626426,0.0,12.690700502756346,79.91903989907182,"{""type"":""MultiPoint"",""coordinates"":[]}"
1562,28.683628438697998,0.19366225316091273,-0.0019847434309950922,-0.051001758913468476,0.0,0.0,0.0,0.0,0.0,0.0,1.0,12.625987536789523,80.27962780301402,"{""type"":""MultiPoint"",""coordinates"":[]}"
1563,39.127433549879534,-0.4882553172176651,-0.08384748596241065,0.584217024312255,0.0,0.2610441767068273,0.0,0.0,0.0,0.7389558232931728,0.0,13.104020138858399,80.23682187233072,"{""type"":""MultiPoint"",""coordinates"":[]}"
1564,36.91018823977214,-0.42093663408332327,-0.18559380760867147,0.6008225278422563,0.0,0.0,1.0,0.0,0.0,0.0,0.0,12.717100423888528,79.92436767989328,"{""type"":""MultiPoint"",""coordinates"":[]}"
1565,39.82156122896114,-0.5265820391605974,0.0014294570793965604,0.5168917270619502,0.0,0.0,0.239946380697051,0.0,0.0,0.7600536193029491,0.0,12.913578255037683,80.03204174746523,"{""type"":""MultiPoint"",""coordinates"":[]}"
1566,33.762908240503386,-0.40945705197764587,-0.28158284061308675,0.6481551480967819,0.0,0.0,1.0,0.0,0.0,0.0,0.0,12.634913619723184,79.99789647276663,"{""type"":""MultiPoint"",""coordinates"":[]}"
1567,40.33470936152921,-0.5337369367946884,-7.310639500712649E-4,0.5342091177349959,0.0,0.0,0.2508383635144199,0.03085177733065057,0.0,0.7183098591549296,0.0,12.643643609801277,80.07061521315795,"{""type"":""MultiPoint"",""coordinates"":[]}"
1568,28.527321017580675,0.163061564741432,0.012390316946391408,-0.06412518717335446,0.0,0.0,0.0,0.0,0.0,0.0,1.0,12.641667995839734,80.29228882386805,"{""type"":""MultiPoint"",""coordinates"":[]}"
1569,28.63632956701144,0.18120210212821442,0.026306886122012135,-0.07213551730131414,0.0,0.0,0.0,0.0,0.0,0.0,1.0,12.713758112473954,80.27759248730284,"{""type"":""MultiPoint"",""coordinates"":[]}"
1570,41.84131188728066,-0.17761663529008692,0.0745984152633619,0.033856969821625615,0.020763563295378432,0.9792364367046217,0.0,0.0,0.0,0.0,0.0,13.086896886312596,80.29827779028375,"{""type"":""MultiPoint"",""coordinates"":[]}"
1571,33.93321223168678,0.04896755116881903,0.025339952236251566,0.025249694897898,0.0,0.0,1.0,0.0,0.0,0.0,0.0,13.071449160601455,80.08554086071,"{""type"":""MultiPoint"",""coordinates"":[]}"
1572,39.99726509687668,-0.41740269621574094,0.04583324320476333,0.34061852099327716,0.0,0.6373994638069704,0.022788203753351204,0.0,0.0,0.33981233243967823,0.0,13.14511851237975,80.119670354469,"{""type"":""MultiPoint"",""coordinates"":[]}"
1573,42.38728153820808,-0.3420326929721613,0.04094322836381068,0.26030475037533973,0.0,0.8932885906040269,0.0,0.0,0.0,0.10671140939597314,0.0,12.846836102766524,80.24055328888811,"{""type"":""MultiPoint"",""coordinates"":[]}"
1574,40.31647082323728,-0.3487789457549719,-0.0347445271927626,0.35573382708559576,0.0,0.0,0.0,0.3237265415549598,0.0,0.6762734584450403,0.0,12.948987460869324,80.17253135115166,"{""type"":""MultiPoint"",""coordinates"":[]}"
1575,41.393309664374605,-0.5459874177511995,0.023149276450307465,0.524466795124979,0.0,0.0,0.30903010033444817,0.0936454849498328,0.0,0.5973244147157191,0.0,13.10205337552024,79.92228371273576,"{""type"":""MultiPoint"",""coordinates"":[]}"
1576,29.25741349180726,0.2590888029509368,0.032544663223841606,-0.1016871442460775,0.0,0.0,0.0,0.0,0.0,0.0,1.0,12.971065765777377,80.27208563412239,"{""type"":""MultiPoint"",""coordinates"":[]}"
1577,35.18102748300069,0.1024099635512644,0.2138446498156198,-0.10082485507970952,0.061620897521768254,0.0,0.0,0.0,0.0,0.0,0.9383791024782316,12.849898270468698,80.11385722954195,"{""type"":""MultiPoint"",""coordinates"":[]}"
1578,37.445930473831226,-0.4459108396695603,-0.04857501773369125,0.5542505203117533,0.0,0.0,0.0013395847287340924,0.0,0.0,0.9986604152712658,0.0,12.978678545076825,80.0354644237543,"{""type"":""MultiPoint"",""coordinates"":[]}"
1579,41.09554502313255,-0.43678313340723185,-0.041095767599925774,0.46525373184538416,0.0,0.3868808567603749,0.0,0.0,0.0,0.6131191432396254,0.0,13.0523883143641,80.11568897264976,"{""type"":""MultiPoint"",""coordinates"":[]}"
1580,44.134978760462495,-0.44460162047899093,0.16778172622006865,0.21924258059693588,0.0,0.33512064343163545,0.2050938337801609,0.45978552278820384,0.0,0.0,0.0,12.970434600456036,80.04239863858018,"{""type"":""MultiPoint"",""coordinates"":[]}"
1581,28.88010077174585,0.22227003479455448,-0.03138637324556426,-0.05782479571059239,0.0,0.0,0.0,0.0,0.0,0.0,1.0,13.177717342537434,80.32633013787517,"{""type"":""MultiPoint"",""coordinates"":[]}"
1582,43.75186041280834,-0.5712833615705895,0.12841226430713296,0.40518851962472047,0.0,0.0,0.4289544235924933,0.0,0.5710455764075066,0.0,0.0,12.93880780557021,79.93966246908123,"{""type"":""MultiPoint"",""coordinates"":[]}"
1583,42.127314625963876,-0.2902561766954615,0.13699961632310076,0.09077732161386184,0.0,1.0,0.0,0.0,0.0,0.0,0.0,13.094712618674137,80.28779302567038,"{""type"":""MultiPoint"",""coordinates"":[]}"
1584,40.221626630421696,-0.61038514817062,0.11032142936772653,0.501529696205804,0.0,0.0,0.7737617135207496,0.22623828647925032,0.0,0.0,0.0,12.93360506587325,80.05006651785064,"{""type"":""MultiPoint"",""coordinates"":[]}"
1585,40.812207408734956,-0.5873895577573408,0.12802432728093927,0.4632480088198335,0.0,0.0,1.0,0.0,0.0,0.0,0.0,13.195874958962454,80.24800249746575,"{""type"":""MultiPoint"",""coordinates"":[]}"
1586,41.31444904545578,-0.4717264170406645,-0.01263519889173069,0.4476031319950855,0.0,0.0,0.0388739946380697,0.04691689008042895,0.0,0.9142091152815014,0.0,13.093665757923027,80.08003324957262,"{""type"":""MultiPoint"",""coordinates"":[]}"
1587,28.939032081007422,0.14964528718077097,0.03277688047658922,-0.07245909902874192,0.0,0.0,0.0,0.0,0.0,0.0,1.0,12.701358174941326,80.30370587668102,"{""type"":""MultiPoint"",""coordinates"":[]}"
1588,28.821694708571453,0.18283588820233643,-0.011708209224778218,-0.06068159373134998,0.0,0.0,0.0,0.0,0.0,0.0,1.0,12.652850704715219,80.29011290026308,"{""type"":""MultiPoint"",""coordinates"":[]}"
1589,40.239865870913384,-0.5486940405250428,0.054238112353429034,0.48044692363776925,0.0,0.0,0.21558092679650773,0.4184016118200135,0.03156480859637341,0.3344526527871054,0.0,12.630938709529927,79.95815354295601,"{""type"":""MultiPoint"",""coordinates"":[]}"
1590,37.773137794789605,-0.5232146034730959,-0.0657816247165805,0.6196532830465032,0.0,0.0,0.0,0.0,0.06212424849699399,0.937875751503006,0.0,13.088266466932582,79.92613419338855,"{""type"":""MultiPoint"",""coordinates"":[]}"
1591,46.827648525006715,-0.4857688371378521,0.17811634764963077,0.1887429068213301,0.18926174496644296,0.09865771812080537,0.0,0.7120805369127517,0.0,0.0,0.0,12.696624755038751,80.22213064700595,"{""type"":""MultiPoint"",""coordinates"":[]}"
1592,40.19341423843374,-0.42652291728491404,0.07936914885912942,0.29087030397863217,0.0,0.6847389558232931,0.0,0.0,0.0,0.3152610441767068,0.0,13.04494675683814,80.2086615052633,"{""type"":""MultiPoint"",""coordinates"":[]}"
1593,38.84660538743298,-0.517298873526666,-0.12503638558751304,0.6346061426615849,0.0,0.0,0.0,0.0,0.0,1.0,0.0,12.87836841767822,80.17988535093059,"{""type"":""MultiPoint"",""coordinates"":[]}"
1594,34.88635182874249,0.20823792000404368,-0.4496257827392737,0.348793403621635,0.0,0.0,0.0,0.5264214046822743,0.0,0.0,0.47357859531772584,12.84770383099619,80.00384066307006,"{""type"":""MultiPoint"",""coordinates"":[]}"
1595,39.02827648800539,-0.5612490146378377,-0.03965039536864981,0.5921399491201461,0.0,0.0,0.0,0.0,0.0,1.0,0.0,12.74386276288868,79.95991747813429,"{""type"":""MultiPoint"",""coordinates"":[]}"
1596,30.82599779525153,0.3989877770830263,-0.19481726085233309,-0.11835853639242497,0.0,0.0,0.0,0.0,0.0,0.0,1.0,12.997721374333702,80.05310519203691,"{""type"":""MultiPoint"",""coordinates"":[]}"
1597,43.254105871144596,-0.4764424653516275,0.094239424415007,0.2591156204659887,0.45649263721552874,0.1539491298527443,0.0,0.32663989290495316,0.0,0.06291834002677377,0.0,13.034782208516468,80.04812114909444,"{""type"":""MultiPoint"",""coordinates"":[]}"
1598,42.62787917757049,-0.42869874696195176,-0.007915880361390262,0.4223994842235104,0.0,0.0,0.0,0.0,0.0,1.0,0.0,12.781360783373058,80.15545643535384,"{""type"":""MultiPoint"",""coordinates"":[]}"
1599,39.54220746137097,-0.43295559169632775,-0.11476772316639712,0.5031534393650265,0.0,0.0,0.6323924731182795,0.0,0.0,0.3676075268817204,0.0,12.65662701161821,79.91851221886486,"{""type"":""MultiPoint"",""coordinates"":[]}"
1600,40.40818165961823,-0.3591266970236402,0.09517032001035335,0.21247319354105415,0.0,1.0,0.0,0.0,0.0,0.0,0.0,13.117214470210603,80.222780601039,"{""type"":""MultiPoint"",""coordinates"":[]}"
1601,40.42073405408725,-0.4220229458429921,0.10438819727670541,0.32496517758476684,0.0,0.0,0.0,0.6838926174496643,0.002013422818791946,0.3140939597315436,0.0,12.729268859141145,80.05217100942725,"{""type"":""MultiPoint"",""coordinates"":[]}"
1602,28.42191707042283,0.17665497488300547,-0.006635890475362164,-0.05935528291667959,0.0,0.0,0.0,0.0,0.0,0.0,1.0,12.789833616736148,80.30753169054985,"{""type"":""MultiPoint"",""coordinates"":[]}"
1603,36.26024039797726,-0.37786513151714474,-0.2661664863139287,0.6708552859309489,0.0,0.0,0.27997320830542527,0.0,0.0,0.7200267916945746,0.0,13.09895535495616,80.08505440889915,"{""type"":""MultiPoint"",""coordinates"":[]}"
1604,40.91272327801206,-0.4509444046733508,0.06500859466398767,0.3550647665224101,0.0,0.4016064257028112,0.44377510040160645,0.09705488621151272,0.019410977242302545,0.03815261044176707,0.0,13.135219036111112,80.00246034540302,"{""type"":""MultiPoint"",""coordinates"":[]}"
1605,28.539380240422553,0.16641661979622285,0.01257581637489673,-0.05965807979164558,0.0,0.0,0.0,0.0,0.0,0.0,1.0,12.831427540124135,80.28846501752265,"{""type"":""MultiPoint"",""coordinates"":[]}"
1606,45.78317757054217,-0.26644439923427876,0.1205018981509517,0.050017236635182684,0.0,1.0,0.0,0.0,0.0,0.0,0.0,13.16416650451694,80.22615555123721,"{""type"":""MultiPoint"",""coordinates"":[]}"
1607,40.35699108379358,-0.35542593208857465,0.028801251239058273,0.31244399533477407,0.0,0.0,0.09450402144772117,0.9054959785522788,0.0,0.0,0.0,12.810026863685733,80.21500052255486,"{""type"":""MultiPoint"",""coordinates"":[]}"
1608,34.83459031987956,-0.006134073516059631,0.02324475370058804,0.052209928692104696,0.0,0.40294511378848724,0.0,0.06358768406961178,0.0,0.2195448460508701,0.3139223560910308,13.1019847848848,80.14311880717298,"{""type"":""MultiPoint"",""coordinates"":[]}"
1609,35.803898645180986,-0.3707319990884103,-0.33804082039638966,0.7212320671413808,0.0,0.0,1.0,0.0,0.0,0.0,0.0,12.87388886724401,80.07010228031032,"{""type"":""MultiPoint"",""coordinates"":[]}"
1610,35.31162178529178,-0.25105820683594254,0.06909063580683757,0.2621731995002247,0.0,0.0,0.0,0.43930248155600266,0.0,0.4232059020791415,0.1374916163648558,12.857367569686234,80.1361028974776,"{""type"":""MultiPoint"",""coordinates"":[]}"
1611,28.66309439710844,0.21725851746049551,-0.02124755471821338,-0.06773128256489269,0.0,0.0,0.0,0.0,0.0,0.0,1.0,13.112733466065945,80.3247088169547,"{""type"":""MultiPoint"",""coordinates"":[]}"
1612,28.46633754273644,0.20329498899946954,-0.021464154402583136,-0.06047620611520035,0.0,0.0,0.0,0.0,0.0,0.0,1.0,12.981538208100414,80.29345489001281,"{""type"":""MultiPoint"",""coordinates"":[]}"
1613,28.636139600562643,0.12090409973526163,0.017094194102371358,-0.037654781105159636,0.0,0.0,0.0,0.0,0.0,0.0,1.0,12.747789152189947,80.33026778840213,"{""type"":""MultiPoint"",""coordinates"":[]}"
1614,28.56519633967117,0.19290483154344176,-0.02113412596849063,-0.05340418575762667,0.0,0.0,0.0,0.0,0.0,0.0,1.0,12.78808674389642,80.30625385028594,"{""type"":""MultiPoint"",""coordinates"":[]}"
1615,42.32381303134719,-0.42830791565518556,-0.13755555717643164,0.5127695984743358,0.0,0.0,1.0,0.0,0.0,0.0,0.0,12.859611968007847,79.90174453280291,"{""type"":""MultiPoint"",""coordinates"":[]}"
1616,42.020404079912716,-0.5233387682065059,0.06978892043344746,0.37498536786054304,0.0,0.0,0.0,0.7132303559435862,0.2867696440564137,0.0,0.0,12.7046898212411,80.17351481053127,"{""type"":""MultiPoint"",""coordinates"":[]}"
1617,36.78041458833112,-0.41415465516917516,0.01436881312686868,0.42572658808024766,0.0,0.0,0.0,0.08310991957104556,0.0,0.9168900804289544,0.0,12.79285827433011,79.91030880565233,"{""type"":""MultiPoint"",""coordinates"":[]}"
1618,42.54003484513733,-0.319178628307339,0.09516164658410206,0.16977266103452285,0.0,1.0,0.0,0.0,0.0,0.0,0.0,12.967769368627517,79.94980864332027,"{""type"":""MultiPoint"",""coordinates"":[]}"
1619,41.08491070043538,-0.4762399584331403,-0.17104278710513565,0.6665987058593532,0.0,0.0,0.0,0.0,0.0,1.0,0.0,13.081555853350968,80.26642357342541,"{""type"":""MultiPoint"",""coordinates"":[]}"
1620,41.44258883189391,-0.5229342422112615,0.10739768314808427,0.350746508043603,0.0,0.0,0.0,0.7481531229012761,0.0,0.251846877098724,0.0,12.675875749254274,80.11336212329238,"{""type"":""MultiPoint"",""coordinates"":[]}"
1621,39.073198743020775,-0.5565774276789445,-0.021507691245528354,0.5623514754783004,0.0,0.0,0.0,0.0,0.3998660415271266,0.6001339584728734,0.0,12.679577695012075,80.01901159918127,"{""type"":""MultiPoint"",""coordinates"":[]}"
1622,41.15774955032195,-0.5633153929565036,0.051335867022180424,0.45498661079774494,0.0,0.0,0.39369550637156264,0.0,0.0,0.6063044936284372,0.0,12.733017981895292,80.10955614909986,"{""type"":""MultiPoint"",""coordinates"":[]}"
1623,41.15472517442284,-0.46989573814295726,0.07426638782602951,0.3338870765546768,0.0,0.0,0.5120805369127517,0.18187919463087251,0.0,0.3060402684563759,0.0,12.874491181718822,80.05389656463653,"{""type"":""MultiPoint"",""coordinates"":[]}"
1624,38.89605719050371,-0.5369537168312295,-0.008504517117567015,0.5361114365247353,0.0,0.0,0.3525856279382136,0.0,0.0,0.6474143720617864,0.0,12.627888563037926,79.96281093556476,"{""type"":""MultiPoint"",""coordinates"":[]}"
1625,28.68750361016099,0.1635729883904947,-0.009017951296139134,-0.044415160926637116,0.0,0.0,0.0,0.0,0.0,0.0,1.0,12.605160758254145,80.27959066986149,"{""type"":""MultiPoint"",""coordinates"":[]}"
1626,40.40856418409641,-0.4661305142014303,-0.025271429170002104,0.4423602356590325,0.0,0.31258366800535475,0.0,0.0,0.0,0.6874163319946452,0.0,13.124550833617334,80.10222832940107,"{""type"":""MultiPoint"",""coordinates"":[]}"
1627,40.91019905456131,-0.4455457241907759,0.03888436688315943,0.365293641697433,0.0,0.0,0.15539182853315475,0.0,0.0,0.8446081714668452,0.0,13.130632155261317,79.92628800159567,"{""type"":""MultiPoint"",""coordinates"":[]}"
1628,33.27120080673596,0.021236718634659018,-0.3386650733009509,0.4685230166288557,0.0,0.0,0.030160857908847188,0.9698391420911527,0.0,0.0,0.0,12.93342367272375,79.950602071601,"{""type"":""MultiPoint"",""coordinates"":[]}"
1629,42.72111089293567,-0.34030336583986764,0.05587839846041957,0.23210267373878482,0.0,0.8813672922252009,0.0,0.0,0.0,0.11863270777479891,0.0,12.973908099865254,80.2316616350213,"{""type"":""MultiPoint"",""coordinates"":[]}"
1630,43.03092622788877,-0.25712972829416186,0.13732769887816618,0.06911500677498307,0.0,0.9423592493297587,0.0,0.057640750670241284,0.0,0.0,0.0,12.869881770726279,79.95849123192309,"{""type"":""MultiPoint"",""coordinates"":[]}"
1631,41.4756295345546,-0.44055710933898196,0.06115894996803019,0.35614086311819115,0.0,0.025452109845947757,0.0,0.9745478901540522,0.0,0.0,0.0,12.885453674081482,80.23693961390912,"{""type"":""MultiPoint"",""coordinates"":[]}"
1632,40.17603533193031,-0.4655756530959436,0.05782939848747363,0.36344919603436493,0.0,0.0,0.5040214477211797,0.467828418230563,0.0,0.028150134048257374,0.0,12.880806509683154,80.0268002635552,"{""type"":""MultiPoint"",""coordinates"":[]}"
1633,33.994673860729115,-0.35964625021450997,-0.29762278438039563,0.6827350465277477,0.0,0.0,1.0,0.0,0.0,0.0,0.0,13.158270070529536,80.05337384775987,"{""type"":""MultiPoint"",""coordinates"":[]}"
1634,28.365407420301636,0.1800870683752061,-0.006407965989222966,-0.05352766302945046,0.0,0.0,0.0,0.0,0.0,0.0,1.0,12.969934338925112,80.30566878954392,"{""type"":""MultiPoint"",""coordinates"":[]}"
1635,40.03651333625002,-0.48905219057550714,0.04225597142447278,0.41236496546962736,0.0,0.0,1.0,0.0,0.0,0.0,0.0,13.1967504544489,80.016968972146,"{""type"":""MultiPoint"",""coordinates"":[]}"
1636,38.686094697484926,-0.3828028847816074,-0.08128883621209779,0.45738728507522214,0.0,0.0,0.7250167672702884,0.27498323272971165,0.0,0.0,0.0,12.899338016120826,80.20350754498386,"{""type"":""MultiPoint"",""coordinates"":[]}"
1637,28.3456775395976,0.16293831260288522,-0.04047212642521938,-0.020834018560942864,0.0,0.0,0.0,0.0,0.0,0.0,1.0,12.9516269426283,80.33086728339752,"{""type"":""MultiPoint"",""coordinates"":[]}"
1638,33.02858272088532,0.5078547106376569,-0.26696259910884224,-0.13377773809535803,0.0,0.0,0.0,0.0,0.0,0.0,1.0,12.73686362897101,80.21648722284107,"{""type"":""MultiPoint"",""coordinates"":[]}"
1639,40.96826992931822,-0.43091629246771757,0.0012389990030265208,0.4077277862339286,0.0,0.7212566844919788,0.07687165775401071,0.0,0.0,0.20187165775401075,0.0,13.176523191150318,80.08367778615096,"{""type"":""MultiPoint"",""coordinates"":[]}"
1640,30.982565285722917,0.48748717618619186,-0.22032684577998837,-0.15859851271330985,0.0,0.0,0.0,0.0,0.0,0.0,1.0,13.176869355422337,80.174141847303,"{""type"":""MultiPoint"",""coordinates"":[]}"
1641,32.785131896639854,0.6456055300069321,-0.4226697740561696,-0.1795051335050329,0.0,0.0,0.0,0.0,0.0,0.0,1.0,12.733222056952568,80.22465599071536,"{""type"":""MultiPoint"",""coordinates"":[]}"
1642,40.10902249252514,-0.494982586372032,-0.18768467762184785,0.6771199048705486,0.0,0.3087742799732084,0.0,0.0,0.0,0.6912257200267918,0.0,13.087514881482633,80.27058611516863,"{""type"":""MultiPoint"",""coordinates"":[]}"
1643,41.4026084725235,-0.4702508339516944,0.005831428993224427,0.4157092681302489,0.0,0.0,1.0,0.0,0.0,0.0,0.0,12.616368023368512,80.08238969260663,"{""type"":""MultiPoint"",""coordinates"":[]}"
1644,41.40501613197185,-0.5491710367017644,0.04962775710096641,0.4791535447551362,0.0,0.24010731052984574,0.0,0.31120053655264923,0.0,0.4486921529175051,0.0,12.63492173008299,80.17236698763897,"{""type"":""MultiPoint"",""coordinates"":[]}"
1645,38.44470477195171,-0.29382386036732133,-0.2526417974196516,0.6149920249981932,0.0,0.0,0.8329979879275655,0.0,0.0,0.16700201207243462,0.0,13.147659719038053,80.23587018452751,"{""type"":""MultiPoint"",""coordinates"":[]}"
1646,41.462264391389276,-0.5038238220441785,0.09651676203047986,0.33729272103431107,0.0,0.0,0.4006711409395974,0.5993288590604027,0.0,0.0,0.0,12.660719232983555,80.16694901487237,"{""type"":""MultiPoint"",""coordinates"":[]}"
1647,42.24155073708252,-0.5438318259045387,0.10153825380881379,0.3993910214767629,0.0,0.0,0.8497652582159625,0.15023474178403756,0.0,0.0,0.0,12.760126910082896,80.11312849353175,"{""type"":""MultiPoint"",""coordinates"":[]}"
1648,41.29619105789263,-0.3111038776652632,0.049911444096722934,0.22232115274611142,0.0,0.8281879194630871,0.0,0.0,0.0,0.17181208053691274,0.0,12.69813010480002,79.97614060840704,"{""type"":""MultiPoint"",""coordinates"":[]}"
1649,43.92150684165774,-0.5504256790287889,0.08887412670579188,0.4307328461396769,0.0,0.0,0.0,1.0,0.0,0.0,0.0,12.724464982889335,80.22642370202134,"{""type"":""MultiPoint"",""coordinates"":[]}"
1650,30.93087312005364,0.4368205265058277,0.031534450584562355,-0.34844857264921014,0.0,0.0,0.0,0.0,0.0,0.0,1.0,13.020035795950312,80.0714176723349,"{""type"":""MultiPoint"",""coordinates"":[]}"
1651,43.56160424648325,-0.4873559293215249,0.07659706643904414,0.3897144594651852,0.15436241610738255,0.0,0.0,0.7174496644295302,0.12818791946308725,0.0,0.0,12.632390468456093,79.94626278404017,"{""type"":""MultiPoint"",""coordinates"":[]}"
1652,43.45929179282071,-0.5426988644042474,0.030616529959213823,0.4857578565355212,0.0,0.0,0.0,0.0047011417058428475,0.23572867696440566,0.7595701813297514,0.0,12.683401571918813,79.9495036791444,"{""type"":""MultiPoint"",""coordinates"":[]}"
1653,28.86883871326396,0.08305370038587129,0.01947840557275203,-0.045593252590888846,0.0,0.0,0.0,0.0,0.0,0.0,1.0,12.61160506247944,80.34948910942097,"{""type"":""MultiPoint"",""coordinates"":[]}"
1654,43.26200797613942,-0.4821537213550942,0.10677169871387047,0.3207809236399232,0.0,0.0,1.0,0.0,0.0,0.0,0.0,13.127805012973237,79.9789086346264,"{""type"":""MultiPoint"",""coordinates"":[]}"
1655,28.89046474846878,0.15165109524534243,0.010985402647715319,-0.061864474147374136,0.0,0.0,0.0,0.0,0.0,0.0,1.0,12.762333523955732,80.34358394553564,"{""type"":""MultiPoint"",""coordinates"":[]}"
1656,39.24090169770625,-0.4644460161376039,-0.2375572305138399,0.6832682226090551,0.0,0.0,0.0,0.0,0.0,1.0,0.0,12.734789507210591,80.00960709771958,"{""type"":""MultiPoint"",""coordinates"":[]}"
1657,38.16383838781881,-0.5427333868348112,0.014905187887889115,0.49737164612254053,0.0,0.0,0.0,1.0,0.0,0.0,0.0,12.675786655140156,80.14786481265507,"{""type"":""MultiPoint"",""coordinates"":[]}"
1658,39.78532884977275,-0.4306130000434169,1.702839282658235E-4,0.41676576738076154,0.0,0.018716577540106954,0.004010695187165776,0.03208556149732621,0.0,0.6410427807486632,0.30414438502673796,13.073234731459564,80.28414240648972,"{""type"":""MultiPoint"",""coordinates"":[]}"
1659,39.36975946467162,-0.5017662738416686,-0.02859322459197478,0.4967486035165148,0.0,0.0,0.5703753351206435,0.012064343163538875,0.0,0.4175603217158177,0.0,12.657993990411738,80.11404472088975,"{""type"":""MultiPoint"",""coordinates"":[]}"
1660,28.803043505221513,0.13911324807186287,-0.0027154946576985503,-0.04219589440402555,0.0,0.0,0.0,0.0,0.0,0.0,1.0,12.745156517800885,80.32670658527664,"{""type"":""MultiPoint"",""coordinates"":[]}"
1661,42.424740705662664,-0.3238280216162486,0.00774592486352969,0.2923952385443329,0.0,0.3741633199464525,0.0,0.0,0.0,0.6258366800535474,0.0,13.157146233608316,80.22781147486889,"{""type"":""MultiPoint"",""coordinates"":[]}"
1662,40.88293113849399,-0.49848287595705804,0.05827832159692615,0.3982629483636659,0.0,0.030789825970548863,0.6559571619812584,0.0,0.0,0.3132530120481928,0.0,13.183175571704544,79.92713851772467,"{""type"":""MultiPoint"",""coordinates"":[]}"
1663,38.53966856597188,-0.566878458544792,-0.014647439898942845,0.5906308620377121,0.0,0.0,0.0,0.0,0.0,1.0,0.0,12.82929083820944,79.93316489089496,"{""type"":""MultiPoint"",""coordinates"":[]}"
1664,40.82163845397857,-0.4871997538328795,0.08726031215226514,0.32087630831206665,0.0,0.0,0.017414601473543203,0.9792364367046217,0.0,0.003348961821835231,0.0,12.776926260340996,80.20356497786409,"{""type"":""MultiPoint"",""coordinates"":[]}"
1665,36.41269633102412,-0.1711972158439123,-0.1978049927539101,0.4727042633923446,0.0,0.27911646586345384,0.14725568942436415,0.0,0.17135207496653282,0.2315930388219545,0.0,12.91576566218134,80.11296809007187,"{""type"":""MultiPoint"",""coordinates"":[]}"
1666,38.12808516611672,-0.5057839739394018,-0.1239485285275216,0.6422108234795902,0.0,0.04493628437290409,0.0,0.0,0.0,0.9550637156270959,0.0,12.89959835167413,80.12041968493011,"{""type"":""MultiPoint"",""coordinates"":[]}"
1667,28.8348249380121,0.22296520845016335,0.010186290667332228,-0.06380164482063529,0.0,0.0,0.0,0.0,0.0,0.0,1.0,12.692323306316533,80.25418087402977,"{""type"":""MultiPoint"",""coordinates"":[]}"
1668,29.587193789229232,0.3103437738698662,0.06984497959757387,-0.16717930580718454,0.0,0.0,0.0,0.0,0.0,0.0,1.0,12.893917843445438,80.25714166683233,"{""type"":""MultiPoint"",""coordinates"":[]}"
1669,41.81117488653461,-0.44312698663014743,0.03495904888448642,0.389525036628401,0.0,0.6400268636668905,0.0,0.0,0.0,0.3599731363331094,0.0,12.613451453111193,80.06607349730692,"{""type"":""MultiPoint"",""coordinates"":[]}"
1670,28.51869485008045,0.16983757423072265,-0.018648588137684597,-0.0532690951017499,0.0,0.0,0.0,0.0,0.0,0.0,1.0,13.054750924076712,80.32895918063103,"{""type"":""MultiPoint"",""coordinates"":[]}"
1671,41.71658048496318,-0.2823062499689764,0.059447880360963545,0.14933928286705334,0.27059611520428667,0.37977227059611524,0.0,0.3496316141995981,0.0,0.0,0.0,12.880988428250822,80.20703331419224,"{""type"":""MultiPoint"",""coordinates"":[]}"
1672,28.624677916577188,0.1077169824078068,0.03607317067305751,-0.061353123459850105,0.0,0.0,0.0,0.0,0.0,0.0,1.0,12.665308365485997,80.32193448236028,"{""type"":""MultiPoint"",""coordinates"":[]}"
1673,28.59093513659534,0.24034847606048346,-0.038408185785096735,-0.06421777752842317,0.0,0.0,0.0,0.0,0.0,0.0,1.0,12.840291144454339,80.26985938358983,"{""type"":""MultiPoint"",""coordinates"":[]}"
1674,40.603506736222386,-0.4167334203306668,7.002358010297343E-4,0.38558091254375837,0.0,0.4440723375753517,0.03148024112525118,0.002679169457468185,0.0,0.5217682518419291,0.0,12.785466104174393,80.22849203468301,"{""type"":""MultiPoint"",""coordinates"":[]}"
1675,42.94622943337132,-0.3509451762800485,0.03132386422140947,0.24465637314476008,0.0,0.5469168900804289,0.0,0.45308310991957107,0.0,0.0,0.0,12.863252010688523,80.24814972532884,"{""type"":""MultiPoint"",""coordinates"":[]}"
1676,37.143810040933516,-0.5937252071617641,5.233544480612865E-4,0.6090114434734543,0.0,0.0,0.0,0.0,0.0,1.0,0.0,12.629062872312634,80.06811745291496,"{""type"":""MultiPoint"",""coordinates"":[]}"
1677,28.674395741032182,0.16229453189811785,0.011866081837793026,-0.07582441237916905,0.0,0.0,0.0,0.0,0.0,0.0,1.0,12.606743132602885,80.30389283205523,"{""type"":""MultiPoint"",""coordinates"":[]}"
1678,28.5881113541153,0.21777879450909007,-0.030512796360125494,-0.06499291504257802,0.0,0.0,0.0,0.0,0.0,0.0,1.0,12.982914837233068,80.29137704918728,"{""type"":""MultiPoint"",""coordinates"":[]}"
1679,28.859720699946322,0.2857364618857777,-0.028030000974030963,-0.0741519376471169,0.0,0.0,0.0,0.0,0.0,0.0,1.0,12.715496063606473,80.24566526353273,"{""type"":""MultiPoint"",""coordinates"":[]}"
1680,38.944854400040256,-0.5359284888747642,-0.03963965980485029,0.606236075292378,0.0,0.0,0.0,0.0,0.0,1.0,0.0,13.049885062167633,80.06287602830247,"{""type"":""MultiPoint"",""coordinates"":[]}"
1681,39.0888781730161,-0.5012812642655246,-0.06966646330045555,0.5905104505424549,0.0,0.0,0.16689008042895442,0.6883378016085792,0.0,0.1447721179624665,0.0,12.608694840726097,80.13574588408164,"{""type"":""MultiPoint"",""coordinates"":[]}"
1682,28.62939153907447,0.16876766376831945,-0.041711914754279704,-0.03014506284107716,0.0,0.0,0.0,0.0,0.0,0.0,1.0,12.904091964466827,80.33043980380256,"{""type"":""MultiPoint"",""coordinates"":[]}"
1683,41.13128242213381,-0.5109788967083972,0.020426486781320394,0.4539220889917719,0.0,0.2588628762541806,0.0,0.0,0.0,0.7411371237458194,0.0,13.154447944935901,80.08141950687526,"{""type"":""MultiPoint"",""coordinates"":[]}"
1684,43.57945722000001,-0.5010070607610599,0.0965035756291665,0.36033533201833085,0.0,0.04016064257028113,0.21686746987951808,0.38821954484605087,0.3547523427041499,0.0,0.0,13.042883295005076,79.97608085519887,"{""type"":""MultiPoint"",""coordinates"":[]}"
1685,42.401000641590926,-0.3831110719264992,0.04633037764332825,0.3150857243530252,0.0,1.0,0.0,0.0,0.0,0.0,0.0,13.098842373934287,80.17959597005556,"{""type"":""MultiPoint"",""coordinates"":[]}"
1686,37.951938529076955,-0.5795032677776911,0.004558464089599814,0.6189470867882121,0.0,0.0,0.0,0.0,0.04548494983277593,0.954515050167224,0.0,12.838978485131626,80.03560798205865,"{""type"":""MultiPoint"",""coordinates"":[]}"
1687,29.70226492391949,0.35903646106575243,0.05350228619880583,-0.17838464004782054,0.0,0.0,0.0,0.0,0.0,0.0,1.0,12.768680089851303,80.25515418509325,"{""type"":""MultiPoint"",""coordinates"":[]}"
1688,44.60958183377346,-0.559547158729748,0.16399918875448274,0.3527654101553676,0.0,0.0,0.15348525469168897,0.846514745308311,0.0,0.0,0.0,12.72501828780119,80.13641866506488,"{""type"":""MultiPoint"",""coordinates"":[]}"
1689,34.10693647841155,-0.41559733997483056,-0.33009605125884905,0.7659184483362559,0.0,0.0,1.0,0.0,0.0,0.0,0.0,12.960125061803897,80.01376184400182,"{""type"":""MultiPoint"",""coordinates"":[]}"
1690,42.82494615726055,-0.3134781929870186,0.15538513380135915,0.0862856544994235,0.0,1.0,0.0,0.0,0.0,0.0,0.0,13.118456052002346,80.2749436158466,"{""type"":""MultiPoint"",""coordinates"":[]}"
1691,45.308524494527184,-0.4657395185282696,0.11770232108252658,0.27830599009239554,0.0,0.0,0.03219315895372233,0.7994634473507711,0.0,0.16834339369550635,0.0,12.750555616297857,79.91728402869941,"{""type"":""MultiPoint"",""coordinates"":[]}"
1692,28.408486224578343,0.1545222950788685,-0.004445451106831115,-0.04651500359016247,0.0,0.0,0.0,0.0,0.0,0.0,1.0,13.090172392806561,80.33958751586019,"{""type"":""MultiPoint"",""coordinates"":[]}"
1693,39.77091846418732,-0.4571806992564001,0.06215861461634139,0.36495649368973165,0.0,0.5163879598662208,0.08160535117056857,0.0,0.0,0.4020066889632107,0.0,13.163532310254345,80.13069708566285,"{""type"":""MultiPoint"",""coordinates"":[]}"
1694,43.72464797945042,-0.5543422319648998,0.13613402163665342,0.366950276296638,0.0,0.0,0.26005361930294907,0.739946380697051,0.0,0.0,0.0,13.048643490082023,79.98958838382352,"{""type"":""MultiPoint"",""coordinates"":[]}"
1695,49.3720554958563,-0.3820062920410611,0.1610575013007004,0.14731322233555713,0.6218938885157823,0.0,0.0,0.3781061114842176,0.0,0.0,0.0,12.692163058056842,80.20535049566676,"{""type"":""MultiPoint"",""coordinates"":[]}"
1696,36.544179053742475,-0.4219784976391516,0.006916861532657842,0.37000127897762436,0.0,0.0,1.0,0.0,0.0,0.0,0.0,12.694192971455694,80.0820632846306,"{""type"":""MultiPoint"",""coordinates"":[]}"
1697,44.7236242161688,-0.42935110909745416,0.09208313796140948,0.27253017922655487,0.0,0.7983924983255191,0.0,0.2016075016744809,0.0,0.0,0.0,12.841510771722856,80.06194991029862,"{""type"":""MultiPoint"",""coordinates"":[]}"
1698,42.20129100050303,-0.37656852728780876,0.10492776722562756,0.20998392475417252,0.021462105969148222,0.0,0.0,0.9785378940308519,0.0,0.0,0.0,12.766867257508755,80.21553645140949,"{""type"":""MultiPoint"",""coordinates"":[]}"
1699,42.97267287632531,-0.6251409588584612,0.2910023409940181,0.30166543227622444,0.0,0.0,0.14926372155287818,0.8507362784471216,0.0,0.0,0.0,13.17936701197208,79.98432532136421,"{""type"":""MultiPoint"",""coordinates"":[]}"
1700,42.93749155284092,-0.3072612175497724,0.12843573384884743,0.10239917134844509,0.18649732620320855,0.8135026737967913,0.0,0.0,0.0,0.0,0.0,13.190734912047041,80.18664476839808,"{""type"":""MultiPoint"",""coordinates"":[]}"
1701,43.273384281807246,-0.49241453009603453,0.13837705609600479,0.31896238682411165,0.0,0.33668005354752345,0.6633199464524767,0.0,0.0,0.0,0.0,12.943243159789523,80.00611503124708,"{""type"":""MultiPoint"",""coordinates"":[]}"
1702,39.71578254873496,-0.4883952664071734,-0.008425656148612638,0.4736187338711849,0.0,0.18005354752342706,0.010040160642570281,0.0,0.0,0.8099062918340028,0.0,13.160838833577811,79.98356324337904,"{""type"":""MultiPoint"",""coordinates"":[]}"
1703,28.88334286004027,0.15877561683274785,0.04117368035625445,-0.07055067386568112,0.0,0.0,0.0,0.0,0.0,0.0,1.0,12.668111693286402,80.27513763757425,"{""type"":""MultiPoint"",""coordinates"":[]}"
1704,40.81062920126846,-0.3686834767320293,0.04554077863048953,0.2807707367038458,0.0,1.0,0.0,0.0,0.0,0.0,0.0,12.677035320322055,79.98928285682791,"{""type"":""MultiPoint"",""coordinates"":[]}"
1705,28.7273950404217,0.18221335277936376,-0.0038419989839931024,-0.056769455204762745,0.0,0.0,0.0,0.0,0.0,0.0,1.0,12.859200830745202,80.29429159450333,"{""type"":""MultiPoint"",""coordinates"":[]}"
1706,41.031581117789685,-0.354261311712846,0.15677800955335291,0.13753760710840146,0.0,1.0,0.0,0.0,0.0,0.0,0.0,13.05143681246739,80.09920806194766,"{""type"":""MultiPoint"",""coordinates"":[]}"
1707,38.804103500000025,-0.5186892648661104,-0.07546869363970313,0.6035113859831879,0.0,0.0,0.0,0.0,0.012726054922973878,0.9872739450770261,0.0,13.053659472166023,79.94748543745298,"{""type"":""MultiPoint"",""coordinates"":[]}"
1708,40.76965272782319,-0.4191765716344177,-0.013797020827350208,0.42010168750406846,0.0,0.579370395177495,0.0,0.0,0.0,0.420629604822505,0.0,13.122633272726812,80.12964714329891,"{""type"":""MultiPoint"",""coordinates"":[]}"
1709,43.727666365000026,-0.514741407431572,0.11263103262169497,0.34597015640163364,0.0,0.0,0.11244979919678716,0.0,0.0,0.8875502008032129,0.0,13.052546338174054,80.14829182679314,"{""type"":""MultiPoint"",""coordinates"":[]}"
1710,37.03110541283224,-0.3981782250144006,-0.15478676335321878,0.5355185126728653,0.0,0.0,1.0,0.0,0.0,0.0,0.0,12.677004810816687,79.94007340566237,"{""type"":""MultiPoint"",""coordinates"":[]}"
1711,35.41857759898125,-0.4078346208252232,-0.23630609152225573,0.651530115333319,0.0,0.0,1.0,0.0,0.0,0.0,0.0,12.981316632817997,80.07778924873232,"{""type"":""MultiPoint"",""coordinates"":[]}"
1712,28.686291741530223,0.2964891490850796,-0.03778952376007411,-0.07023714717070727,0.0,0.0,0.0,0.0,0.0,0.0,1.0,12.65291604809725,80.22976345407326,"{""type"":""MultiPoint"",""coordinates"":[]}"
1713,28.395695319264235,0.21777219704709835,-0.009898783014863176,-0.05674492249405363,0.0,0.0,0.0,0.0,0.0,0.0,1.0,13.135033771592015,80.32453064933335,"{""type"":""MultiPoint"",""coordinates"":[]}"
1714,40.02088773427712,-0.4747924103252745,0.02000419558877235,0.4043513799746272,0.0,0.4203480589022758,0.0,0.0,0.0,0.5796519410977242,0.0,12.981693187349219,80.156125394703,"{""type"":""MultiPoint"",""coordinates"":[]}"
1715,38.64120351323709,-0.2579516480369153,0.0827138406472518,0.21019088713518155,0.0,0.0,0.0,0.06581598388179986,0.4593687038280726,0.4748153122901277,0.0,12.661106207244945,79.97391935970279,"{""type"":""MultiPoint"",""coordinates"":[]}"
1716,28.299020629034878,0.1804398985878391,-0.02112604409362962,-0.049138283606510326,0.0,0.0,0.0,0.0,0.0,0.0,1.0,12.943119708479223,80.3008859002239,"{""type"":""MultiPoint"",""coordinates"":[]}"
1717,28.769483138616536,0.24334733346739254,-0.03895573926892726,-0.061649055685556786,0.0,0.0,0.0,0.0,0.0,0.0,1.0,12.979514420222662,80.2791905844052,"{""type"":""MultiPoint"",""coordinates"":[]}"
1718,40.667594240161094,-0.5328230547011724,0.055442402161729305,0.4139055477806389,0.0,0.0,0.0,0.9530201342281879,0.0,0.04697986577181209,0.0,12.65574660431299,80.00465064207147,"{""type"":""MultiPoint"",""coordinates"":[]}"
1719,28.49181116060322,0.1722376184241186,-0.011347060196221045,-0.04372800413843704,0.0,0.0,0.0,0.0,0.0,0.0,1.0,12.862365360219593,80.31376581414122,"{""type"":""MultiPoint"",""coordinates"":[]}"
1720,41.31957824036218,-0.5794771270706093,0.11886138909232892,0.43244291864390116,0.0,0.01006036217303823,0.42454728370221323,0.004024144869215292,0.5613682092555332,0.0,0.0,12.915595939032645,79.9247525231988,"{""type"":""MultiPoint"",""coordinates"":[]}"
1721,34.9534324985724,0.25157029975296136,-0.41696645213787303,0.34805855481435893,0.0,0.0,0.0,0.0,0.0,0.0,0.6943699731903485,12.775161726848475,80.23328832401987,"{""type"":""MultiPoint"",""coordinates"":[]}"
1722,42.03345634584338,-0.35992444683359226,0.0641207593135906,0.24454030541508814,0.0,1.0,0.0,0.0,0.0,0.0,0.0,13.117103584972144,80.20953204657906,"{""type"":""MultiPoint"",""coordinates"":[]}"
1723,39.388698243503036,-0.42030856516879267,0.03608506231636495,0.3561081745717016,0.0,0.6972538513060951,0.22237106496985937,0.0,0.0,0.08037508372404555,0.0,13.116190237031123,80.0431328275432,"{""type"":""MultiPoint"",""coordinates"":[]}"
1724,36.98182379703284,-0.33715198295072196,-0.09585541885058699,0.46263996703624516,0.0,0.0,0.5458807769591427,0.0,0.0,0.45411922304085733,0.0,13.171621846564399,80.02404129961745,"{""type"":""MultiPoint"",""coordinates"":[]}"
1725,37.627956615947596,-0.5414862382957579,-0.08252353240088355,0.6764206605229173,0.0,0.0,0.0,0.0,0.0,1.0,0.0,12.686640979862618,79.96844442701709,"{""type"":""MultiPoint"",""coordinates"":[]}"
1726,41.06499446753015,-0.47345732167232846,0.028853601169854668,0.45014382387853463,0.0,0.0,0.9103078982597055,0.08969210174029452,0.0,0.0,0.0,13.08009404552823,80.07956230360266,"{""type"":""MultiPoint"",""coordinates"":[]}"
1727,43.61677652712275,-0.3552052851841321,0.10269988182376683,0.16828861987347474,0.0,0.982562038900067,0.0,0.0,0.0,0.017437961099932932,0.0,13.035552107870163,80.0828026392366,"{""type"":""MultiPoint"",""coordinates"":[]}"
1728,41.74648529825857,-0.5201103025499599,0.0772798504627508,0.3833609582161534,0.0,0.0,0.34561286001339586,0.5947756195579371,0.0,0.05961152042866712,0.0,12.850149236922938,80.20106510803521,"{""type"":""MultiPoint"",""coordinates"":[]}"
1729,38.155698004215814,-0.5855764570361288,0.036309588852121266,0.5734560385948713,0.0,0.0,0.16689008042895442,0.8331099195710457,0.0,0.0,0.0,13.072302326867497,79.99847430588133,"{""type"":""MultiPoint"",""coordinates"":[]}"
1730,42.993362371360604,-0.3767547344706125,-0.04214599541662873,0.3827769733653132,0.0,0.5475871313672922,0.0227882037533512,0.0,0.0,0.4296246648793565,0.0,12.938900438875864,79.91921524453653,"{""type"":""MultiPoint"",""coordinates"":[]}"
1731,28.765207287424776,0.228354766170925,-0.043881729107056726,-0.06714773728199555,0.0,0.0,0.0,0.0,0.0,0.0,1.0,13.085936620272653,80.3128688320334,"{""type"":""MultiPoint"",""coordinates"":[]}"
1732,43.08803182057602,-0.3750379183766147,0.0941594466132073,0.2547126016722966,0.0,0.7012726054922975,0.034829202947086406,0.0,0.0,0.2638981915606162,0.0,13.110450280977036,80.19038298534532,"{""type"":""MultiPoint"",""coordinates"":[]}"
1733,39.729280012652396,-0.496202583620774,0.0447512341773156,0.42536897319870004,0.0,0.0,0.0,0.0,0.08640321500334897,0.9135967849966511,0.0,13.088071002936337,79.93721282981024,"{""type"":""MultiPoint"",""coordinates"":[]}"
1734,34.62735751418902,-0.514867404043946,-0.18500208943675894,0.7394186556533675,0.0,0.0,0.0,0.0,0.0,1.0,0.0,12.994140682335507,80.2209423249857,"{""type"":""MultiPoint"",""coordinates"":[]}"
1735,35.15786774963858,-0.3981994355676903,-0.3111427987574737,0.7466015213969959,0.0,0.0,1.0,0.0,0.0,0.0,0.0,13.156015726044608,79.95100367603345,"{""type"":""MultiPoint"",""coordinates"":[]}"
1736,40.55042574108436,-0.31605721348852245,-0.0975237390836367,0.382340078987013,0.0,0.6586345381526105,0.0,0.0,0.0,0.3413654618473896,0.0,13.023236119037243,80.01633103061525,"{""type"":""MultiPoint"",""coordinates"":[]}"
1737,28.478220437407916,0.1528878283548658,-0.007098191067208789,-0.04137865805270797,0.0,0.0,0.0,0.0,0.0,0.0,1.0,12.911982261740967,80.31974945627108,"{""type"":""MultiPoint"",""coordinates"":[]}"
1738,39.83111764287728,-0.4098698858716629,-0.10320224841661163,0.5205596051987034,0.0,0.6277665995975854,0.0,0.0,0.0,0.3722334004024144,0.0,12.725557254460975,80.19121264462746,"{""type"":""MultiPoint"",""coordinates"":[]}"
1739,28.807193302657748,0.1713436057753518,-0.004448890389922181,-0.05715644551827749,0.0,0.0,0.0,0.0,0.0,0.0,1.0,12.60343787991596,80.2919634102145,"{""type"":""MultiPoint"",""coordinates"":[]}"
1740,41.07464633829874,-0.527089558240205,-0.006183197382224747,0.5255651463555623,0.0,0.0,0.0,0.0,0.12659075686537172,0.8734092431346281,0.0,12.94374033936166,79.94656403218359,"{""type"":""MultiPoint"",""coordinates"":[]}"
1741,44.275590017206994,-0.4132177198665541,0.14325491040280983,0.20994097851180038,0.0,0.0,0.7916945746818487,0.0,0.0,0.20830542531815138,0.0,12.822593737096964,79.9574576362823,"{""type"":""MultiPoint"",""coordinates"":[]}"
1742,43.8490300021582,-0.40517849095465946,0.036893422450115725,0.31010672010317397,0.0,0.23458445040214482,0.0,0.08579088471849868,0.0,0.6796246648793567,0.0,12.996926960741659,79.9319368791197,"{""type"":""MultiPoint"",""coordinates"":[]}"
1743,28.787172641204837,0.24526617334989304,-0.026427600164275748,-0.07558983030899133,0.0,0.0,0.0,0.0,0.0,0.0,1.0,13.021843334838909,80.29186889227353,"{""type"":""MultiPoint"",""coordinates"":[]}"
1744,41.99210561495655,-0.43021085478100757,0.08362192755915393,0.272775645310447,0.0,0.09230769230769231,0.6274247491638795,0.1096989966555184,0.0,0.1705685618729097,0.0,13.128690170435,79.92763891620869,"{""type"":""MultiPoint"",""coordinates"":[]}"
1745,28.880049890040283,0.1435201694025529,0.01726079778622991,-0.05873022324827466,0.0,0.0,0.0,0.0,0.0,0.0,1.0,12.765627095133192,80.34836632592015,"{""type"":""MultiPoint"",""coordinates"":[]}"
1746,40.632423760625,-0.5897886451084708,0.004377367958366619,0.5619399095507166,0.0,0.0,0.0,0.0,0.3487903225806452,0.6512096774193548,0.0,12.634659690125542,80.02731295866101,"{""type"":""MultiPoint"",""coordinates"":[]}"
1747,28.629564079395998,0.22442578723273313,-0.005208245104613686,-0.05982859395989447,0.0,0.0,0.0,0.0,0.0,0.0,1.0,12.726619226983937,80.26381316490868,"{""type"":""MultiPoint"",""coordinates"":[]}"
1748,42.16179453186749,-0.5805652045646391,0.18337916338179672,0.34536244176854797,0.0,0.0,1.0,0.0,0.0,0.0,0.0,13.147195338069187,79.92369091418946,"{""type"":""MultiPoint"",""coordinates"":[]}"
1749,43.211547570770264,-0.4907990315595435,0.13708122078045804,0.2995552327082495,0.020763563295378432,0.0,0.0,0.20495646349631616,0.6731413261888816,0.10113864701942399,0.0,12.867880028691866,79.96527376149588,"{""type"":""MultiPoint"",""coordinates"":[]}"
1750,39.901546165298875,-0.4381760986201124,0.0031444304725883883,0.40617702319284893,0.0,0.0,1.0,0.0,0.0,0.0,0.0,12.604613599268514,79.96023319398391,"{""type"":""MultiPoint"",""coordinates"":[]}"
1751,37.33511662362603,-0.5111936803222157,-0.12459626756346263,0.6721408113626025,0.0,0.0,0.0,0.0,0.0,1.0,0.0,12.698549634831737,80.17046073342937,"{""type"":""MultiPoint"",""coordinates"":[]}"
1752,28.815667897987936,0.18742254374621015,0.0026746543935886858,-0.07439019321883639,0.0,0.0,0.0,0.0,0.0,0.0,1.0,12.654520957843236,80.28926386701893,"{""type"":""MultiPoint"",""coordinates"":[]}"
1753,37.95780930290022,-0.5380256352949153,-0.049616879614927625,0.6020827069159765,0.0,0.0,0.0,0.0,0.0,1.0,0.0,12.981355438798685,80.11414547344644,"{""type"":""MultiPoint"",""coordinates"":[]}"
1754,28.55318221762897,0.1862591655496919,-0.00445798029365946,-0.06181816133306401,0.0,0.0,0.0,0.0,0.0,0.0,1.0,12.837646144236613,80.28941730107414,"{""type"":""MultiPoint"",""coordinates"":[]}"
1755,35.47564980855426,-0.3473294250060682,-0.28898626417053513,0.6795247648779352,0.0,0.0,1.0,0.0,0.0,0.0,0.0,13.196942092456746,80.06456873723607,"{""type"":""MultiPoint"",""coordinates"":[]}"
1756,39.100508063012064,-0.5082986458273905,-0.13739591530613082,0.6455627353165656,0.0,0.043507362784471225,0.0,0.0,0.0,0.9564926372155289,0.0,12.892520465273517,80.08434618261484,"{""type"":""MultiPoint"",""coordinates"":[]}"
1757,40.49824259638558,-0.47753247366271545,-7.060509401872828E-4,0.47606231003392185,0.0,0.0,0.9906291834002677,0.009370816599732263,0.0,0.0,0.0,13.180075229536493,80.12078485316647,"{""type"":""MultiPoint"",""coordinates"":[]}"
1758,42.88248862943702,-0.420334455936885,0.14937366080151648,0.2104163983466967,0.0,0.15750670241286863,0.5971849865951743,0.23525469168900806,0.010053619302949061,0.0,0.0,13.10811229356517,79.94772630023449,"{""type"":""MultiPoint"",""coordinates"":[]}"
1759,40.219718177345854,-0.5000988972418156,-0.033981823063649545,0.5529202722049641,0.0,0.03083109919571046,0.0,0.0,0.0871313672922252,0.8820375335120645,0.0,12.765310991409171,80.00803269594593,"{""type"":""MultiPoint"",""coordinates"":[]}"
1760,39.97025958010717,-0.4671636181844264,0.040408622360830766,0.40260832127430196,0.0,0.2116543871399866,0.0,0.0,0.5780308104487609,0.21031480241125247,0.0,13.130526166452041,80.01105952409436,"{""type"":""MultiPoint"",""coordinates"":[]}"
1761,40.93932364135391,-0.40358419835846304,-0.029018815746698574,0.4196876846602679,0.0,0.20978552278820375,0.0,0.05428954423592493,0.0,0.7359249329758712,0.0,12.718123368692218,80.1879739248485,"{""type"":""MultiPoint"",""coordinates"":[]}"
1762,39.36029169207245,-0.42294842983228387,0.08232094448016711,0.27443112677259385,0.0,0.608316566063045,0.0,0.0,0.0,0.39168343393695504,0.0,12.753652563961317,80.0098164234654,"{""type"":""MultiPoint"",""coordinates"":[]}"
1763,44.41421747816356,-0.5513661092730169,0.19260554600493265,0.3020954882452367,0.0,0.0,0.9785522788203754,0.021447721179624665,0.0,0.0,0.0,12.933648603920926,80.02769762036318,"{""type"":""MultiPoint"",""coordinates"":[]}"
1764,32.48173375616212,0.38498209572592174,-0.1556953174557943,-0.06918872670055293,0.0,0.0,0.00535833891493637,0.0,0.0,0.0,0.0,12.875044531553037,80.02951366690584,"{""type"":""MultiPoint"",""coordinates"":[]}"
1765,41.33904018244297,-0.5245653842037159,0.06866089211097517,0.4170350120657147,0.0,0.0,0.6429530201342283,0.17114093959731547,0.0,0.1859060402684564,0.0,12.62917508353923,79.98936803083542,"{""type"":""MultiPoint"",""coordinates"":[]}"
1766,39.5634343618328,-0.25378430870697344,-0.08402032236104365,0.39137015802669434,0.0,0.0,0.0,0.0,0.0,1.0,0.0,13.111843716159479,80.19073326312271,"{""type"":""MultiPoint"",""coordinates"":[]}"
1767,39.502486149685645,-0.5266239129001495,-0.02094466807966013,0.5440695346565532,0.0,0.0,0.1351170568561873,0.0,0.0,0.8648829431438126,0.0,13.001733344061181,79.96189218578868,"{""type"":""MultiPoint"",""coordinates"":[]}"
1768,34.44401660102344,-0.2947049699987116,-0.3347864316749035,0.6824150305339572,0.0,0.0,1.0,0.0,0.0,0.0,0.0,13.177731240205743,79.90191297543373,"{""type"":""MultiPoint"",""coordinates"":[]}"
1769,33.17362316016056,0.05348994842752389,0.08425178422679329,-0.0152642320218351,0.0,0.0,0.42541806020066886,0.28561872909698993,0.0,0.0,0.0,12.9084745213614,80.08714151814492,"{""type"":""MultiPoint"",""coordinates"":[]}"
1770,42.0422813900804,-0.3626703851502343,0.10918158244527436,0.17525298004940013,0.0,1.0,0.0,0.0,0.0,0.0,0.0,13.03470432843828,80.18697942114423,"{""type"":""MultiPoint"",""coordinates"":[]}"
1771,43.06678937066398,-0.5174058012435996,0.010403204978927915,0.47435578604411227,0.0,0.0,0.0,0.7209926224010731,0.0,0.2790073775989269,0.0,12.61665700447675,80.19766463377117,"{""type"":""MultiPoint"",""coordinates"":[]}"
1772,29.34829768927664,0.23849653987781963,0.0057623979357255585,-0.08864186361100564,0.0,0.0,0.0,0.0,0.0,0.0,1.0,13.081899412141345,80.30206237195544,"{""type"":""MultiPoint"",""coordinates"":[]}"
1773,38.88805030059732,-0.5452062446850454,-0.006619315422291809,0.5406568983535787,0.0,0.0,0.0,0.10939597315436242,0.0,0.8906040268456377,0.0,12.714879608305264,79.97446253790025,"{""type"":""MultiPoint"",""coordinates"":[]}"
1774,45.53423524600137,-0.5419663168928268,0.10721106104862749,0.3281829535972029,0.16744809109176156,0.0,0.739450770261219,0.0,0.06697923643670463,0.026121902210314806,0.0,13.070798561960153,79.97930414906038,"{""type"":""MultiPoint"",""coordinates"":[]}"
1775,39.998251328518776,-0.3082932916315039,0.02262069701476194,0.3070402912898624,0.07975871313672923,0.4014745308310992,0.0,0.0,0.0,0.5187667560321716,0.0,12.825822035527542,80.2465198623251,"{""type"":""MultiPoint"",""coordinates"":[]}"
1776,39.68170762577749,-0.4113219733388763,0.016781961052721246,0.34566893084279604,0.0,0.0,1.0,0.0,0.0,0.0,0.0,12.78129360120199,80.14708550973505,"{""type"":""MultiPoint"",""coordinates"":[]}"
1777,41.30923972572004,-0.47744091933991517,0.08794997369797193,0.3398001932407329,0.0,0.0,0.8727394507702613,0.12726054922973878,0.0,0.0,0.0,13.145977041175897,80.18004458470332,"{""type"":""MultiPoint"",""coordinates"":[]}"
1778,34.33140181460406,-0.06278443263996801,-0.06829962558073893,0.2976820694644666,0.0,0.0,0.0,0.0,0.0,0.32885906040268453,0.6711409395973155,12.681160837599663,80.15108190055996,"{""type"":""MultiPoint"",""coordinates"":[]}"
1779,41.46074752584062,-0.5370488510759557,0.13963643405810128,0.3634715911535949,0.0,0.08372404554588078,0.751507032819826,0.16476892163429338,0.0,0.0,0.0,13.120392140609548,79.98738494381874,"{""type"":""MultiPoint"",""coordinates"":[]}"
1780,40.41579506603625,-0.37609013689957665,-0.14252596235083065,0.4517381934530503,0.0,0.0,1.0,0.0,0.0,0.0,0.0,12.603790784998324,80.09791790804383,"{""type"":""MultiPoint"",""coordinates"":[]}"
1781,38.22987843397317,-0.5338459375812905,0.004742740885983107,0.5098368345056947,0.0,0.0,0.0,0.029530201342281875,0.0,0.9704697986577181,0.0,12.762919551797255,80.1345329791424,"{""type"":""MultiPoint"",""coordinates"":[]}"
1782,40.58822649001342,-0.4065959367993031,0.06244225382352115,0.27930086015050615,0.004013377926421405,0.0,0.4896321070234114,0.5043478260869565,0.0020066889632107026,0.0,0.0,13.173795089026916,80.00359826707687,"{""type"":""MultiPoint"",""coordinates"":[]}"
1783,44.2468381144094,-0.3654229170586641,0.16545769148848471,0.12236585596994737,0.004026845637583892,0.0,0.0,0.995973154362416,0.0,0.0,0.0,12.752008510145476,79.91856927715375,"{""type"":""MultiPoint"",""coordinates"":[]}"
1784,39.97101231859157,-0.5050436378685607,-0.007364641913997486,0.5058619517007856,0.0,0.2012072434607646,0.0,0.0,0.0,0.7987927565392355,0.0,12.709104411200252,79.93296450528567,"{""type"":""MultiPoint"",""coordinates"":[]}"
1785,39.702444434567425,-0.38597371295010535,0.038634378732199305,0.31662543102511187,0.0,0.8752515090543261,0.11267605633802817,0.0,0.0,0.012072434607645876,0.0,12.863725989145594,80.10519753516816,"{""type"":""MultiPoint"",""coordinates"":[]}"
1786,43.569766597843305,-0.5195625337620247,0.17644084277696276,0.2805073304028611,0.0,0.0,0.8245144005358339,0.17548559946416611,0.0,0.0,0.0,13.166938828920108,80.1106607260587,"{""type"":""MultiPoint"",""coordinates"":[]}"
1787,42.623306433641865,-0.3243181921986355,0.07376574002961162,0.20678521530567787,0.0,0.8490945674044265,0.0,0.0,0.0,0.15090543259557343,0.0,12.97116018622074,80.21015094817105,"{""type"":""MultiPoint"",""coordinates"":[]}"
1788,41.87277280054218,-0.4975169400448568,0.10983615539141658,0.25252850138175337,0.0,0.0,0.5977242302543507,0.10642570281124497,0.0,0.29585006693440424,0.0,13.147675568216156,80.19103548405973,"{""type"":""MultiPoint"",""coordinates"":[]}"
1789,38.405383088374776,-0.40328679886306523,-0.15623604986072193,0.5149874232137276,0.0,0.0,1.0,0.0,0.0,0.0,0.0,12.686116144884776,80.0824286593688,"{""type"":""MultiPoint"",""coordinates"":[]}"
1790,44.070407492120815,-0.39448521922637997,0.25649666086358186,0.0915331079641764,0.0,1.0,0.0,0.0,0.0,0.0,0.0,12.859197466919337,79.94644323237704,"{""type"":""MultiPoint"",""coordinates"":[]}"
1791,28.42000400066401,0.1038888503630152,0.05510071122088844,-0.05602486790209189,0.0,0.0,0.0,0.0,0.0,0.0,1.0,12.778238081295427,80.3233110331793,"{""type"":""MultiPoint"",""coordinates"":[]}"
1792,34.101352414235954,0.24625083797632172,-0.08755991634198412,-0.10756900350757344,0.0,0.0,0.007372654155495979,0.9926273458445041,0.0,0.0,0.0,12.8393214018216,79.90127698503413,"{""type"":""MultiPoint"",""coordinates"":[]}"
1793,40.8158178871783,-0.45397800293734764,0.03431982650993802,0.35077132952250684,0.0,0.8753351206434317,0.0,0.1239946380697051,0.0,6.702412868632708E-4,0.0,13.011448785857633,80.24985612049488,"{""type"":""MultiPoint"",""coordinates"":[]}"
1794,37.767719030664,-0.5217165650468875,-0.15070023531781201,0.6649390860530887,0.0,0.23742454728370221,0.0,0.0,0.0,0.7625754527162979,0.0,12.681969013940718,79.93136367598728,"{""type"":""MultiPoint"",""coordinates"":[]}"
1795,28.35525994548995,0.15505654200347618,-0.008747364758754005,-0.041349659584237274,0.0,0.0,0.0,0.0,0.0,0.0,1.0,12.977320468320992,80.34132107741293,"{""type"":""MultiPoint"",""coordinates"":[]}"
1796,41.84394351085065,-0.33181877057628184,0.0883960224444066,0.1847357642878785,0.0,0.7515070328198259,0.0,0.0,0.0,0.24849296718017416,0.0,13.023696771241536,80.18453544500277,"{""type"":""MultiPoint"",""coordinates"":[]}"
1797,28.341730988197078,0.14781628841209762,-0.004832059997523465,-0.04771674820540959,0.0,0.0,0.0,0.0,0.0,0.0,1.0,12.831314214699697,80.338759692102,"{""type"":""MultiPoint"",""coordinates"":[]}"
1798,41.408102895171055,-0.4779112108832359,-0.005628347986944914,0.4803158652555608,0.0,0.17102615694164988,0.0,0.22803487592219984,0.0,0.6009389671361501,0.0,12.640072406389478,80.15269089510085,"{""type"":""MultiPoint"",""coordinates"":[]}"
1799,29.327596055090556,0.335409324837791,0.02633669559618004,-0.15516921679764756,0.0,0.0,0.0,0.0,0.0,0.0,1.0,12.847506710186662,80.25262313212981,"{""type"":""MultiPoint"",""coordinates"":[]}"
1800,40.043516039088495,-0.3833409794174589,0.018945047667774745,0.2840396071610662,0.5824396782841822,0.1735924932975871,0.0,0.23592493297587128,0.0,0.008042895442359248,0.0,12.83940255849467,80.23286605123232,"{""type"":""MultiPoint"",""coordinates"":[]}"
1801,43.38961084509715,-0.544899507223433,0.0881061844532869,0.41072448894994423,0.0,0.0,1.0,0.0,0.0,0.0,0.0,12.98709769825346,80.01543482489937,"{""type"":""MultiPoint"",""coordinates"":[]}"
1802,39.659644887590396,-0.5149047200689372,0.002136715248512022,0.49891955525179416,0.0,0.0,0.9852744310575636,0.014725568942436415,0.0,0.0,0.0,12.794783890553582,80.00462702931952,"{""type"":""MultiPoint"",""coordinates"":[]}"
1803,39.578842066189544,-0.45363661116244747,0.01093052149258585,0.4321569035472733,0.0,0.19959677419354838,0.08266129032258066,0.0,0.16061827956989247,0.5571236559139785,0.0,12.725511564148094,79.909793542501,"{""type"":""MultiPoint"",""coordinates"":[]}"
1804,35.954675591259246,-0.03261767136384601,0.009495010281574375,0.09018861463292815,0.0,0.0,0.0,0.5478901540522438,0.0,0.23576691225720028,0.21634293369055593,12.748058327333032,80.04189235658096,"{""type"":""MultiPoint"",""coordinates"":[]}"
1805,37.352276596018775,-0.5134827177687062,0.03289656176490602,0.46945318370829525,0.0,0.0,0.9436997319034853,0.05630026809651474,0.0,0.0,0.0,12.761248621934541,80.07800149310972,"{""type"":""MultiPoint"",""coordinates"":[]}"
1806,44.060963388775946,-0.5802173282327112,0.18914685280251428,0.3307417024550769,0.0,0.0,0.7444816053511706,0.0,0.0,0.25551839464882947,0.0,12.916494812927215,79.94550951816161,"{""type"":""MultiPoint"",""coordinates"":[]}"
1807,43.28303842091153,-0.2972254209303287,0.07559120959219659,0.16461769466092455,0.0,0.6474530831099196,0.0,0.0,0.0,0.3525469168900804,0.0,12.94856900072357,80.18793915727983,"{""type"":""MultiPoint"",""coordinates"":[]}"
1808,42.14586937397189,-0.31136867003126656,0.1052359073395419,0.13565720371484963,0.0,1.0,0.0,0.0,0.0,0.0,0.0,13.137268575955385,80.27946522346134,"{""type"":""MultiPoint"",""coordinates"":[]}"
1809,40.22973949559949,-0.34024213464027553,0.029152876206110647,0.26635922254618394,0.0,1.0,0.0,0.0,0.0,0.0,0.0,13.081236168631333,80.24271773356257,"{""type"":""MultiPoint"",""coordinates"":[]}"
1810,42.30980189842494,-0.4243870584108573,0.06872402888809127,0.35310467381852095,0.0,1.0,0.0,0.0,0.0,0.0,0.0,13.032277577561537,80.02124492596415,"{""type"":""MultiPoint"",""coordinates"":[]}"
1811,40.82288014186749,-0.31223628883387894,0.021443408903897485,0.2464816937533256,0.0,1.0,0.0,0.0,0.0,0.0,0.0,13.039668676985876,80.17773859444496,"{""type"":""MultiPoint"",""coordinates"":[]}"
1812,42.549975448494,-0.5619723058705427,0.18167035807226886,0.3470705230368929,0.0,0.0,0.2222222222222222,0.6164658634538153,0.16131191432396252,0.0,0.0,13.020508604583862,79.98792496168157,"{""type"":""MultiPoint"",""coordinates"":[]}"
1813,35.551797826698014,-0.5493855625782662,-0.17391063383030397,0.7256253539869187,0.0,0.0,0.0,0.0,0.0,1.0,0.0,12.676922104681717,80.02763041954381,"{""type"":""MultiPoint"",""coordinates"":[]}"
1814,29.2770096196783,0.22249928519664852,0.012905755346418014,-0.07992420363077174,0.0,0.0,0.0,0.0,0.0,0.0,1.0,12.786537541344087,80.26738272104375,"{""type"":""MultiPoint"",""coordinates"":[]}"
1815,40.259229297278836,-0.4965192145673267,0.07065258607028847,0.3617657703434907,0.0,0.0,0.19235924932975873,0.6977211796246648,0.0,0.1099195710455764,0.0,12.854317617979136,80.16313788294843,"{""type"":""MultiPoint"",""coordinates"":[]}"
1816,41.28487793620482,-0.30445006385337103,0.10135794984728919,0.15764272309520352,0.0,1.0,0.0,0.0,0.0,0.0,0.0,12.99141338887101,80.14811596627244,"{""type"":""MultiPoint"",""coordinates"":[]}"
1817,40.239498024819305,-0.32454684511324894,0.11449467025472163,0.13935209400403178,0.0,1.0,0.0,0.0,0.0,0.0,0.0,13.081043695737053,80.18495797579068,"{""type"":""MultiPoint"",""coordinates"":[]}"
1818,41.129528109531165,-0.32900616537005273,0.07156256673823987,0.20283398508421002,0.0,1.0,0.0,0.0,0.0,0.0,0.0,13.081551019892158,80.23498186489735,"{""type"":""MultiPoint"",""coordinates"":[]}"
1819,28.867797697770346,0.17226895530813155,-0.031289094525197056,-0.05619739856141081,0.0,0.0,0.0,0.0,0.0,0.0,1.0,12.617643881840051,80.31756211110554,"{""type"":""MultiPoint"",""coordinates"":[]}"
1820,41.07777818783659,-0.3002599767475967,0.04064369211080675,0.20652306705005471,0.0,1.0,0.0,0.0,0.0,0.0,0.0,13.030385023799859,80.1602143920137,"{""type"":""MultiPoint"",""coordinates"":[]}"
1821,28.603316044959804,0.1850142775615947,-0.03505574642513265,-0.048824051145888114,0.0,0.0,0.0,0.0,0.0,0.0,1.0,12.993866575984704,80.3129864152224,"{""type"":""MultiPoint"",""coordinates"":[]}"
1822,42.60205398368034,-0.5139079270814503,0.102928867040688,0.327661927511151,0.0,0.0,0.9805238415043654,0.0033579583613163205,0.016118200134318337,0.0,0.0,12.741746570134461,79.9236795167188,"{""type"":""MultiPoint"",""coordinates"":[]}"
1823,43.82075162742457,-0.5542760265661454,0.1739794448733931,0.30892368906380707,0.0,0.0,0.0,1.0,0.0,0.0,0.0,12.722527418628495,80.13766025081887,"{""type"":""MultiPoint"",""coordinates"":[]}"
1824,43.791344952645694,-0.4270238170124277,0.15719790078401108,0.18944957825439987,0.0,0.999330207635633,6.697923643670462E-4,0.0,0.0,0.0,0.0,13.090194763371857,79.99472308910919,"{""type"":""MultiPoint"",""coordinates"":[]}"
1825,40.185403377087276,-0.5290896761807576,-0.09562798613403287,0.62237742168655,0.0,0.0,0.0,0.0,0.0,1.0,0.0,12.709149189589064,80.11151032201447,"{""type"":""MultiPoint"",""coordinates"":[]}"
1826,38.10954692517452,-0.45101416057699695,-0.1474061821636486,0.6400299389470082,0.0,0.0,0.0,0.0,0.0,1.0,0.0,12.76735369709095,79.99935016016597,"{""type"":""MultiPoint"",""coordinates"":[]}"
1827,44.053173548772655,-0.5712659152460771,0.04537907331760441,0.4684711931224561,0.0,0.0,1.0,0.0,0.0,0.0,0.0,12.913304647414472,79.93987589237665,"{""type"":""MultiPoint"",""coordinates"":[]}"
1828,38.6630901161972,-0.5751298102960976,-0.0415052612343399,0.5925289435976144,0.0,0.0,0.0,0.2823608316566063,0.0,0.7176391683433938,0.0,12.843266561053797,80.24669875527148,"{""type"":""MultiPoint"",""coordinates"":[]}"
1829,28.38345686193162,0.19236178168249596,-0.04114106239179591,-0.04990529006524088,0.0,0.0,0.0,0.0,0.0,0.0,1.0,12.970782378212817,80.31711049592329,"{""type"":""MultiPoint"",""coordinates"":[]}"
1830,38.578103558805374,-0.46773092769182023,-0.07386337596451459,0.5283464593928316,0.0,0.08456375838926174,0.0,0.0,0.0,0.9154362416107381,0.0,12.997627062629379,80.07945088816496,"{""type"":""MultiPoint"",""coordinates"":[]}"
1831,41.182718040991304,-0.3610483187236959,0.08678692759721916,0.22316792757290338,0.0,1.0,0.0,0.0,0.0,0.0,0.0,13.071715450333405,80.11653434984838,"{""type"":""MultiPoint"",""coordinates"":[]}"
1832,35.69140220012059,-0.3013385168663454,0.01891437513892039,0.3030624596615636,0.0,0.0,0.174146014735432,0.1995981245813798,0.1460147354320161,0.48024112525117213,0.0,13.105908399118764,79.91646361999622,"{""type"":""MultiPoint"",""coordinates"":[]}"
1833,42.46335965418235,-0.379777338047431,-0.012050033184519778,0.36020644053902895,0.0,0.2707774798927614,0.0,0.0,0.0,0.7292225201072386,0.0,13.062603225960489,80.14776626524973,"{""type"":""MultiPoint"",""coordinates"":[]}"
1834,41.33430195632532,-0.3066111907795165,0.06099956843568002,0.20027594819054484,0.0,1.0,0.0,0.0,0.0,0.0,0.0,13.097035541443269,80.29360550527306,"{""type"":""MultiPoint"",""coordinates"":[]}"
1835,41.41585106908848,-0.5624826874384184,0.04990911377395344,0.4790210031727601,0.0,0.0,0.13605898123324395,0.0,0.2399463806970509,0.623994638069705,0.0,13.049539906907391,79.9392452544301,"{""type"":""MultiPoint"",""coordinates"":[]}"
1836,41.359761641946314,-0.4072986968034693,0.08157269430701614,0.29644481387558286,0.0,0.9718120805369127,0.02818791946308725,0.0,0.0,0.0,0.0,12.764541903768224,80.04288784638082,"{""type"":""MultiPoint"",""coordinates"":[]}"
1837,36.07307575827195,-0.07856316753224209,0.06649506061044425,0.05511251229396484,0.0,0.0,0.0,0.25117213663764226,0.0,0.4413931681178834,0.30743469524447414,13.00024731649565,80.0813385506089,"{""type"":""MultiPoint"",""coordinates"":[]}"
1838,44.02560931505032,-0.48098651883904625,0.14120673708480944,0.30057641603519547,0.0,0.0,1.0,0.0,0.0,0.0,0.0,12.76555130265059,80.20668675779238,"{""type"":""MultiPoint"",""coordinates"":[]}"
1839,29.3580414648193,0.23883205597948046,0.03251878390470354,-0.0856669359437768,0.0,0.0,0.0,0.0,0.0,0.0,1.0,12.974673177931203,80.27426662498118,"{""type"":""MultiPoint"",""coordinates"":[]}"
1840,44.11958194070425,-0.5591747137753625,0.18128682594626902,0.31957920954754854,0.0,0.0,0.0,1.0,0.0,0.0,0.0,12.746082740594405,80.20347513172784,"{""type"":""MultiPoint"",""coordinates"":[]}"
1841,28.410124753722354,0.2118718725760022,-0.010191574109935923,-0.05996329736451184,0.0,0.0,0.0,0.0,0.0,0.0,1.0,12.758414004942555,80.27960958830607,"{""type"":""MultiPoint"",""coordinates"":[]}"
1842,40.77162362873827,-0.34918809160117104,0.03359649081027208,0.2823049913755282,0.0,1.0,0.0,0.0,0.0,0.0,0.0,12.906833624558717,80.14668104176803,"{""type"":""MultiPoint"",""coordinates"":[]}"
1843,29.054264491951727,0.2976947731607185,0.03200374918676192,-0.1366265264249709,0.0,0.0,0.0,0.0,0.0,0.0,1.0,13.01911264110179,80.28254757046473,"{""type"":""MultiPoint"",""coordinates"":[]}"
1844,41.64842727237778,-0.5858448268417911,0.057059287645170334,0.5236808734994873,0.0,0.0,0.4842598794373744,0.12525117213663764,0.2551908908238446,0.13529805760214336,0.0,12.88500077664394,79.93846917505694,"{""type"":""MultiPoint"",""coordinates"":[]}"
1845,40.29792714837805,-0.5106580734423449,0.019729152239650088,0.44820319298520006,0.0,0.0,0.0,0.824396782841823,0.0,0.17560321715817698,0.0,12.694802323718564,80.15905675779146,"{""type"":""MultiPoint"",""coordinates"":[]}"
1846,37.68514265251175,-0.35642908843532567,-0.28620401226837167,0.6982376013268934,0.0,0.0,0.19156061620897524,0.0,0.0,0.20629604822505024,0.16543871399866042,12.959609119802913,80.22485677060087,"{""type"":""MultiPoint"",""coordinates"":[]}"
1847,28.799206835120806,0.16280729062196359,0.03410999132121022,-0.07836242677352459,0.0,0.0,0.0,0.0,0.0,0.0,1.0,12.684164870468987,80.2976081088725,"{""type"":""MultiPoint"",""coordinates"":[]}"
1848,28.497876370120498,0.1283377154010265,0.002612826044827415,-0.035425403951396296,0.0,0.0,0.0,0.0,0.0,0.0,1.0,12.900189524430205,80.33554101052557,"{""type"":""MultiPoint"",""coordinates"":[]}"
1849,41.821219764765445,-0.4859626266668112,0.004298303844249795,0.4748019837091736,0.0,0.0,0.6675603217158177,0.0,0.0,0.3324396782841823,0.0,12.866835288824348,79.98429362306959,"{""type"":""MultiPoint"",""coordinates"":[]}"
1850,40.83934426545577,-0.2619238603864731,0.09794706298777506,0.11505654399949729,0.15147453083109919,0.8485254691689007,0.0,0.0,0.0,0.0,0.0,12.852037788767754,80.24856057764566,"{""type"":""MultiPoint"",""coordinates"":[]}"
1851,39.82315060641612,-0.48119475176870274,-0.07856181522458851,0.5676698269702488,0.0,0.0,0.9308724832214764,0.0,0.0,0.06912751677852348,0.0,12.810389340715481,80.00319544450868,"{""type"":""MultiPoint"",""coordinates"":[]}"
1852,44.22238043959759,-0.5315440398759527,0.18239091798450413,0.2740858180035005,0.0,0.0,0.18443997317236752,0.8155600268276324,0.0,0.0,0.0,12.794386347207128,79.98717528078717,"{""type"":""MultiPoint"",""coordinates"":[]}"
1853,28.75695184961746,0.28835086605725874,-0.030878161974478274,-0.07856481383852183,0.0,0.0,0.0,0.0,0.0,0.0,1.0,12.648595645922462,80.23000457640777,"{""type"":""MultiPoint"",""coordinates"":[]}"
1854,28.66933905498995,0.17487242812268047,-0.015129086323957859,-0.05557342089779789,0.0,0.0,0.0,0.0,0.0,0.0,1.0,12.60656898889945,80.28143586555171,"{""type"":""MultiPoint"",""coordinates"":[]}"
1855,38.73642555701345,-0.45787329255914877,0.0719174309264805,0.2808265367728811,0.0,0.0,1.0,0.0,0.0,0.0,0.0,12.646965955835821,80.16809241980606,"{""type"":""MultiPoint"",""coordinates"":[]}"
1856,42.36473648997321,-0.46124273588586917,0.054618773917957546,0.3333493152624243,0.0,0.0,0.749329758713137,0.008042895442359251,0.0,0.24262734584450404,0.0,12.702949240884003,80.18590103883251,"{""type"":""MultiPoint"",""coordinates"":[]}"
1857,28.397067658433752,0.15886678893792994,-0.0310378704948762,-0.03979381602939061,0.0,0.0,0.0,0.0,0.0,0.0,1.0,13.021170290862743,80.33592071148958,"{""type"":""MultiPoint"",""coordinates"":[]}"
1858,28.510117727506714,0.1429780805612769,0.005686495057222394,-0.06383952062968315,0.0,0.0,0.0,0.0,0.0,0.0,1.0,12.80084291009509,80.32086883528179,"{""type"":""MultiPoint"",""coordinates"":[]}"
1859,29.25429078298929,0.2831197267550346,0.010318285608780455,-0.11663219602209915,0.0,0.0,0.0,0.0,0.0,0.0,1.0,12.822166788049145,80.2540126053948,"{""type"":""MultiPoint"",""coordinates"":[]}"
1860,41.84815822941729,-0.4859359390983727,0.06113038239992693,0.4080497690354134,0.0,0.0,1.0,0.0,0.0,0.0,0.0,12.949865392395733,80.02225011611027,"{""type"":""MultiPoint"",""coordinates"":[]}"
1861,41.33050448042199,-0.3404060714180408,0.04245709156138777,0.252150628453812,0.0,1.0,0.0,0.0,0.0,0.0,0.0,12.937721849224308,80.20983358023709,"{""type"":""MultiPoint"",""coordinates"":[]}"
1862,38.155386916076466,-0.3887642203408344,-0.17717365923021763,0.518570413162814,0.0,0.0,1.0,0.0,0.0,0.0,0.0,12.685689607083459,80.08960670144704,"{""type"":""MultiPoint"",""coordinates"":[]}"
1863,28.497113477344087,0.11762136848482366,0.022826501521411583,-0.034377710171805374,0.0,0.0,0.0,0.0,0.0,0.0,1.0,12.77973216599325,80.30956231387353,"{""type"":""MultiPoint"",""coordinates"":[]}"
1864,40.23275103991954,-0.5108439817081496,0.03465497389569028,0.47426437365336677,0.0,0.0,0.0,0.0,0.0,1.0,0.0,12.698299151528046,80.16366088457754,"{""type"":""MultiPoint"",""coordinates"":[]}"
1865,36.76342773668677,-0.40019433143962574,-0.15159541959464984,0.546423909859963,0.0,0.0,0.9819277108433736,0.0,0.0,0.01807228915662651,0.0,12.918887787829615,80.03719562582502,"{""type"":""MultiPoint"",""coordinates"":[]}"
1866,28.512046930716707,0.1644514259322089,0.008323178489562592,-0.07594385058300997,0.0,0.0,0.0,0.0,0.0,0.0,1.0,13.04848631268928,80.32658727201937,"{""type"":""MultiPoint"",""coordinates"":[]}"
1867,45.44486674126176,-0.3910115126182011,0.11130167992166076,0.18706033625620916,0.0,0.0,0.0,1.0,0.0,0.0,0.0,12.664774994820887,80.17941953270743,"{""type"":""MultiPoint"",""coordinates"":[]}"
1868,35.854884948133794,-0.4127573225263499,-0.28141819752162844,0.7103465541784182,0.0,0.0046822742474916385,0.9953177257525084,0.0,0.0,0.0,0.0,13.10918653695003,80.03032078066774,"{""type"":""MultiPoint"",""coordinates"":[]}"
1869,28.75533345155706,0.2858292432351262,-0.029400257968233444,-0.08455614624986342,0.0,0.0,0.0,0.0,0.0,0.0,1.0,12.650488135493966,80.23462254845083,"{""type"":""MultiPoint"",""coordinates"":[]}"
1870,43.3466738581288,-0.5698876852805175,0.19209863420468723,0.3434639250526616,0.0,0.0,0.27699530516431925,0.7230046948356809,0.0,0.0,0.0,12.798066387307802,80.00333540805023,"{""type"":""MultiPoint"",""coordinates"":[]}"
1871,29.355098393078492,0.30392244808973196,0.0184385154860777,-0.11482991973721822,0.0,0.0,0.0,0.0,0.0,0.0,1.0,12.75797438720584,80.25474777326494,"{""type"":""MultiPoint"",""coordinates"":[]}"
1872,42.017646287469894,-0.2919946157012015,0.06426654027630008,0.1783517438117046,0.0,1.0,0.0,0.0,0.0,0.0,0.0,13.032712444976239,80.17628140283368,"{""type"":""MultiPoint"",""coordinates"":[]}"
1873,29.04200158945785,0.23541899770810487,-0.009994995510262472,-0.09185110068132543,0.0,0.0,0.0,0.0,0.0,0.0,1.0,13.070174235255918,80.29868965875771,"{""type"":""MultiPoint"",""coordinates"":[]}"
1874,42.91015559753015,-0.41370428803677056,0.06113873780366703,0.3060058366924556,0.0,0.5602409638554217,0.0,0.0,0.0,0.4397590361445783,0.0,13.183823740839047,80.12806124652826,"{""type"":""MultiPoint"",""coordinates"":[]}"
1875,45.286566409637835,-0.4170046207385121,0.08647733487771413,0.2525710059479688,0.0,0.47350771294433275,0.0,0.20791415157612345,0.31857813547954394,0.0,0.0,12.859979009453099,79.93255398330052,"{""type"":""MultiPoint"",""coordinates"":[]}"
1876,39.503636525602424,-0.31638592652260866,-0.01293515331031205,0.29897153088695594,0.0,0.8400267737617136,0.051539491298527446,0.0,0.0,0.10843373493975904,0.0,13.166227652860623,80.19527385108414,"{""type"":""MultiPoint"",""coordinates"":[]}"
1877,44.49427006136824,-0.5469144692352524,0.07168523092567919,0.41973903367945076,0.0,0.0,0.00335345405767941,0.9966465459423206,0.0,0.0,0.0,12.738170725694339,80.18892001656572,"{""type"":""MultiPoint"",""coordinates"":[]}"
1878,38.948867643311004,-0.5974587889221569,-0.038212273760200505,0.669378544856354,0.0,0.0,0.0,0.0,0.0,1.0,0.0,12.816989376471348,80.13162678729013,"{""type"":""MultiPoint"",""coordinates"":[]}"
1879,41.33425679575921,-0.5012938791759701,0.13729802578111497,0.30585703752281346,0.0,0.0,1.0,0.0,0.0,0.0,0.0,13.147790331048729,80.1276081595414,"{""type"":""MultiPoint"",""coordinates"":[]}"
1880,39.55788558198796,-0.4204708994211533,-0.009782916489243551,0.3976798145213559,0.0,0.8668005354752342,0.0,0.0,0.0,0.13319946452476572,0.0,12.823818828030653,80.08244220637289,"{""type"":""MultiPoint"",""coordinates"":[]}"
1881,42.68083986997323,-0.36271854646365354,0.02341948844123644,0.30790901265702214,0.0,0.7387809778968518,0.0,0.0,0.0,0.261219022103148,0.0,13.033236118288201,80.20879418123172,"{""type"":""MultiPoint"",""coordinates"":[]}"
1882,28.48462035362359,0.14077821651150563,0.015653016685733323,-0.059977002608762535,0.0,0.0,0.0,0.0,0.0,0.0,1.0,12.817972426326005,80.3112891339726,"{""type"":""MultiPoint"",""coordinates"":[]}"
1883,28.39628178837353,0.1985851384446657,-0.007896051336051342,-0.052532745735417545,0.0,0.0,0.0,0.0,0.0,0.0,1.0,13.135610372745507,80.3282044473667,"{""type"":""MultiPoint"",""coordinates"":[]}"
1884,28.273121984265607,0.19279106476150773,-0.013886918015415035,-0.05708749448559449,0.0,0.0,0.0,0.0,0.0,0.0,1.0,12.940907829343589,80.29500080783883,"{""type"":""MultiPoint"",""coordinates"":[]}"
1885,41.708894650769246,-0.329352074070379,0.03156388261517719,0.24456713379900977,0.0,0.6588628762541806,0.0,0.0,0.0,0.3411371237458194,0.0,13.130154812458178,80.23695544874433,"{""type"":""MultiPoint"",""coordinates"":[]}"
1886,39.23337469637585,0.005536066675802799,0.10490358740197216,-0.06820035697596306,0.0483221476510067,0.0,0.0,0.8778523489932885,0.0,0.0,0.07382550335570469,12.752757969401994,80.0903362909482,"{""type"":""MultiPoint"",""coordinates"":[]}"
1887,37.21135654600136,-0.32558139411828335,-0.13915800139450996,0.5484635756460987,0.0,0.0,0.0,0.0,0.12926992632283993,0.8124581379772271,0.03884795713328868,13.19146772846505,80.30263206899232,"{""type"":""MultiPoint"",""coordinates"":[]}"
1888,36.651998294028175,-0.4211250723043103,-0.2525430596794167,0.6743002415096867,0.0,0.0,0.700402144772118,0.0,0.0,0.29959785522788207,0.0,13.057079062742046,79.97675073588734,"{""type"":""MultiPoint"",""coordinates"":[]}"
1889,40.784840374247516,-0.38148618151814473,0.08100687862979354,0.28090560341343906,0.0,1.0,0.0,0.0,0.0,0.0,0.0,13.163213152406069,80.2698877108502,"{""type"":""MultiPoint"",""coordinates"":[]}"
1890,39.036605656559374,-0.3353783241212158,-0.011721208202128386,0.3287981206728582,0.08853118712273642,0.0,0.6089872568745808,0.3024815560026827,0.0,0.0,0.0,12.928620160713821,80.22776879444856,"{""type"":""MultiPoint"",""coordinates"":[]}"
1891,37.32874023553252,-0.40820202702064484,-0.12422082260833386,0.5440327309789152,0.0,0.0,1.0,0.0,0.0,0.0,0.0,13.141887867200309,79.99606380863835,"{""type"":""MultiPoint"",""coordinates"":[]}"
1892,40.86315626843375,-0.4209256876844086,0.12710023242010862,0.2421927147763423,0.0,0.0,1.0,0.0,0.0,0.0,0.0,13.177046002419676,79.93541056017345,"{""type"":""MultiPoint"",""coordinates"":[]}"
1893,28.80549636563382,0.22111006916225048,-0.03436188351548338,-0.04390096001595228,0.0,0.0,0.0,0.0,0.0,0.0,1.0,12.61972778640497,80.24977401639129,"{""type"":""MultiPoint"",""coordinates"":[]}"
1894,36.873549906085806,-0.5138817862330185,-0.006790915114728024,0.5542123172450519,0.0,0.0,0.0,0.0,0.0,1.0,0.0,12.675238698741973,80.03703208383843,"{""type"":""MultiPoint"",""coordinates"":[]}"
1895,40.02883451638557,-0.5751232817979578,0.07730954021030648,0.4659519466446088,0.0,0.0,0.0,0.0,0.6827309236947792,0.3172690763052209,0.0,13.037563394531707,79.92164979795504,"{""type"":""MultiPoint"",""coordinates"":[]}"
1896,36.48727391265062,-0.3756868056406521,-0.23476369747009312,0.6367515072582426,0.0,0.0,1.0,0.0,0.0,0.0,0.0,13.070139536208272,80.02294799180689,"{""type"":""MultiPoint"",""coordinates"":[]}"
1897,40.370226994578346,-0.48490258070499986,0.04446951133515365,0.4110990394904319,0.0,0.0,0.5200803212851406,0.0,0.0,0.4799196787148594,0.0,13.196035346566495,79.91624525738573,"{""type"":""MultiPoint"",""coordinates"":[]}"
1898,34.79115100276141,-0.3760186593327704,-0.2124970417433659,0.5478175093004013,0.0,0.0,1.0,0.0,0.0,0.0,0.0,12.86739228456803,80.1884611971931,"{""type"":""MultiPoint"",""coordinates"":[]}"
1899,39.820567326118216,-0.5036462080779096,-0.04225393113219625,0.5470377444417436,0.0,0.0,0.3552719946272666,0.2632639355271994,0.0,0.3814640698455339,0.0,12.640554575158209,80.09146319727014,"{""type"":""MultiPoint"",""coordinates"":[]}"
1900,44.5550629458674,-0.4723053850376316,0.12330987816543552,0.28782855340549374,0.0,0.0,0.4547890154052244,0.40120562625586065,0.14400535833891492,0.0,0.0,13.034332434813521,79.96478470354432,"{""type"":""MultiPoint"",""coordinates"":[]}"
1901,41.22079921253014,-0.35118372905110046,0.07905792064695555,0.19056309079768163,0.18406961178045517,0.8072289156626506,0.0,0.0,0.0,0.008701472556894244,0.0,13.076759726247715,80.16331284631148,"{""type"":""MultiPoint"",""coordinates"":[]}"
1902,38.87308962186749,-0.3017747540416291,1.1722534593852075E-4,0.26500916110359646,0.0,0.886211512717537,0.0,0.0,0.0,0.1137884872824632,0.0,12.99665886379783,80.25251841701387,"{""type"":""MultiPoint"",""coordinates"":[]}"
1903,38.88500046328861,-0.4343779923351689,-0.07990393812390559,0.5120216160675894,0.0,0.0,0.9362416107382551,0.06375838926174497,0.0,0.0,0.0,12.65227209170687,80.10810194766509,"{""type"":""MultiPoint"",""coordinates"":[]}"
1904,37.80509437362602,-0.3161437220747813,-0.09074274312418731,0.41553841527033286,0.0,0.4222520107238606,0.0,0.0,0.0,0.5777479892761394,0.0,13.027595558994006,80.14503788484004,"{""type"":""MultiPoint"",""coordinates"":[]}"
1905,41.74412461337351,-0.5971116593648065,0.14576905538841506,0.4457991146758105,0.0,0.0,0.0,0.9819277108433736,0.0,0.01807228915662651,0.0,12.80653514353187,80.17739482586936,"{""type"":""MultiPoint"",""coordinates"":[]}"
1906,44.47643033525152,-0.5283768209087027,0.13143362857032884,0.3171499797514078,0.0,0.0,0.0,0.13615023474178403,0.8638497652582159,0.0,0.0,12.681262687682919,79.94525847352728,"{""type"":""MultiPoint"",""coordinates"":[]}"
1907,29.009931209080573,0.15488089144526224,0.004161305868881515,-0.03857562743958916,0.0,0.0,0.0,0.0,0.0,0.0,1.0,12.723290945564123,80.31369824947835,"{""type"":""MultiPoint"",""coordinates"":[]}"
1908,40.761775027340946,-0.23903152304636605,0.0906712946295121,0.09076828125211145,0.1654387139986604,0.5579370395177493,0.019423978566644337,0.22705961152042864,0.0,0.030140656396517078,0.0,13.088432139054778,80.06203940672951,"{""type"":""MultiPoint"",""coordinates"":[]}"
1909,43.50560032595574,-0.45238576457600715,0.10647702592138986,0.24600092201811344,0.06908115358819583,0.3440643863179074,0.136150234741784,0.3849765258215962,0.0,0.06572769953051642,0.0,12.763891648505773,79.9433238310816,"{""type"":""MultiPoint"",""coordinates"":[]}"
1910,36.41618296907384,-0.5085987650681119,-0.1345968662890616,0.6409509911880191,0.0,0.0,1.0,0.0,0.0,0.0,0.0,12.714458812279622,80.1067182726137,"{""type"":""MultiPoint"",""coordinates"":[]}"
1911,40.290385113072325,-0.37094826712864937,0.01570881220453972,0.337824035542186,0.0,1.0,0.0,0.0,0.0,0.0,0.0,13.112641623001272,80.11499727808443,"{""type"":""MultiPoint"",""coordinates"":[]}"
1912,43.02186228946382,-0.5196411529682748,0.10237175857402739,0.370565596823094,0.0,0.0,1.0,0.0,0.0,0.0,0.0,12.816153236836877,79.96615000721559,"{""type"":""MultiPoint"",""coordinates"":[]}"
1913,41.13855958022135,-0.3793681290870023,0.007155714383199331,0.3530508845756905,0.0,0.7142857142857142,0.0,0.0,0.0,0.2857142857142857,0.0,12.72576955102124,80.01980116852327,"{""type"":""MultiPoint"",""coordinates"":[]}"
1914,41.2523027066153,-0.45511338570192406,-0.05615470170894391,0.49802549271730645,0.0,0.28887399463806973,0.06836461126005362,0.0,0.0,0.6427613941018767,0.0,13.078668807000943,80.02696447907334,"{""type"":""MultiPoint"",""coordinates"":[]}"
1915,41.16786592903488,-0.25384820068508607,-0.03585825500488324,0.26338804662052223,0.0,0.8398123324396782,0.0,0.0,0.0,0.1601876675603217,0.0,12.963295925513291,80.20371807586783,"{""type"":""MultiPoint"",""coordinates"":[]}"
1916,39.511979565616635,-0.16027601466994568,0.1273565400266229,0.03978260858248078,0.3002680965147453,0.0,0.0,0.16890080428954424,0.0,0.0,0.5308310991957104,12.91725581367663,80.01842659649473,"{""type"":""MultiPoint"",""coordinates"":[]}"
1917,44.564287936885485,-0.6011085801598661,0.2288290557371894,0.3200600099460047,0.0,0.0,0.0,1.0,0.0,0.0,0.0,13.003173507490947,79.94562710822221,"{""type"":""MultiPoint"",""coordinates"":[]}"
1918,41.3849764555526,-0.48000165601113665,0.09764411401456961,0.3475656855891549,0.0,0.0,0.753516409912927,0.246483590087073,0.0,0.0,0.0,12.900379052607933,80.05696542867858,"{""type"":""MultiPoint"",""coordinates"":[]}"
1919,34.79326463457049,0.35716688257021756,-0.06174795102681762,-0.20883109353102444,0.10805369127516777,0.0,0.0,0.05771812080536912,0.0,0.0,0.8342281879194631,12.668296625730756,80.21524062117307,"{""type"":""MultiPoint"",""coordinates"":[]}"
1920,43.137900861206454,-0.5393189190777733,0.15976308025421515,0.2938526124561201,0.0,0.0,0.42560321715817695,0.574396782841823,0.0,0.0,0.0,13.173113363574917,80.13361446065909,"{""type"":""MultiPoint"",""coordinates"":[]}"
1921,42.72932973776291,-0.3289211898342615,0.0739497930632639,0.20734168600170688,0.0,1.0,0.0,0.0,0.0,0.0,0.0,13.125188788533642,80.22414406498837,"{""type"":""MultiPoint"",""coordinates"":[]}"
1922,28.520071679852563,0.12300303157814492,0.024410638718050544,-0.04441744822020444,0.0,0.0,0.0,0.0,0.0,0.0,1.0,12.781046957892048,80.34822603157426,"{""type"":""MultiPoint"",""coordinates"":[]}"
1923,41.92194793685907,-0.40500028513010977,-0.0547065103450248,0.44905194524211484,0.0,0.2268456375838926,0.0,0.0,0.0,0.7731543624161072,0.0,12.69427343581933,79.97984382386137,"{""type"":""MultiPoint"",""coordinates"":[]}"
1924,37.36540267965774,-0.5315522630698178,-0.07081995227137189,0.5902096443196979,0.0,0.0,0.03020134228187919,0.0,0.0,0.9697986577181208,0.0,12.745514925427642,79.94230817884959,"{""type"":""MultiPoint"",""coordinates"":[]}"
1925,40.927752314933,-0.5261907066448729,0.05117705687534789,0.42741997019759015,0.0,0.0,0.0,0.06836461126005362,0.0,0.9316353887399463,0.0,12.879634421521654,80.17672708535262,"{""type"":""MultiPoint"",""coordinates"":[]}"
1926,41.185770227108456,-0.4345100705036615,0.029947480769401656,0.3476493615238171,0.0,0.0,0.0,0.0963855421686747,0.0,0.9036144578313253,0.0,13.129511578032309,80.18849108404588,"{""type"":""MultiPoint"",""coordinates"":[]}"
1927,43.16686239528152,-0.41264380305980347,0.15011208589179298,0.17736448112065367,0.13136729222520108,0.19235924932975873,0.010723860589812333,0.660857908847185,0.0,0.004691689008042896,0.0,12.98521965617518,80.06927192894673,"{""type"":""MultiPoint"",""coordinates"":[]}"
1928,39.38251277306044,-0.4775415693963924,-0.051825693838695744,0.5290231776364775,0.0,0.0,0.0,0.0,0.0,1.0,0.0,12.7380275328426,79.92603854978289,"{""type"":""MultiPoint"",""coordinates"":[]}"
1929,28.627159995530217,0.0790847697728942,0.017195094987504097,-0.02482417571586387,0.0,0.0,0.0,0.0,0.0,0.0,1.0,12.633602768174503,80.33631779779337,"{""type"":""MultiPoint"",""coordinates"":[]}"
1930,28.591987127562142,0.1482834396771022,0.0034273358133564717,-0.051035913407334155,0.0,0.0,0.0,0.0,0.0,0.0,1.0,12.601650427908583,80.31469794399709,"{""type"":""MultiPoint"",""coordinates"":[]}"
1931,38.61502755017393,-0.4780263967299045,-0.02953524909487108,0.49682672518853066,0.0,0.0,0.23010033444816055,0.0,0.06956521739130435,0.7003344481605351,0.0,13.150117688328505,80.01008767762478,"{""type"":""MultiPoint"",""coordinates"":[]}"
1932,40.72461549861448,-0.434063751159778,0.024618298552441287,0.3830701417795995,0.0,0.4605087014725568,0.0,0.0,0.1318607764390897,0.40763052208835343,0.0,12.981524632637134,79.98341361901281,"{""type"":""MultiPoint"",""coordinates"":[]}"
1933,35.47981198136822,-0.5074401536819972,-0.11422432319978357,0.6596862764466986,0.0,0.0,0.0,0.0,0.020120724346076455,0.9798792756539233,0.0,12.719248135445975,80.03533418911053,"{""type"":""MultiPoint"",""coordinates"":[]}"
1934,41.477908675191166,-0.5271556210581801,0.044511444598134504,0.45096043609016734,0.0,0.0,0.0,0.0,0.9973172367538565,0.0026827632461435278,0.0,12.811306175476203,80.17759642652369,"{""type"":""MultiPoint"",""coordinates"":[]}"
1935,38.76198648345175,-0.46751167828905965,-0.04345653733895946,0.5216217276335344,0.0,0.0,0.0,0.0,0.0,1.0,0.0,12.822112468111111,80.16865378933942,"{""type"":""MultiPoint"",""coordinates"":[]}"
1936,40.49965890955127,-0.4853050177770595,-0.03740174508149528,0.5123648178327367,0.0,0.0,6.697923643670463E-4,0.0,0.0,0.999330207635633,0.0,13.011198770147884,80.09053174189637,"{""type"":""MultiPoint"",""coordinates"":[]}"
1937,41.10537137367963,-0.3181398695742396,0.07362290642856818,0.18732461786072696,0.0,1.0,0.0,0.0,0.0,0.0,0.0,13.01552261312369,80.11031890402009,"{""type"":""MultiPoint"",""coordinates"":[]}"
1938,38.752854978128795,-0.46830699611300897,-0.060579153321813545,0.535206408508268,0.0,0.0,0.3702213279678068,0.0,0.0,0.6297786720321932,0.0,12.697700769269005,79.92471266641068,"{""type"":""MultiPoint"",""coordinates"":[]}"
1939,36.87803202520136,-0.563541896985379,-0.029359462130304534,0.6388927770207226,0.0,0.0,0.0,0.0,0.0,1.0,0.0,12.680671467305393,79.96763181631545,"{""type"":""MultiPoint"",""coordinates"":[]}"
1940,37.53312661365039,-0.46868600388275106,-0.23590899064434487,0.6881899071374034,0.0,0.0,0.9490957803081045,0.0,0.0,0.05090421969189551,0.0,12.823072008456114,80.0116009180205,"{""type"":""MultiPoint"",""coordinates"":[]}"
1941,38.25456451450706,-0.5262565599311038,0.004885575209041068,0.4945179195030767,0.0,0.07981220657276995,0.5774647887323945,0.0,0.0,0.3427230046948357,0.0,12.631599720778947,79.95351172016336,"{""type"":""MultiPoint"",""coordinates"":[]}"
1942,40.63907509696384,-0.3917145787277581,0.1484378501632541,0.18077355741661727,0.38069705093833783,0.15013404825737267,0.0,0.4691689008042895,0.0,0.0,0.0,12.88564806771548,80.20488773797159,"{""type"":""MultiPoint"",""coordinates"":[]}"
1943,35.840480718189134,-0.33823330708311067,-0.2691157104181421,0.6658761333135366,0.0,0.0,0.994634473507713,0.0,0.0,0.005365526492287055,0.0,12.760848239833477,79.99422190427131,"{""type"":""MultiPoint"",""coordinates"":[]}"
1944,28.989630693651044,0.24097151179170925,0.0371089675002318,-0.11033486615035888,0.0,0.0,0.0,0.0,0.0,0.0,1.0,12.847376961763526,80.25531792165457,"{""type"":""MultiPoint"",""coordinates"":[]}"
1945,34.205754423579606,0.01401435342936097,-0.003597915306807089,0.07649581753303893,0.0,0.0,0.0,0.06312961719274682,0.0,0.0,0.19006044325050375,12.649813901213102,80.15939174909109,"{""type"":""MultiPoint"",""coordinates"":[]}"
1946,42.87308575240457,-0.48284601188227416,0.12117150910182907,0.2698700699498252,0.0,0.16811788345612863,0.4909578030810449,0.34092431346282653,0.0,0.0,0.0,13.152411806064052,80.20060406687269,"{""type"":""MultiPoint"",""coordinates"":[]}"
1947,41.617490194658195,-0.4963027915793224,-0.10712029602464769,0.5811010349536376,0.0,0.0,1.0,0.0,0.0,0.0,0.0,12.810541091889148,79.91847566089886,"{""type"":""MultiPoint"",""coordinates"":[]}"
1948,39.00300200386318,-0.5230303287663474,-0.09420927795297498,0.6269669198957151,0.0,0.0,0.004694835680751174,0.5177733065057009,0.007377598926894702,0.4701542588866533,0.0,12.770607096670597,80.19947742471004,"{""type"":""MultiPoint"",""coordinates"":[]}"
1949,41.11247740547285,-0.6041088259445171,0.1024510794256522,0.5036081824500375,0.0,0.0,0.0,1.0,0.0,0.0,0.0,12.681253475351562,80.07959838555837,"{""type"":""MultiPoint"",""coordinates"":[]}"
1950,28.73977687261076,0.17769437635013194,-2.659328418798999E-4,-0.06041402040398237,0.0,0.0,0.0,0.0,0.0,0.0,1.0,12.722178130404018,80.30915611981251,"{""type"":""MultiPoint"",""coordinates"":[]}"
1951,36.42608304888815,-0.4012773999291494,-0.08313130178408462,0.494522036321347,0.0,0.026121902210314806,0.11587407903549901,0.0,0.0,0.8580040187541861,0.0,12.913658717011513,80.05253422134147,"{""type"":""MultiPoint"",""coordinates"":[]}"
1952,41.228653406519165,-0.5847377697424426,0.051227133524288336,0.5113058823846619,0.0,0.0,0.20456069751844402,0.08182427900737763,0.5660630449362845,0.14755197853789406,0.0,12.702208118482883,80.04971582145357,"{""type"":""MultiPoint"",""coordinates"":[]}"
1953,41.526961376144584,-0.5633005841079988,0.09460440735068999,0.48398437756166257,0.0,0.05421686746987952,0.06760374832663989,0.0,0.6854082998661312,0.19277108433734938,0.0,13.180747764817214,80.13580942771891,"{""type"":""MultiPoint"",""coordinates"":[]}"
1954,40.90750598155035,-0.4747232675615112,0.044911367723402734,0.4036329669306444,0.0,0.0,0.5825503355704698,0.25167785234899326,0.0,0.1657718120805369,0.0,12.762654101971703,80.12431821811208,"{""type"":""MultiPoint"",""coordinates"":[]}"
1955,44.604154916309454,-0.5770774945044214,0.1309524438937889,0.39724174260001677,0.0,0.0,0.0,0.0,0.9310113864701943,0.06898861352980577,0.0,12.865394054864309,79.95001028246537,"{""type"":""MultiPoint"",""coordinates"":[]}"
1956,39.76224611512051,-0.43874262286131205,-0.2225637977671871,0.6269113386701405,0.0,0.042838018741633205,0.0,0.010709504685408301,0.0,0.9464524765729585,0.0,13.14423493450409,80.27549711756224,"{""type"":""MultiPoint"",""coordinates"":[]}"
1957,37.50802587258393,-0.5206894972073196,-0.07316398922095005,0.6439514000095862,0.0,0.0,0.0,0.0,0.10201342281879197,0.8979865771812081,0.0,12.795814552882597,80.05895605088426,"{""type"":""MultiPoint"",""coordinates"":[]}"
1958,35.497074077727916,-0.3620138052813609,-0.3489275947556041,0.7630074442695284,0.0,0.0,0.0,0.0,0.0,0.0,0.15482573726541557,12.961119509643567,80.2230795828716,"{""type"":""MultiPoint"",""coordinates"":[]}"
1959,41.235353251506034,-0.45407172900744813,0.12789790404223667,0.2498759817566243,0.0,0.0,0.23427041499330659,0.31124497991967875,0.16867469879518074,0.285809906291834,0.0,13.005763734993616,80.02190737202456,"{""type"":""MultiPoint"",""coordinates"":[]}"
1960,40.84387337104558,-0.5775076244223097,0.09571862234137493,0.4142654873465151,0.0,0.0,1.0,0.0,0.0,0.0,0.0,12.75025152311013,80.12242865939531,"{""type"":""MultiPoint"",""coordinates"":[]}"
1961,44.3235815302614,-0.6341790768826888,0.14617334719162825,0.46506055828995385,0.0,0.0,0.0,0.0,0.8431635388739946,0.15683646112600533,0.0,13.011741727011358,79.90448769818907,"{""type"":""MultiPoint"",""coordinates"":[]}"
1962,44.31045239311664,-0.5440771017903875,0.1805486630812713,0.2920272988703046,0.0,0.0,0.14008042895442357,0.8599195710455763,0.0,0.0,0.0,13.102047855151742,79.95803016155075,"{""type"":""MultiPoint"",""coordinates"":[]}"
1963,38.83883232779049,-0.39922504049964136,-0.012160888591763506,0.4280025310888437,0.0,0.0,0.09603760913364673,0.8374748153122901,0.0,0.06648757555406312,0.0,12.65386333658999,79.9850905906568,"{""type"":""MultiPoint"",""coordinates"":[]}"
1964,43.114175278227435,-0.5959776856849188,0.2174817938734784,0.33031699182846636,0.0,0.0,0.0,0.8448160535117056,0.0,0.1551839464882943,0.0,12.971906558967225,79.91468633095873,"{""type"":""MultiPoint"",""coordinates"":[]}"
1965,43.06394458420456,-0.3393387066156597,0.002620646454908136,0.286219050980883,0.0,0.8375668449197861,0.0,0.0,0.0,0.1624331550802139,0.0,13.098575476787584,80.19731761442985,"{""type"":""MultiPoint"",""coordinates"":[]}"
1966,36.61999674890607,-0.4791192282238798,-0.09871016556680248,0.6046475285424263,0.0,0.0,0.0,0.0,0.0,1.0,0.0,12.77149358067844,80.04780417075357,"{""type"":""MultiPoint"",""coordinates"":[]}"
1967,28.547825910616645,0.20532372736864016,-0.027614384915269328,-0.059744646704017544,0.0,0.0,0.0,0.0,0.0,0.0,1.0,12.99926885532431,80.30195421434155,"{""type"":""MultiPoint"",""coordinates"":[]}"
1968,28.750079051428596,0.14628522624433207,0.009018401579048475,-0.05289312046989128,0.0,0.0,0.0,0.0,0.0,0.0,1.0,12.770620218534024,80.32257899961746,"{""type"":""MultiPoint"",""coordinates"":[]}"
1969,35.977478798365716,-0.5052342550209178,-0.12111112769191042,0.6863374606906686,0.0,0.0,0.0,0.0,0.0,1.0,0.0,12.999582381016461,80.04262455055866,"{""type"":""MultiPoint"",""coordinates"":[]}"
1970,43.83816794394634,-0.28346225571451283,0.10081816989257629,0.09688231735331526,0.7315436241610739,0.0,0.0,0.14093959731543623,0.0,0.0,0.0,12.666351247834482,80.19264819201808,"{""type"":""MultiPoint"",""coordinates"":[]}"
1971,43.024020066918986,-0.3584026216079518,0.07191151807458182,0.22890965068362013,0.0,1.0,0.0,0.0,0.0,0.0,0.0,13.12731455763124,80.22816974333173,"{""type"":""MultiPoint"",""coordinates"":[]}"
1972,41.306204029457476,-0.5529715064375013,0.08691293433725697,0.45851548577088447,0.0,0.0,0.9356999330207638,0.06430006697923644,0.0,0.0,0.0,12.809539819561309,80.08812829057577,"{""type"":""MultiPoint"",""coordinates"":[]}"
1973,35.8273068419625,-0.4761960387559451,-0.16997859687814446,0.6833867290307628,0.0,0.0,0.05425318151373074,0.7876758204956463,0.0,0.1580709979906229,0.0,12.910537293755599,80.0764465086464,"{""type"":""MultiPoint"",""coordinates"":[]}"
1974,40.87814821147729,-0.3619687359323543,0.04318830205263168,0.28784135030879854,0.0,0.3616310160427809,0.0,0.2834224598930482,0.0,0.35494652406417115,0.0,13.184540448799037,80.20644994266962,"{""type"":""MultiPoint"",""coordinates"":[]}"
1975,35.03660068479574,-0.4014994821236591,-0.2939258401727784,0.7056303832650909,0.0,0.0,1.0,0.0,0.0,0.0,0.0,13.157068260615416,80.05528917648675,"{""type"":""MultiPoint"",""coordinates"":[]}"
1976,42.196643922530136,-0.47416648220494007,0.07326268899522888,0.34776856026714636,0.0,0.29852744310575635,0.4069611780455154,0.0,0.0,0.29451137884872824,0.0,13.085691720720948,80.01196156207916,"{""type"":""MultiPoint"",""coordinates"":[]}"
1977,28.499970078575267,0.25073366460293545,-0.02099540124634697,-0.07654928520264716,0.0,0.0,0.0,0.0,0.0,0.0,1.0,13.134546269810725,80.31639374114464,"{""type"":""MultiPoint"",""coordinates"":[]}"
1978,40.79367540189137,-0.5678149580039699,-0.02138092904664995,0.6032700614116896,0.0,0.0,0.16566063044936286,0.0,0.0,0.8343393695506373,0.0,12.762726573676883,80.01623167262382,"{""type"":""MultiPoint"",""coordinates"":[]}"
1979,39.24549822933737,-0.443371909690923,0.002090513824376005,0.45485340628728643,0.0,0.01673360107095047,0.8614457831325302,0.08902275769745649,0.0,0.03279785809906291,0.0,13.096566117056625,79.9754796864903,"{""type"":""MultiPoint"",""coordinates"":[]}"
1980,38.13385242753014,-0.4335776034438843,0.02820137769148603,0.3715661536176967,0.0,0.0,1.0,0.0,0.0,0.0,0.0,13.188675527314452,79.94197217464196,"{""type"":""MultiPoint"",""coordinates"":[]}"
1981,39.86636676667116,-0.5178686669903567,-0.006994520752214851,0.535677952519811,0.0,0.0,0.0,0.02885906040268456,0.0,0.9711409395973154,0.0,12.817951551392406,80.17976210659778,"{""type"":""MultiPoint"",""coordinates"":[]}"
1982,38.73827801710844,-0.18837785633746304,0.21677723640366675,0.06775244995248102,0.11512717536813923,0.0,0.0,0.1285140562248996,0.3627844712182061,0.0,0.393574297188755,12.983933998980747,79.96366176903837,"{""type"":""MultiPoint"",""coordinates"":[]}"
1983,39.30163259741462,-0.050299941343739586,-0.17551943958462854,0.22274294648276144,0.15204286671131947,0.0,0.4380442062960481,0.0,0.0,0.12525117213663764,0.06563965170797052,12.950517425566106,80.2306467293933,"{""type"":""MultiPoint"",""coordinates"":[]}"
1984,44.766357978732415,-0.5847885850358066,0.19097871837918268,0.33399885998204126,0.0,0.0,0.03957075788061704,0.960429242119383,0.0,0.0,0.0,12.958621378536208,79.91746749736296,"{""type"":""MultiPoint"",""coordinates"":[]}"
1985,46.271206045010096,-0.39104129162123924,0.13611550167099393,0.1812460630990383,0.12072434607645878,0.0,0.0,0.8792756539235413,0.0,0.0,0.0,12.936605427953083,80.25872817593803,"{""type"":""MultiPoint"",""coordinates"":[]}"
1986,32.53499664037535,0.2622945863123562,0.16038278175399945,-0.26358316543233035,0.0,0.0,0.0,0.0,0.9946380697050938,0.0,0.0,13.034810454429866,80.0699709853584,"{""type"":""MultiPoint"",""coordinates"":[]}"
1987,42.57769036137402,-0.4621022330407223,0.04190364620179601,0.3729817205350767,0.0,0.2694369973190348,0.0,0.0,0.0,0.7305630026809651,0.0,12.81529004870099,80.03251319199748,"{""type"":""MultiPoint"",""coordinates"":[]}"
1988,36.821880150328866,-0.508420928929864,-0.08430836049898031,0.6385425410111012,0.0,0.0,0.0,0.0,0.0,1.0,0.0,12.922462271230092,80.05475929686366,"{""type"":""MultiPoint"",""coordinates"":[]}"
1989,42.9077347265101,-0.48039909635417727,-0.059070638731464974,0.5015667148189753,0.0,0.0,0.8724832214765099,0.050335570469798654,0.0,0.07718120805369127,0.0,12.72876452896585,80.15356469108558,"{""type"":""MultiPoint"",""coordinates"":[]}"
1990,38.60565748254536,-0.3404628529625485,-0.035607122602746524,0.34632629112052243,0.0,0.30624580255204836,0.0,0.4110141034251176,0.0,0.2827400940228341,0.0,12.895023267384442,80.24529657056218,"{""type"":""MultiPoint"",""coordinates"":[]}"
1991,32.36859798097124,0.2919625747212561,-0.01639281568250889,-0.12474951957870387,0.012056262558606833,0.030140656396517085,0.0,0.0,0.0,0.0,0.9578030810448762,13.09072516591395,80.30376420308775,"{""type"":""MultiPoint"",""coordinates"":[]}"
1992,34.99431619957691,0.12270285850820668,-0.07692228286434556,0.11008463664590652,0.0,0.0,0.46608462055070504,0.5339153794492949,0.0,0.0,0.0,12.961255868625654,80.06270077262153,"{""type"":""MultiPoint"",""coordinates"":[]}"
1993,29.049516859879294,0.2816587270016811,-8.230918348827886E-4,-0.10021643644369756,0.0,0.0,0.0,0.0,0.0,0.0,1.0,12.699772294703036,80.2351131624412,"{""type"":""MultiPoint"",""coordinates"":[]}"
1994,40.93901069669124,-0.3472381719932476,0.04220967488801356,0.265100081005644,0.0,1.0,0.0,0.0,0.0,0.0,0.0,12.97469722885326,80.19877245265312,"{""type"":""MultiPoint"",""coordinates"":[]}"
1995,28.760172746952446,0.15842291162577748,0.0077517107329136995,-0.048469374967406935,0.0,0.0,0.0,0.0,0.0,0.0,1.0,12.88116934512639,80.2997994179036,"{""type"":""MultiPoint"",""coordinates"":[]}"
1996,39.458663481325324,-0.3663598134457086,-0.02821885021551939,0.34685765058319934,0.0,1.0,0.0,0.0,0.0,0.0,0.0,12.96351883952814,80.26004920185544,"{""type"":""MultiPoint"",""coordinates"":[]}"
1997,39.48917662881131,-0.34164710487761685,0.028787022480478243,0.2435877294850089,0.18535930154466085,0.0,0.3418401611820014,0.4728005372733378,0.0,0.0,0.0,12.697723032705772,79.90162529021501,"{""type"":""MultiPoint"",""coordinates"":[]}"
1998,38.51986333614459,-0.5060260534155673,-0.13405116307709422,0.6813138178954786,0.0,0.0,0.0,0.0,0.0,1.0,0.0,13.10040938962573,79.91985743676936,"{""type"":""MultiPoint"",""coordinates"":[]}"
1999,44.81029068250337,-0.5071025959080991,0.1541512316445563,0.2681576128984957,0.0,0.0,0.13557046979865775,0.8644295302013423,0.0,0.0,0.0,12.603235663556402,79.94704240656489,"{""type"":""MultiPoint"",""coordinates"":[]}"
2000,28.74684901106642,0.30840747362640153,-0.05689882227161273,-0.08167384096022627,0.0,0.0,0.0,0.0,0.0,0.0,1.0,12.70889318557149,80.24273856102751,"{""type"":""MultiPoint"",""coordinates"":[]}"
2001,40.600181374075085,-0.40317525415139793,0.11144381007053292,0.220208398826099,0.0,1.0,0.0,0.0,0.0,0.0,0.0,12.98650939384151,80.26207929289357,"{""type"":""MultiPoint"",""coordinates"":[]}"
2002,41.02275309385543,-0.550936992810972,0.1056309056555577,0.4194731501926478,0.0,0.0,0.0,0.0,0.4725568942436413,0.5274431057563588,0.0,13.165219488295836,80.0906173115325,"{""type"":""MultiPoint"",""coordinates"":[]}"
2003,41.183939469497005,-0.29730420199797625,0.051113348601986526,0.21005449879412322,0.0,0.879946344735077,0.0,0.0,0.0,0.12005365526492288,0.0,12.819482912911814,80.2341344594197,"{""type"":""MultiPoint"",""coordinates"":[]}"
2004,43.378084347701105,-0.32603735264157013,0.09920607357888075,0.16769074261249808,0.0,0.9396782841823057,0.0,0.0,0.0,0.06032171581769439,0.0,12.958662382558584,80.14657403728341,"{""type"":""MultiPoint"",""coordinates"":[]}"
2005,28.94498288197054,0.16975404837383434,0.010286046652422706,-0.05399924737537622,0.0,0.0,0.0,0.0,0.0,0.0,1.0,12.705718442619622,80.30374973992765,"{""type"":""MultiPoint"",""coordinates"":[]}"
2006,28.60260184903617,0.1470330415636614,0.002048346071695816,-0.05064632379915392,0.0,0.0,0.0,0.0,0.0,0.0,1.0,13.06048249818315,80.33273024399057,"{""type"":""MultiPoint"",""coordinates"":[]}"
2007,28.870010949986604,0.2728191288150313,-0.029640457508166896,-0.08380058715082894,0.0,0.0,0.0,0.0,0.0,0.0,1.0,12.819821706933872,80.26323390045916,"{""type"":""MultiPoint"",""coordinates"":[]}"
2008,40.6655778377584,-0.5024113846673008,0.018920563087612367,0.4390337136721054,0.0,0.0,0.6590604026845638,0.0,0.16241610738255033,0.17852348993288591,0.0,12.705408590372024,79.93774045250775,"{""type"":""MultiPoint"",""coordinates"":[]}"
2009,28.470190926572602,0.13296813928566717,-0.01465834219917912,-0.04217223107460806,0.0,0.0,0.0,0.0,0.0,0.0,1.0,12.832841680152418,80.34361727716626,"{""type"":""MultiPoint"",""coordinates"":[]}"
2010,28.93092692519117,0.1433371607240019,0.008626098949008293,-0.0555978953756363,0.0,0.0,0.0,0.0,0.0,0.0,1.0,12.730200902171344,80.34193887138765,"{""type"":""MultiPoint"",""coordinates"":[]}"
2011,35.774296984849116,-0.19229706883294356,0.08582791366795071,0.17815288978269497,0.0,0.0,0.07847082494969819,0.6975184439973172,0.0,0.22401073105298458,0.0,12.627156699863885,79.9747292889485,"{""type"":""MultiPoint"",""coordinates"":[]}"
2012,45.09342971291363,-0.3998636060607451,0.10631534881056753,0.22727218795369297,0.0,0.4440723375753517,0.0,0.5559276624246484,0.0,0.0,0.0,12.935847821991564,80.21874969797634,"{""type"":""MultiPoint"",""coordinates"":[]}"
2013,28.62177145259062,0.14341972123569588,0.04057529039682586,-0.06320502469252276,0.0,0.0,0.0,0.0,0.0,0.0,1.0,12.664807613845154,80.27927006216811,"{""type"":""MultiPoint"",""coordinates"":[]}"
2014,37.728415364204565,-0.5209647176021307,0.03181565565354796,0.46779499082289855,0.0,0.03743315508021391,0.5655080213903744,0.0,0.0,0.39705882352941174,0.0,13.164762240502615,79.95215774987663,"{""type"":""MultiPoint"",""coordinates"":[]}"
2015,39.60981746802819,-0.39331557133018813,0.013583890658489375,0.36994739332422283,0.0,0.0,0.5995975855130784,0.17035546613011404,0.0,0.23004694835680756,0.0,12.958711448524209,80.04178749477201,"{""type"":""MultiPoint"",""coordinates"":[]}"
2016,44.62314500392357,-0.49443988163586833,0.15323054837342404,0.2707613184776166,0.0,0.0,0.4359490274983234,0.32394366197183105,0.0,0.24010731052984577,0.0,12.637995907922658,79.9164081542298,"{""type"":""MultiPoint"",""coordinates"":[]}"
2017,38.4347716527968,-0.46367015778954246,-0.022785104025349154,0.5182427490376362,0.0,0.062374245472837014,0.0,0.0,0.0,0.9376257545271629,0.0,12.810774408207868,80.02175858502774,"{""type"":""MultiPoint"",""coordinates"":[]}"
2018,28.612576793614473,0.2496773081233154,-0.029786783622614207,-0.07613149204546055,0.0,0.0,0.0,0.0,0.0,0.0,1.0,13.12071961113706,80.31662906154834,"{""type"":""MultiPoint"",""coordinates"":[]}"
2019,47.78278095139599,-0.49065272938390375,0.14026944732610303,0.2407104189890152,0.0691275167785235,0.0,0.0,0.9308724832214764,0.0,0.0,0.0,12.614058812717971,80.19673421317435,"{""type"":""MultiPoint"",""coordinates"":[]}"
2020,39.33642804242628,-0.45646600801453857,-0.015786696007232363,0.47065319846067194,0.0,0.24128686327077747,0.0,0.0,0.0,0.7587131367292225,0.0,12.787090150064252,80.09909004597817,"{""type"":""MultiPoint"",""coordinates"":[]}"
2021,38.81920357828861,-0.38424838485023943,-0.17768497607630432,0.5394007419172886,0.0,0.0,0.8832214765100672,0.0,0.0,0.1167785234899329,0.0,12.720548141787546,79.92211348348052,"{""type"":""MultiPoint"",""coordinates"":[]}"
2022,43.043524300937726,-0.2813984467612687,0.030271989170243246,0.21682528590347028,0.0,0.7454789015405224,0.07702612190221031,0.17749497655726726,0.0,0.0,0.0,12.881116676105234,79.93141023970078,"{""type"":""MultiPoint"",""coordinates"":[]}"
2023,39.233536618921654,-0.4013136164553397,-0.06355419799873648,0.4766786567888218,0.0,0.009377093101138647,0.9906229068988613,0.0,0.0,0.0,0.0,13.152731797987032,80.01192487773923,"{""type"":""MultiPoint"",""coordinates"":[]}"
2024,41.60199881186749,-0.5522965782392061,0.11811049825959738,0.38910080736397934,0.0,0.0,0.0,0.12851405622489961,0.8239625167336012,0.04752342704149934,0.0,13.043237626430628,80.00230007010477,"{""type"":""MultiPoint"",""coordinates"":[]}"
2025,40.57392080888741,-0.5511984827942075,0.13033857075898325,0.3579993919154852,0.0,0.0,0.0,0.9463806970509384,0.0,0.05361930294906166,0.0,12.816462687780747,80.09607739575547,"{""type"":""MultiPoint"",""coordinates"":[]}"
2026,40.38653221509385,-0.5061257934955964,0.06519051387769553,0.4006411232975339,0.0,0.0,0.9363270777479894,0.06367292225201072,0.0,0.0,0.0,13.133763629859919,80.04239438551127,"{""type"":""MultiPoint"",""coordinates"":[]}"
2027,41.96955476173157,-0.5549971135196506,0.08145066646074994,0.43934464115575206,0.0,0.16577181208053693,0.03087248322147651,0.1463087248322148,0.0,0.6570469798657719,0.0,12.643811831602159,80.06815550504365,"{""type"":""MultiPoint"",""coordinates"":[]}"
2028,45.27259760522441,-0.3635679066863162,0.09948554841143091,0.20016407144938747,0.0,0.8064300066979235,0.034829202947086406,0.0,0.0,0.15874079035498997,0.0,13.10490877056348,80.17405401689435,"{""type"":""MultiPoint"",""coordinates"":[]}"
2029,33.82234163783135,-0.38287246256141144,-0.36756600208020385,0.8071644315748451,0.0,0.0,0.0,0.0,0.0,1.0,0.0,13.014298231933049,80.01786796343868,"{""type"":""MultiPoint"",""coordinates"":[]}"
2030,45.84374821615953,-0.48600282210257767,0.16105436170921475,0.23904675235775324,0.0,0.0,0.0,1.0,0.0,0.0,0.0,12.764447976435813,80.16604808600898,"{""type"":""MultiPoint"",""coordinates"":[]}"
2031,43.35327978790355,-0.5773617863592989,0.16435212218001824,0.367869532887843,0.0,0.0,0.6798392498325518,0.17079705291359676,0.1493636972538513,0.0,0.0,13.101012311793268,80.00066360844023,"{""type"":""MultiPoint"",""coordinates"":[]}"
2032,41.14696148365954,-0.37519290786094694,-0.020547381059849962,0.3827748185752177,0.0,0.7339142091152816,0.0,0.0,0.0,0.26608579088471845,0.0,13.044719018927525,80.26456075333182,"{""type"":""MultiPoint"",""coordinates"":[]}"
2033,42.54798199451074,-0.5267356926403154,0.08770520100831561,0.39904601828643543,0.0,0.0,0.7184986595174262,0.1575067024128686,0.0,0.1239946380697051,0.0,12.794818354415295,80.116088847696,"{""type"":""MultiPoint"",""coordinates"":[]}"
2034,31.200986045080445,0.442439226711391,0.10579265235584993,-0.4144243895418779,0.0,0.0,0.0,0.0,0.0,0.0,1.0,12.988567373317853,80.04488947999809,"{""type"":""MultiPoint"",""coordinates"":[]}"
2035,39.79326290989279,-0.4469080022825288,-0.026198003483289427,0.4839395953808086,0.0,0.11193029490616623,0.0,0.0,0.0,0.8880697050938338,0.0,12.880948741094443,79.95037327774145,"{""type"":""MultiPoint"",""coordinates"":[]}"
2036,40.916930928513075,-0.4310765766827147,0.04267553261933635,0.3629082707617428,0.0,0.5987943737441392,0.27997320830542527,0.0,0.0,0.12123241795043536,0.0,13.063148867418883,80.03056216180701,"{""type"":""MultiPoint"",""coordinates"":[]}"
2037,41.43886807698597,-0.33158047678792263,0.03507835308874429,0.2514235506261979,0.3415941058271936,0.41594105827193567,0.0,0.13931681178834562,0.0,0.10314802411252512,0.0,13.144980218248886,80.18115614774243,"{""type"":""MultiPoint"",""coordinates"":[]}"
2038,41.939201752889645,-0.3102831960428258,0.1114580761052481,0.14597309642954714,0.0,0.8515050167224081,0.0,0.0,0.0,0.14849498327759197,0.0,13.099366510312008,80.2243067488223,"{""type"":""MultiPoint"",""coordinates"":[]}"
2039,42.18769653226999,-0.44544148831114316,0.040977174603856505,0.3138776257578076,0.0,0.0,1.0,0.0,0.0,0.0,0.0,12.629086220511144,80.14388669039144,"{""type"":""MultiPoint"",""coordinates"":[]}"
2040,45.61320886180723,-0.5457903272276194,0.14089215255297796,0.326120380841621,0.0,0.0,1.0,0.0,0.0,0.0,0.0,13.07481715116033,80.0349218293566,"{""type"":""MultiPoint"",""coordinates"":[]}"
2041,39.72150098313254,-0.536371844873947,0.05073327834247857,0.4277958445519776,0.0,0.0,0.0,0.0,0.0,1.0,0.0,13.01289676907876,79.92034677168196,"{""type"":""MultiPoint"",""coordinates"":[]}"
2042,28.839596497019446,0.10749075871526619,0.02596763898644046,-0.04107037368666395,0.0,0.0,0.0,0.0,0.0,0.0,1.0,12.858380649759251,80.33258864394669,"{""type"":""MultiPoint"",""coordinates"":[]}"
2043,36.76802841587527,-0.14775948505868583,-0.03195567672744994,0.1762035100960987,0.0,0.0,0.0,1.0,0.0,0.0,0.0,12.769655564130415,80.05536594772113,"{""type"":""MultiPoint"",""coordinates"":[]}"
2044,36.10144440852646,-0.007039910274206556,0.04494755620312051,0.07073171082646293,0.0,0.0,0.0,0.21835231078365702,0.0,0.35900870730073675,0.4226389819156061,13.016203580121923,80.09704214159925,"{""type"":""MultiPoint"",""coordinates"":[]}"
2045,42.81803993798259,-0.5371941565107645,0.059735007968958836,0.4643588760996445,0.0,0.0,0.4235924932975872,0.014075067024128687,0.23391420911528152,0.32841823056300273,0.0,13.036984144740703,79.98854292756943,"{""type"":""MultiPoint"",""coordinates"":[]}"
2046,40.90898142400404,-0.3706712476502385,0.027540533165589166,0.31009472188276,0.0,1.0,0.0,0.0,0.0,0.0,0.0,12.865176060652843,80.06410052367144,"{""type"":""MultiPoint"",""coordinates"":[]}"
2047,28.843577732008065,0.18217599337023455,-0.02364713771622524,-0.05626024689680681,0.0,0.0,0.0,0.0,0.0,0.0,1.0,12.600203148505194,80.28726522686526,"{""type"":""MultiPoint"",""coordinates"":[]}"
2048,37.99629997782698,-0.4458595753425843,-0.12750605920812352,0.5729207657606813,0.0,0.0,0.9195171026156943,0.0,0.0,0.08048289738430583,0.0,12.685334746620358,79.94101315421146,"{""type"":""MultiPoint"",""coordinates"":[]}"
2049,33.671495465351654,-0.4104484595570095,-0.2975823883309735,0.7072714976322151,0.0,0.0,1.0,0.0,0.0,0.0,0.0,12.933657918748343,79.96232392672576,"{""type"":""MultiPoint"",""coordinates"":[]}"
2050,28.46745166595576,0.23196121441141818,-0.03359475717567804,-0.06252268767576363,0.0,0.0,0.0,0.0,0.0,0.0,1.0,12.969003966402516,80.28153274937515,"{""type"":""MultiPoint"",""coordinates"":[]}"
2051,39.678767936080554,-0.4981049059203614,0.01997660305837692,0.48308507139970014,0.0,0.47583892617449663,0.0,0.15906040268456378,0.0,0.36510067114093964,0.0,12.626733745181102,79.95161265986962,"{""type"":""MultiPoint"",""coordinates"":[]}"
2052,42.68179335389412,-0.5743759637094595,0.18849862887208074,0.3659330484154669,0.0,0.0,0.4423592493297586,0.48391420911528144,0.07372654155495978,0.0,0.0,12.950202835474405,79.95545380719938,"{""type"":""MultiPoint"",""coordinates"":[]}"
2053,41.390299226148706,-0.3310151300476382,0.06377807937574446,0.21737694405343072,0.0,0.9939718687206966,0.0,0.006028131279303416,0.0,0.0,0.0,13.042630107285888,80.16521226866504,"{""type"":""MultiPoint"",""coordinates"":[]}"
2054,41.05321682464791,-0.3563536718197337,0.017022942806145892,0.2919107248773944,0.0,0.9523809523809524,0.0,0.0,0.0,0.04761904761904762,0.0,13.026298639345528,80.15610259520626,"{""type"":""MultiPoint"",""coordinates"":[]}"
2055,38.26679534394633,-0.31715252291171425,-0.18055264900371085,0.5286088841943356,0.0,0.09463087248322148,0.0,0.0,0.0,0.9053691275167786,0.0,12.684577796412148,79.97798974101504,"{""type"":""MultiPoint"",""coordinates"":[]}"
2056,45.53931878730384,-0.24393990269275004,0.16097702018152693,0.05879614329804373,0.06572769953051642,0.9342723004694835,0.0,0.0,0.0,0.0,0.0,12.8396460990572,79.94949024049801,"{""type"":""MultiPoint"",""coordinates"":[]}"
2057,41.922750277401214,-0.42887620493780676,0.06680193901287687,0.3203991503778394,0.0,0.38914936369725384,0.0,0.0,0.0,0.6108506363027462,0.0,12.855381416167878,80.1435046139745,"{""type"":""MultiPoint"",""coordinates"":[]}"
2058,28.545718284343174,0.176092437012127,-0.029692499836635782,-0.027933427080487516,0.0,0.0,0.0,0.0,0.0,0.0,1.0,12.931731323157765,80.32652108751303,"{""type"":""MultiPoint"",""coordinates"":[]}"
2059,43.34198468313887,-0.5209774906337946,0.14045237012960649,0.33354168731367645,0.0,0.0784708249496982,0.7551978537894033,0.119382964453387,0.020791415157612344,0.026156941649899405,0.0,12.876985300534898,79.93240117025549,"{""type"":""MultiPoint"",""coordinates"":[]}"
2060,37.18873807210741,-0.5897544831565735,0.104163243623813,0.525075782357523,0.0,0.0,0.011409395973154365,0.7966442953020135,0.17449664429530204,0.017449664429530203,0.0,12.646884277425611,79.9118278957092,"{""type"":""MultiPoint"",""coordinates"":[]}"
2061,28.70448451852924,0.091439603889465,0.05209764274641282,-0.04674813999524334,0.0,0.0,0.0,0.0,0.0,0.0,1.0,12.60260321741921,80.31203783227978,"{""type"":""MultiPoint"",""coordinates"":[]}"
2062,43.09344310072912,-0.43543462621359774,0.14224235576018898,0.19299707010058093,0.0,1.0,0.0,0.0,0.0,0.0,0.0,13.16344802977821,80.20223372112463,"{""type"":""MultiPoint"",""coordinates"":[]}"
2063,40.1732335635255,-0.5295044075793314,-0.02614616659172876,0.5515225480341726,0.0,0.0,0.0,0.25000000000000006,0.0,0.75,0.0,12.68467914957925,80.17765487386117,"{""type"":""MultiPoint"",""coordinates"":[]}"
2064,28.82324144596388,0.23201323855620332,-0.030458354338078513,-0.056097134564556256,0.0,0.0,0.0,0.0,0.0,0.0,1.0,12.9207710882414,80.2717031342686,"{""type"":""MultiPoint"",""coordinates"":[]}"
2065,42.3893286944281,-0.45429705025881006,0.07249803743142148,0.32379033287924397,0.0,0.6949832775919734,0.17056856187290972,0.0,0.0,0.13444816053511707,0.0,13.169385163162572,80.16269978775539,"{""type"":""MultiPoint"",""coordinates"":[]}"
2066,28.377105671851123,0.13692526249998968,-0.013493503194156568,-0.04480710596037015,0.0,0.0,0.0,0.0,0.0,0.0,1.0,12.906983416285058,80.34291242354804,"{""type"":""MultiPoint"",""coordinates"":[]}"
2067,44.744309761855355,-0.32858800854513737,0.07232071158885883,0.18345392051285503,0.44943067649028806,0.4996651038178164,0.0,0.050904219691895514,0.0,0.0,0.0,13.063533163979303,80.2854352852484,"{""type"":""MultiPoint"",""coordinates"":[]}"
2068,28.38758688542171,0.13096222875355523,0.021717961194395567,-0.048629877641020884,0.0,0.0,0.0,0.0,0.0,0.0,1.0,12.88890587390843,80.32627046594479,"{""type"":""MultiPoint"",""coordinates"":[]}"
2069,42.32525625195989,-0.5360952955516991,0.1613768520712328,0.3234720680411074,0.0,0.0,0.9832775919732442,0.015384615384615387,0.0013377926421404686,0.0,0.0,13.112446630004433,80.00278268662821,"{""type"":""MultiPoint"",""coordinates"":[]}"
2070,41.89992935837351,-0.27980866242290386,-0.006736404588239813,0.26422444492828256,0.0,0.8995983935742973,0.0,0.0,0.0,0.10040160642570284,0.0,12.99144450054584,80.18880050281273,"{""type"":""MultiPoint"",""coordinates"":[]}"
2071,37.81407343542477,-0.43501587423388277,-0.10848082187735383,0.5588667758392042,0.0,0.0,0.0,0.0,0.6006688963210702,0.3993311036789297,0.0,13.063339382946106,79.93358953648941,"{""type"":""MultiPoint"",""coordinates"":[]}"
2072,37.00617232463498,-0.18560179627673706,-0.0076428306340087186,0.2771948029551599,0.0,0.0,0.34092431346282653,0.0,0.0,0.6590756865371735,0.0,13.078758506631761,80.04273552516902,"{""type"":""MultiPoint"",""coordinates"":[]}"
2073,41.955891106282664,-0.5693655503041258,0.1172219786768476,0.4415291677333324,0.0,0.0,0.1567314132618888,0.65304755525787,0.0,0.1902210314802411,0.0,12.94600545304173,80.0895285128646,"{""type"":""MultiPoint"",""coordinates"":[]}"
2074,42.10259346457835,-0.33357684674385774,0.041863875786005464,0.24650493075762678,0.0,1.0,0.0,0.0,0.0,0.0,0.0,12.886677390101378,80.14018177883173,"{""type"":""MultiPoint"",""coordinates"":[]}"
2075,38.55894876457777,-0.4698371067876449,-0.0014964912072856795,0.45046638284863644,0.0,0.12466487935656838,0.0,0.14008042895442363,0.0,0.735254691689008,0.0,12.861499346787966,80.10914112865355,"{""type"":""MultiPoint"",""coordinates"":[]}"
2076,28.471998710000012,0.18290979392583365,-0.012534034526326327,-0.05882609768500001,0.0,0.0,0.0,0.0,0.0,0.0,1.0,13.051137467459542,80.31731449349705,"{""type"":""MultiPoint"",""coordinates"":[]}"
2077,41.98578036925553,-0.3260392690213407,0.1119132603542124,0.1637132845037737,0.0,1.0,0.0,0.0,0.0,0.0,0.0,12.979747880743185,80.21549286980051,"{""type"":""MultiPoint"",""coordinates"":[]}"
2078,39.096856684216895,-0.4558440341428691,0.013852620739896843,0.41164801961741326,0.0,0.4799196787148595,0.03815261044176708,0.0,0.17269076305220887,0.30923694779116473,0.0,13.111373319321459,79.99125802045721,"{""type"":""MultiPoint"",""coordinates"":[]}"
2079,41.51159887228402,-0.3232573849700201,0.11661741913235937,0.13901155377719335,0.0,1.0,0.0,0.0,0.0,0.0,0.0,12.906838627572142,80.14083528678007,"{""type"":""MultiPoint"",""coordinates"":[]}"
2080,28.77869412717451,0.1489155810704605,-0.004599320290331086,-0.05379558773136841,0.0,0.0,0.0,0.0,0.0,0.0,1.0,12.619509439660991,80.3148393064742,"{""type"":""MultiPoint"",""coordinates"":[]}"
2081,41.78124356259212,-0.5370324774730378,0.0936180993308299,0.363154733630457,0.0,0.0,0.5874079035498995,0.17079705291359676,0.11051574012056262,0.13127930341594105,0.0,13.09753389687739,79.96289623963843,"{""type"":""MultiPoint"",""coordinates"":[]}"
2082,37.51697744212996,-0.5276906221137103,-0.05306153525619872,0.6150959862542518,0.0,0.0,0.0,0.0,0.0,1.0,0.0,12.954600272972826,80.09981380171034,"{""type"":""MultiPoint"",""coordinates"":[]}"
2083,42.3655269526323,-0.33238206687427163,0.057186438490035386,0.2215022818001452,0.0,0.9812458137977226,0.01875418620227729,0.0,0.0,0.0,0.0,12.919201424625777,80.08967676852117,"{""type"":""MultiPoint"",""coordinates"":[]}"
2084,41.98991105082387,-0.3526010476100884,0.03504485457998534,0.263989761103612,0.0,0.9866041527126591,0.013395847287340924,0.0,0.0,0.0,0.0,12.980596128835828,80.1432936440069,"{""type"":""MultiPoint"",""coordinates"":[]}"
2085,41.0175847876293,-0.5643189178237432,0.053275198499534576,0.47559715440461015,0.0,0.0,0.32639355271994624,0.46406984553391534,0.006044325050369375,0.20349227669576894,0.0,12.634222324518054,80.02506409718643,"{""type"":""MultiPoint"",""coordinates"":[]}"
2086,40.68766061724349,-0.49568239460641444,-0.08829295184153188,0.6519998718404033,0.0,0.0,0.03420523138832998,6.706908115358819E-4,0.0,0.9651240778001341,0.0,12.775066382530412,80.1332085086916,"{""type"":""MultiPoint"",""coordinates"":[]}"
2087,41.754322730523505,-0.27956882049161685,0.07219000164057544,0.14533923940737603,0.0,0.9932885906040269,0.0,0.006711409395973154,0.0,0.0,0.0,12.940304310763242,80.21217967122595,"{""type"":""MultiPoint"",""coordinates"":[]}"
2088,29.500683460375114,0.32601922196771427,0.06408128325699611,-0.18325015832314542,0.0,0.0,0.0,0.0,0.0,0.0,1.0,12.868574130232659,80.25328437725548,"{""type"":""MultiPoint"",""coordinates"":[]}"
2089,28.190165653118733,0.15606549425664487,-0.029518564225327136,-0.03271571419180484,0.0,0.0,0.0,0.0,0.0,0.0,1.0,12.90925769327949,80.34467888486036,"{""type"":""MultiPoint"",""coordinates"":[]}"
2090,43.85524932961772,-0.5071934953284927,0.07589985819426702,0.3734550758896561,0.0,0.0,0.028839704896042918,0.8343393695506367,0.0,0.13682092555331987,0.0,12.625053610170022,80.1556129153345,"{""type"":""MultiPoint"",""coordinates"":[]}"
2091,44.217527175117226,-0.44262369493084874,0.07022438769619778,0.33308378767091346,0.0,0.0,0.5853985264567984,0.41460147354320154,0.0,0.0,0.0,12.900673613544546,80.21128821530085,"{""type"":""MultiPoint"",""coordinates"":[]}"
2092,40.9493391610114,-0.44277883864246714,0.022961527697678164,0.38767390603854107,0.0,0.5880776959142665,0.26322839919624913,0.0,0.0,0.14869390488948425,0.0,12.938690276286978,80.06970178692939,"{""type"":""MultiPoint"",""coordinates"":[]}"
2093,43.61690642204548,-0.5658985666839124,0.06649729627309808,0.4849577243058673,0.0,0.0,0.5167112299465241,0.008689839572192513,0.0046791443850267385,0.46991978609625673,0.0,13.176891397796224,79.95559639052756,"{""type"":""MultiPoint"",""coordinates"":[]}"
2094,37.36773045545272,-0.5379271546371752,-0.03966900708444307,0.6341833547945349,0.0,0.0,0.0,0.0,0.0,1.0,0.0,12.946598247254867,80.11258074943099,"{""type"":""MultiPoint"",""coordinates"":[]}"
2095,41.0263361855593,-0.36521312654661897,0.02554981101379973,0.3243000753433858,0.0,0.8332217012726054,0.0,0.0,0.0,0.16677829872739452,0.0,13.152244333300203,80.06954879476785,"{""type"":""MultiPoint"",""coordinates"":[]}"
2096,44.40284776921531,-0.5520525683865806,0.2076320644903041,0.2710095780381582,0.0,0.0,0.0,1.0,0.0,0.0,0.0,12.74199933939148,80.1530205603757,"{""type"":""MultiPoint"",""coordinates"":[]}"
2097,37.66545092728859,-0.5560439594318343,-0.01937280697522101,0.571246409736782,0.0,0.0,0.0,0.0,0.0,1.0,0.0,12.845708416661143,80.09146184789607,"{""type"":""MultiPoint"",""coordinates"":[]}"
2098,39.00470599416893,-0.43651149616225826,-0.13922314502690952,0.5865127098802979,0.0,0.1635388739946381,0.0,0.0,0.0,0.8364611260053622,0.0,12.872683062828635,80.20474615301617,"{""type"":""MultiPoint"",""coordinates"":[]}"
2099,39.86976694414488,-0.46830769039330117,-0.0494197513472489,0.5090643829867477,0.0,0.04225352112676056,0.07578806170355465,0.0,0.004694835680751173,0.8772635814889336,0.0,12.819059381708795,80.0858562002097,"{""type"":""MultiPoint"",""coordinates"":[]}"
2100,44.94010230596517,-0.5741778818914293,0.199017830525095,0.2909038976309314,0.0,0.0,0.7392761394101877,0.26072386058981234,0.0,0.0,0.0,12.9884388256528,80.01682732039797,"{""type"":""MultiPoint"",""coordinates"":[]}"
2101,38.51584857219693,-0.5360361915434069,0.043584328377319445,0.48423865946902167,0.0,0.0,0.0,0.0,0.0,1.0,0.0,13.100229701256994,80.03550063712336,"{""type"":""MultiPoint"",""coordinates"":[]}"
2102,28.667881628225057,0.12316848009662526,0.019080054260343197,-0.055210013767562946,0.0,0.0,0.0,0.0,0.0,0.0,1.0,12.873254078347896,80.33321236935369,"{""type"":""MultiPoint"",""coordinates"":[]}"
2103,35.06831280984617,-0.549927962902174,-0.17190432531304897,0.7401946675672114,0.0,0.0,0.0,0.0,0.0,1.0,0.0,13.175965933397668,79.91822026334094,"{""type"":""MultiPoint"",""coordinates"":[]}"
2104,40.49253770779196,-0.4766719800977175,-2.765102027858585E-4,0.47236846977252367,0.0,0.0,0.0,0.0,0.0,1.0,0.0,12.833474768179716,80.17711686918003,"{""type"":""MultiPoint"",""coordinates"":[]}"
2105,28.604149150818817,0.19670283816857748,0.003594834738802133,-0.07273928201491371,0.0,0.0,0.0,0.0,0.0,0.0,1.0,12.71951180020218,80.28184562425756,"{""type"":""MultiPoint"",""coordinates"":[]}"
2106,44.101900572223734,-0.5357732632949692,0.13713558158639366,0.3423555097880484,0.0,0.0,0.6182183523107837,0.38178164768921635,0.0,0.0,0.0,12.96010398275794,79.96673508138565,"{""type"":""MultiPoint"",""coordinates"":[]}"
2107,37.01139316341807,-0.45450939124061085,-0.0364468369664496,0.4997692901141018,0.0,0.0,1.0,0.0,0.0,0.0,0.0,13.111671274080846,80.05002812768473,"{""type"":""MultiPoint"",""coordinates"":[]}"
2108,41.27348778701074,-0.3255019536104758,0.027309808707432225,0.26385634122179163,0.0,1.0,0.0,0.0,0.0,0.0,0.0,13.148415249937992,80.23807311009948,"{""type"":""MultiPoint"",""coordinates"":[]}"
2109,39.795189555214506,-0.41840033093706464,0.011168383029551174,0.37594800946852697,0.0,0.7446380697050939,0.010723860589812333,0.0,0.0,0.24463806970509386,0.0,12.994791321373452,80.10784352847053,"{""type"":""MultiPoint"",""coordinates"":[]}"
2110,42.3812022258674,-0.4581942908010439,0.15077231170131167,0.2271623099224774,0.0,0.0,1.0,0.0,0.0,0.0,0.0,13.031315569457654,80.08799711019053,"{""type"":""MultiPoint"",""coordinates"":[]}"
2111,40.89170280048996,-0.4970129466275588,0.0983171372758173,0.31152861776095453,0.0,0.0,0.8570469798657718,0.0,0.0,0.14295302013422817,0.0,12.606942434325665,80.02829288892579,"{""type"":""MultiPoint"",""coordinates"":[]}"
2112,42.09266313271086,-0.49631903092003643,-0.049432406048185024,0.5737934161966903,0.0,0.0,0.6157965194109772,0.0,0.0,0.3842034805890227,0.0,13.157400251367134,79.93879813970081,"{""type"":""MultiPoint"",""coordinates"":[]}"
2113,39.79805593216345,-0.5050486789208706,-0.08189505971857519,0.6171332977581633,0.012726054922973877,0.0,0.0,0.0,0.0,0.9872739450770261,0.0,13.089468618941352,79.94644376064475,"{""type"":""MultiPoint"",""coordinates"":[]}"
2114,43.0201132677696,-0.39033938924000106,0.1033787155403637,0.18306964644860027,0.002679169457468185,0.5425318151373074,0.22505023442732755,0.22973878097789688,0.0,0.0,0.0,13.095526238369633,80.08959513503528,"{""type"":""MultiPoint"",""coordinates"":[]}"
2115,41.06032064496318,-0.2848856291157579,0.05589038591387893,0.18528490502687428,0.0,1.0,0.0,0.0,0.0,0.0,0.0,12.98829067759392,80.19128247887292,"{""type"":""MultiPoint"",""coordinates"":[]}"
2116,41.687409689114695,-0.45495367796738695,0.022077460330442254,0.37341773737225203,0.0,0.0,0.0,1.0,0.0,0.0,0.0,12.912336724877155,80.2433886478434,"{""type"":""MultiPoint"",""coordinates"":[]}"
2117,45.10762169975253,-0.45106149850741417,0.08253932596992865,0.33258883999449446,0.0,0.4421404682274248,0.41538461538461546,0.1424749163879599,0.0,0.0,0.0,13.175110006582583,80.22732083296724,"{""type"":""MultiPoint"",""coordinates"":[]}"
2118,28.47014871527165,0.138576571470778,-0.012599586538326839,-0.04423386393010727,0.0,0.0,0.0,0.0,0.0,0.0,1.0,12.897373120912414,80.33953169843014,"{""type"":""MultiPoint"",""coordinates"":[]}"
2119,40.34864843732444,-0.495976169607244,0.05484836730378864,0.39094214937341665,0.0,0.0,0.7130434782608696,0.0,0.0,0.28695652173913044,0.0,13.135090043601544,80.03920516809602,"{""type"":""MultiPoint"",""coordinates"":[]}"
2120,34.10727094953755,-0.5069018438369038,-0.13489959594519516,0.6521197268762536,0.0,0.0,0.0,0.0,0.0,1.0,0.0,13.004119710034185,80.23007734694717,"{""type"":""MultiPoint"",""coordinates"":[]}"
2121,39.03361207313422,-0.5172560737192095,0.04000932052147118,0.4535232809655779,0.0,0.0,0.8993288590604027,0.09597315436241612,0.0,0.0046979865771812086,0.0,12.761270800641816,80.111873102809,"{""type"":""MultiPoint"",""coordinates"":[]}"
2122,33.277366489156634,0.40579494505488445,-0.30520179289465993,0.10129134351453072,0.0,0.0,0.0321285140562249,0.0,0.967871485943775,0.0,0.0,13.137306495426767,79.93792192525946,"{""type"":""MultiPoint"",""coordinates"":[]}"
2123,34.69567786959733,0.10359909473842584,-0.024410559265541965,-0.0658388567163292,0.0,0.0,0.0,0.0,0.0,0.0,1.0,12.74740901272527,80.21130601842823,"{""type"":""MultiPoint"",""coordinates"":[]}"
2124,45.82925979383222,-0.3924609152844243,0.14876942345038108,0.1592480640665318,0.06778523489932885,0.0,0.0,0.9322147651006711,0.0,0.0,0.0,12.677189001769474,80.1896605715079,"{""type"":""MultiPoint"",""coordinates"":[]}"
2125,41.80585634663986,-0.43253201913954825,0.05154971795731188,0.2571070023276936,0.0,0.0,1.0,0.0,0.0,0.0,0.0,12.882289382129768,80.17746968479855,"{""type"":""MultiPoint"",""coordinates"":[]}"
2126,28.583005271006055,0.1867106489796548,-0.02025377128552735,-0.043901892910741765,0.0,0.0,0.0,0.0,0.0,0.0,1.0,12.617270942720483,80.28400916331911,"{""type"":""MultiPoint"",""coordinates"":[]}"
2127,40.61858252409641,-0.5202151413539123,0.09883264388740923,0.3904880465387097,0.0,0.0,1.0,0.0,0.0,0.0,0.0,13.190017260618268,80.21573730971839,"{""type"":""MultiPoint"",""coordinates"":[]}"
2128,40.84963956162199,-0.3896768818781974,0.0867136689415316,0.243176929816128,0.0,0.9973190348525469,0.0,0.0,0.0,0.002680965147453083,0.0,12.982039349556802,80.01622076435397,"{""type"":""MultiPoint"",""coordinates"":[]}"
2129,45.76497239092682,-0.477946788162883,0.11417975886583712,0.26418726485378097,0.0,0.18535930154466085,0.07051712558764271,0.7434519811954333,6.71591672263264E-4,0.0,0.0,12.690179547781886,80.06110999447277,"{""type"":""MultiPoint"",""coordinates"":[]}"
2130,28.512927514054972,0.16860563352022212,-0.020481091576763148,-0.0444878250256449,0.0,0.0,0.0,0.0,0.0,0.0,1.0,12.985944130035703,80.30907124396535,"{""type"":""MultiPoint"",""coordinates"":[]}"
2131,40.7961455001811,-0.3815483310446984,0.04089978602821233,0.2809506232224774,0.0,0.24144869215291753,0.7585513078470826,0.0,0.0,0.0,0.0,12.78281537682723,80.10298444626837,"{""type"":""MultiPoint"",""coordinates"":[]}"
2132,39.371286766608705,-0.4688789959515452,-0.15819840811340743,0.6339959086758442,0.0,0.0648829431438127,0.0,0.0,0.0,0.9351170568561872,0.0,13.141990209374756,80.28604206825138,"{""type"":""MultiPoint"",""coordinates"":[]}"
2133,43.22340061551611,-0.4853748017053962,0.11161609111818754,0.32416351599487103,0.0,0.0,0.5006702412868633,0.0,0.04624664879356569,0.45308310991957107,0.0,13.15424185346472,80.09737918634065,"{""type"":""MultiPoint"",""coordinates"":[]}"
2134,41.28138222194372,-0.5332931485057008,0.06191808438889837,0.43205428561952175,0.0,0.0,0.31166219839142095,0.34182305630026816,0.0,0.34651474530831106,0.0,12.786760911718064,80.21063853634085,"{""type"":""MultiPoint"",""coordinates"":[]}"
2135,28.444527319879295,0.10454043175836353,0.029133335859590607,-0.047667614224936025,0.0,0.0,0.0,0.0,0.0,0.0,1.0,12.6644774142003,80.33427844329582,"{""type"":""MultiPoint"",""coordinates"":[]}"
2136,44.50738694687209,-0.30178060135818846,0.07581179379246022,0.14568111141349332,0.0,0.6697923643670463,0.05827193569993302,0.0,0.0,0.27193569993302075,0.0,12.931587340686914,79.90774807779252,"{""type"":""MultiPoint"",""coordinates"":[]}"
2137,33.953850758072306,-0.4259242287066405,-0.28910262817573296,0.7142984981663288,0.0,0.0,1.0,0.0,0.0,0.0,0.0,13.061044821869501,80.07287371833593,"{""type"":""MultiPoint"",""coordinates"":[]}"
2138,43.027448644537564,-0.46974488426002614,0.07475197679179742,0.33458332151163195,0.0,0.0,1.0,0.0,0.0,0.0,0.0,12.803992957421341,80.1436646031886,"{""type"":""MultiPoint"",""coordinates"":[]}"
2139,28.447215969224096,0.1700943652047241,-0.026304911117925982,-0.044278775581976,0.0,0.0,0.0,0.0,0.0,0.0,1.0,13.128038984509672,80.34961880841053,"{""type"":""MultiPoint"",""coordinates"":[]}"
2140,35.04190971920967,-0.491903802513429,-0.10133799521559236,0.5994659183166552,0.0,0.0,0.0,0.0,0.0013395847287340926,0.9986604152712659,0.0,13.181043827856179,79.90340112420839,"{""type"":""MultiPoint"",""coordinates"":[]}"
2141,38.296341071746994,-0.395970858087528,0.016566488742781216,0.34106674963554184,0.0,0.5448460508701473,0.32396251673360105,0.0,0.0,0.13119143239625167,0.0,13.145086398042716,80.10296946798984,"{""type"":""MultiPoint"",""coordinates"":[]}"
2142,41.12882152975905,-0.4944633672429406,0.03510037526341539,0.4015901532190135,0.0,0.1927710843373494,0.0,0.1706827309236948,0.0,0.6365461847389559,0.0,13.146924559480945,80.08006065744856,"{""type"":""MultiPoint"",""coordinates"":[]}"
2143,34.25994906955737,0.05713767634815766,-0.053518897043410285,0.1924761063953036,0.0,0.0,0.0,0.0,0.0,0.13346747149564053,0.8665325285043596,12.64899054346739,80.16390812855414,"{""type"":""MultiPoint"",""coordinates"":[]}"
2144,41.98312652150705,-0.5466012775182356,0.04312953340662705,0.46659553893423517,0.0,0.10113864701942397,0.6597454789015406,0.0,0.0,0.23911587407903545,0.0,12.937636790323227,79.9239496960895,"{""type"":""MultiPoint"",""coordinates"":[]}"
2145,42.71597133813254,-0.2907506334777689,0.0616816375591346,0.1942097721479731,0.0,0.9109772423025435,0.0,0.0,0.0,0.08902275769745649,0.0,13.133034820021663,80.17411654615549,"{""type"":""MultiPoint"",""coordinates"":[]}"
2146,39.840553919852574,-0.18735249773956436,-0.13466135692224307,0.3973978788548219,0.0,0.0,0.7198391420911529,0.21447721179624665,0.0,0.06568364611260054,0.0,12.917677809962234,80.21226899353202,"{""type"":""MultiPoint"",""coordinates"":[]}"
2147,28.503754855405255,0.18418808130382722,-0.006930763319707579,-0.06707176183560144,0.0,0.0,0.0,0.0,0.0,0.0,1.0,13.045224056436329,80.31882598577305,"{""type"":""MultiPoint"",""coordinates"":[]}"
2148,44.36929552367473,-0.48792476046359334,0.20932074739091353,0.18442359216551024,0.0,0.0,0.1546184738955824,0.8453815261044177,0.0,0.0,0.0,12.950076860906034,79.90797299718862,"{""type"":""MultiPoint"",""coordinates"":[]}"
2149,28.49686030006705,0.16566299264259743,0.019663471843046638,-0.0546208457430041,0.0,0.0,0.0,0.0,0.0,0.0,1.0,12.900657444957153,80.27838456910575,"{""type"":""MultiPoint"",""coordinates"":[]}"
2150,28.289838709356598,0.14379693167734162,-0.013902819337221541,-0.04886738691267722,0.0,0.0,0.0,0.0,0.0,0.0,1.0,13.003864373858246,80.34819717051222,"{""type"":""MultiPoint"",""coordinates"":[]}"
2151,44.96444839939639,-0.5540811109766862,0.16578045232817926,0.3287635524280472,0.0,0.0,0.14419852448021464,0.8558014755197852,0.0,0.0,0.0,13.048045375226145,79.98674229813757,"{""type"":""MultiPoint"",""coordinates"":[]}"
2152,31.065850256963245,0.4906575646521409,-0.1405425555499711,-0.26960044423635143,0.0,0.0,0.0,0.0,0.0,0.0,1.0,13.145837909083191,80.15195804449506,"{""type"":""MultiPoint"",""coordinates"":[]}"
2153,38.958177324615406,-0.436563794534369,0.004117443975345736,0.42847809366389494,0.0,0.0,0.4274247491638796,0.0,0.0,0.5725752508361205,0.0,13.180604302916958,80.06599205471198,"{""type"":""MultiPoint"",""coordinates"":[]}"
2154,40.44653786195435,-0.4805460781127386,-0.020498010848048583,0.49508755109770197,0.0,0.036937541974479515,0.0,0.0,0.0,0.9630624580255205,0.0,12.764555340820005,79.93955194243364,"{""type"":""MultiPoint"",""coordinates"":[]}"
2155,44.80401407771601,-0.56740795857865,0.11389684952799879,0.44140505138763236,0.0,0.0,0.0,1.0,0.0,0.0,0.0,12.738860673102044,80.23173603628034,"{""type"":""MultiPoint"",""coordinates"":[]}"
2156,40.67716698243115,-0.361783335218358,-0.009473336849875145,0.3046083400634409,0.0,0.819341840161182,0.18065815983881797,0.0,0.0,0.0,0.0,12.845035682466563,80.21473271820548,"{""type"":""MultiPoint"",""coordinates"":[]}"
2157,45.815624784346106,-0.35393884534917947,0.060315264202186684,0.2439313351423211,0.0,0.95439302481556,0.04560697518443998,0.0,0.0,0.0,0.0,12.833175245318472,79.9524177779353,"{""type"":""MultiPoint"",""coordinates"":[]}"
2158,41.6313921171065,-0.29865968826875045,0.02723135375180642,0.22404835088871128,0.0,1.0,0.0,0.0,0.0,0.0,0.0,12.935403016021983,80.24291943132168,"{""type"":""MultiPoint"",""coordinates"":[]}"
2159,36.66899254993975,-0.18888754738362962,-0.25681802645189694,0.5616911220201933,0.0,0.0,1.0,0.0,0.0,0.0,0.0,13.15226095702372,80.1370144937437,"{""type"":""MultiPoint"",""coordinates"":[]}"
2160,42.96435536887326,-0.18081446144795998,0.09983119277794573,0.06707998230113076,0.0,1.0,0.0,0.0,0.0,0.0,0.0,12.932814649974757,79.91516374939556,"{""type"":""MultiPoint"",""coordinates"":[]}"
2161,44.21054116106642,-0.352939184058967,0.06606564264888709,0.249976224105431,0.15358819584171696,0.846411804158283,0.0,0.0,0.0,0.0,0.0,12.628386519436726,79.9144166687786,"{""type"":""MultiPoint"",""coordinates"":[]}"
2162,35.492296409691704,-0.37139570900310614,-0.3156753391976128,0.7059662344764258,0.0,0.0,1.0,0.0,0.0,0.0,0.0,12.929033305799129,79.95811239485978,"{""type"":""MultiPoint"",""coordinates"":[]}"
2163,41.183160118657746,-0.563596652761912,0.04562915387977543,0.5135028227437793,0.0,0.0,0.22013422818791945,0.17114093959731544,0.0,0.6087248322147651,0.0,12.863933528337293,80.0335039988953,"{""type"":""MultiPoint"",""coordinates"":[]}"
2164,42.384037010120736,-0.5805031590073321,0.12018795742108869,0.4529750229466234,0.0,0.0,0.4493628437290409,0.5030181086519114,0.0,0.047619047619047616,0.0,12.948651526139985,80.00807810831263,"{""type"":""MultiPoint"",""coordinates"":[]}"
2165,40.46944732152045,-0.32176706321861376,0.014255628654815175,0.27838698459095573,0.0,0.5458807769591426,0.0,0.0,0.0,0.4541192230408573,0.0,13.07282973293722,80.27411468816645,"{""type"":""MultiPoint"",""coordinates"":[]}"
2166,28.36437610415272,0.20110226893605837,-0.02040088144986531,-0.05866277230543868,0.0,0.0,0.0,0.0,0.0,0.0,1.0,12.935098155900482,80.28470533641395,"{""type"":""MultiPoint"",""coordinates"":[]}"
2167,41.42448660956437,-0.3564037664926527,0.09577290935492248,0.22877481301140878,0.0,1.0,0.0,0.0,0.0,0.0,0.0,12.959140337763356,80.24379381452921,"{""type"":""MultiPoint"",""coordinates"":[]}"
2168,28.795072378341185,0.161940178977804,-0.016398428084463536,-0.058639483281382715,0.0,0.0,0.0,0.0,0.0,0.0,1.0,12.61675387757661,80.31987745636674,"{""type"":""MultiPoint"",""coordinates"":[]}"
2169,39.90944975825303,-0.4274109258479877,-0.022482442852485008,0.41768247698377087,0.0,0.24029451137884872,0.0,0.0,0.0,0.7597054886211514,0.0,13.054877665011048,80.16760042732203,"{""type"":""MultiPoint"",""coordinates"":[]}"
2170,42.59860153097383,-0.5942105200872453,0.13883488062964772,0.37846353797721494,0.0,0.0,0.21155137676292812,0.43384822028206843,0.2343854936198791,0.12021490933512423,0.0,12.72715119668391,79.97660970189965,"{""type"":""MultiPoint"",""coordinates"":[]}"
2171,41.862224345785265,-0.3607927025109009,0.1010039159289282,0.217945780528703,0.0,0.8395973154362416,0.0,0.0,0.0,0.1604026845637584,0.0,13.034857675375841,80.17003101477553,"{""type"":""MultiPoint"",""coordinates"":[]}"
2172,28.625803878913494,0.14722071299774336,0.0301491734550598,-0.06329321149341066,0.0,0.0,0.0,0.0,0.0,0.0,1.0,12.667325031711725,80.28345579202073,"{""type"":""MultiPoint"",""coordinates"":[]}"
2173,42.701912021213154,-0.3220070357841012,0.11336049562327265,0.16150412123359045,0.0,1.0,0.0,0.0,0.0,0.0,0.0,13.0490427961754,80.19116596799687,"{""type"":""MultiPoint"",""coordinates"":[]}"
2174,28.634296662786365,0.20509601403186334,-5.210643182113593E-4,-0.06672778953758339,0.0,0.0,0.0,0.0,0.0,0.0,1.0,12.726204300034118,80.27613104197908,"{""type"":""MultiPoint"",""coordinates"":[]}"
2175,39.856560785302435,-0.4206565990657533,-0.02879030794383102,0.3725727385535885,0.0,0.0,1.0,0.0,0.0,0.0,0.0,12.638347267057267,80.09770610450559,"{""type"":""MultiPoint"",""coordinates"":[]}"
2176,28.575844628868072,0.20857365183315438,-0.019797904612724286,-0.06294314753007635,0.0,0.0,0.0,0.0,0.0,0.0,1.0,13.108154848841673,80.32588522839971,"{""type"":""MultiPoint"",""coordinates"":[]}"
2177,34.649032015123936,-0.3672437446968913,-0.28219888299766377,0.6290100952703933,0.0,0.0,1.0,0.0,0.0,0.0,0.0,12.906191565812001,79.99072694628286,"{""type"":""MultiPoint"",""coordinates"":[]}"
2178,29.938170836213175,0.3746901656819883,0.0700490582948537,-0.2168569181097716,0.0,0.0,0.0,0.0,0.0,0.0,1.0,12.781372553458336,80.2578015303717,"{""type"":""MultiPoint"",""coordinates"":[]}"
2179,39.30272865907446,-0.4592846142219722,0.03832593264227552,0.3423036213690191,0.0,0.0,0.9631120053655267,0.0,0.0,0.03688799463447351,0.0,12.683503774253778,80.09756409197232,"{""type"":""MultiPoint"",""coordinates"":[]}"
2180,41.818239655454576,-0.5316612371454208,0.13729700573307455,0.3620553152201788,0.0,0.0,0.8516042780748663,0.14839572192513367,0.0,0.0,0.0,13.13609580570579,80.00049700429992,"{""type"":""MultiPoint"",""coordinates"":[]}"
2181,33.5591780848864,-0.41709963497315194,-0.28868540176364216,0.7530539812418808,0.0,0.0,1.0,0.0,0.0,0.0,0.0,13.15832745060061,79.9502266417672,"{""type"":""MultiPoint"",""coordinates"":[]}"
2182,31.479487700000018,0.36214441995704544,-0.0319452857461299,-0.20081929839176682,0.0,0.0,0.0,0.0,0.0,0.0,0.8743315508021389,13.105844268970207,80.14334462807527,"{""type"":""MultiPoint"",""coordinates"":[]}"
2183,42.634734716342315,-0.2252060499670797,0.054422725804922384,0.11974399845635186,0.0,1.0,0.0,0.0,0.0,0.0,0.0,12.685306240881776,79.98472761082846,"{""type"":""MultiPoint"",""coordinates"":[]}"
2184,28.488927193360176,0.21284890887918242,-0.018339545695702324,-0.06282394809922137,0.0,0.0,0.0,0.0,0.0,0.0,1.0,12.865166628840594,80.26985981319666,"{""type"":""MultiPoint"",""coordinates"":[]}"
2185,28.77866253276812,0.3113193491052591,-0.04651007792184404,-0.0932470805624788,0.0,0.0,0.0,0.0,0.0,0.0,1.0,12.642858786562966,80.22946887610829,"{""type"":""MultiPoint"",""coordinates"":[]}"
2186,43.6184935606439,-0.21043887262896374,-0.00960258721107498,0.23644401002793328,0.0,0.0,0.0,0.266934942991281,0.0,0.0,6.706908115358819E-4,12.72847301034548,80.22489630101575,"{""type"":""MultiPoint"",""coordinates"":[]}"
2187,41.59187871752855,-0.34826696921248884,0.09369211617236921,0.20589358837734906,0.0,0.9046339825386166,0.09536601746138348,0.0,0.0,0.0,0.0,12.935655744540108,80.19947711741752,"{""type"":""MultiPoint"",""coordinates"":[]}"
2188,43.20615129809653,-0.5277322082564576,0.09089323604745934,0.3868651749095142,0.0,0.0,0.8914209115281501,0.10857908847184987,0.0,0.0,0.0,12.856356033391345,80.18831580876834,"{""type"":""MultiPoint"",""coordinates"":[]}"
2189,39.20016685367049,-0.4267344291370085,-0.04876596196980473,0.5024149903487932,0.0,0.0,0.0,0.0,0.0,1.0,0.0,13.070978754923772,79.96869456913349,"{""type"":""MultiPoint"",""coordinates"":[]}"
2190,39.822931812013394,-0.519153960174506,-0.03541689603821337,0.5715076610877297,0.0,0.0,0.4936454849498326,0.0,0.0,0.5063545150501672,0.0,13.076082755217586,80.09503442539913,"{""type"":""MultiPoint"",""coordinates"":[]}"
2191,39.21145038620644,-0.562342129498576,0.16317111872028633,0.3888719041568209,0.0,0.0,0.21581769436997317,0.7841823056300269,0.0,0.0,0.0,13.060799542024375,79.9840112315366,"{""type"":""MultiPoint"",""coordinates"":[]}"
2192,28.934605113471882,0.33388720108602116,-0.07210292411995578,-0.07895615918539363,0.0,0.0,0.0,0.0,0.0,0.0,1.0,12.655633175577796,80.2230302412061,"{""type"":""MultiPoint"",""coordinates"":[]}"
2193,37.85775554609659,-0.39080124287223145,-0.045515238341721054,0.45579897206390896,0.0,0.0,0.005365526492287055,0.0,0.0,0.994634473507713,0.0,12.663488262600113,80.16792832518468,"{""type"":""MultiPoint"",""coordinates"":[]}"
2194,46.33204284210458,-0.53613399498902,0.17826467659438927,0.26676693373753685,0.0,0.0,0.675603217158177,0.324396782841823,0.0,0.0,0.0,12.793751042725562,79.99514398972714,"{""type"":""MultiPoint"",""coordinates"":[]}"
2195,41.1444820850302,-0.5073894519403518,-0.04120690218100011,0.5457890619857232,0.0,0.0,0.056338028169014086,0.0,0.2944332662642522,0.6492287055667337,0.0,12.828771101107007,79.95389063887541,"{""type"":""MultiPoint"",""coordinates"":[]}"
2196,40.89915693684354,-0.4780317860346791,0.02388756334330846,0.4551351582756969,0.0,0.0,1.0,0.0,0.0,0.0,0.0,12.75137082900662,80.06541777391975,"{""type"":""MultiPoint"",""coordinates"":[]}"
2197,44.80233377163199,-0.5530997671554911,3.39887846368535E-4,0.5321840840501271,0.0,0.009402283411685695,0.0,0.9905977165883143,0.0,0.0,0.0,12.699238320272128,80.2245040595088,"{""type"":""MultiPoint"",""coordinates"":[]}"
2198,28.796277431402697,0.24911938699502653,0.009329307696442097,-0.0798852135291097,0.0,0.0,0.0,0.0,0.0,0.0,1.0,12.693391608541042,80.25140230719614,"{""type"":""MultiPoint"",""coordinates"":[]}"
2199,36.511320638064305,-0.3513824127524439,-0.0016318781392690585,0.41651375580671407,0.0,0.0,0.0,0.3315472203616878,0.0,0.26121902210314796,0.018084393837910245,12.87862743864537,80.24119542397034,"{""type"":""MultiPoint"",""coordinates"":[]}"
2200,40.67298268008715,-0.31722702781885637,0.04917160453507035,0.2388441702613743,0.0,0.9684986595174262,0.0,0.0,0.0,0.03150134048257373,0.0,12.935445145939694,80.23442885105503,"{""type"":""MultiPoint"",""coordinates"":[]}"
2201,34.963361997002025,-0.42389824041815927,-0.076264221690102,0.5575586459963487,0.0,0.0,0.0,0.0,0.0,1.0,0.0,13.17882045306857,79.95353401585751,"{""type"":""MultiPoint"",""coordinates"":[]}"
2202,37.63937314795183,-0.4038222142808321,-0.1860018130233989,0.6291360567026251,0.0,0.0,1.0,0.0,0.0,0.0,0.0,13.086244694841993,80.00383254607027,"{""type"":""MultiPoint"",""coordinates"":[]}"
2203,41.595031374906185,-0.16700249224241673,0.09791932555345008,0.028888579715218392,0.0,1.0,0.0,0.0,0.0,0.0,0.0,13.089503208755456,80.11464083975157,"{""type"":""MultiPoint"",""coordinates"":[]}"
2204,42.4094552632552,-0.3482900895866216,0.0249569332249433,0.2698406984785457,0.0,0.24581379772270595,0.20562625586068317,0.0,0.0,0.5485599464166108,0.0,13.192325523221138,80.26047251040873,"{""type"":""MultiPoint"",""coordinates"":[]}"
2205,44.376928185006726,-0.5745740767424556,0.1717072829134407,0.3208614004666834,0.0,0.0,0.0,0.5818791946308723,0.07046979865771812,0.34765100671140936,0.0,12.704079970576153,80.04787472194819,"{""type"":""MultiPoint"",""coordinates"":[]}"
2206,32.733403705843386,0.2566336792696973,-0.2290853294489827,0.14393494478099253,0.0,0.0,0.0,0.0,0.0,0.0,0.0,12.93210257779905,80.15436722847123,"{""type"":""MultiPoint"",""coordinates"":[]}"
2207,38.618740589524464,-0.4264058564719983,-0.11888883042836763,0.5533971395005552,0.0,0.0,1.0,0.0,0.0,0.0,0.0,13.031372176091814,80.0750766793689,"{""type"":""MultiPoint"",""coordinates"":[]}"
2208,42.27253184458754,-0.22539444408473452,0.12334327009474978,0.08228632152225644,0.0,0.9926224010731053,0.0,0.0,0.0,0.007377598926894701,0.0,12.741940136690172,80.12043398991662,"{""type"":""MultiPoint"",""coordinates"":[]}"
2209,38.87013510128277,-0.522903036138284,-0.02351752794940138,0.5144189992577878,0.0,0.0,0.0026863666890530563,0.0,0.0,0.9973136333109469,0.0,12.77727395233067,80.05836078878873,"{""type"":""MultiPoint"",""coordinates"":[]}"
2210,48.70887871475553,-0.5968344574741818,0.23849100047451743,0.28926871366560863,0.0,0.0,0.0,1.0,0.0,0.0,0.0,12.802292281404613,79.92919279976662,"{""type"":""MultiPoint"",""coordinates"":[]}"
2211,36.410795107085306,0.47481894269787006,-0.46045630309584756,0.0894444834203273,0.0,0.0,0.0,0.0,0.0,0.0,1.0,12.75657654455867,80.22608477270322,"{""type"":""MultiPoint"",""coordinates"":[]}"
2212,40.33036756961748,-0.5309302267349587,0.0026340385018601333,0.4964668208148033,0.0,0.0,0.23288590604026851,0.10872483221476512,0.0,0.6583892617449666,0.0,12.627847354089594,79.99075466272876,"{""type"":""MultiPoint"",""coordinates"":[]}"
2213,29.219046560481935,0.281302738884879,0.07341605697906024,-0.15472929166576702,0.0,0.0,0.0,0.0,0.0,0.0,1.0,12.950146805199761,80.26591458621297,"{""type"":""MultiPoint"",""coordinates"":[]}"
2214,28.51399840444669,0.14636075961087647,0.03288540187339518,-0.0592994169291393,0.0,0.0,0.0,0.0,0.0,0.0,1.0,12.731474515351573,80.30056285215026,"{""type"":""MultiPoint"",""coordinates"":[]}"
2215,39.01853560602145,-0.45356885928233287,0.02101661666147497,0.3864174990889789,0.0,0.0,0.2973878097789686,0.15941058271935704,0.0,0.4943067649028802,0.04889484259879438,13.013495399890157,80.07995247677842,"{""type"":""MultiPoint"",""coordinates"":[]}"
2216,44.924945723981246,-0.5159484537818767,0.17980964662340435,0.2649939098262699,0.0,0.08914209115281503,0.07573726541554959,0.8351206434316354,0.0,0.0,0.0,12.90905571376724,80.1154328441735,"{""type"":""MultiPoint"",""coordinates"":[]}"
2217,42.07825967965149,-0.3199241224439338,0.11357152532207,0.13900120893255027,0.0,1.0,0.0,0.0,0.0,0.0,0.0,13.09575888911132,80.23314165186835,"{""type"":""MultiPoint"",""coordinates"":[]}"
2218,45.05751188586738,-0.5583064389432398,0.21459032346620568,0.28388633729135776,0.0,0.0,0.3543201607501674,0.4480910917615539,0.1975887474882786,0.0,0.0,13.001157378999755,80.03135901920305,"{""type"":""MultiPoint"",""coordinates"":[]}"
2219,35.18678567231237,-0.4531085084878036,-0.1939342836899805,0.6816582356804013,0.0,0.0,0.7392761394101877,0.0,0.0,0.26072386058981234,0.0,12.967048313144865,80.07446193151651,"{""type"":""MultiPoint"",""coordinates"":[]}"
2220,42.190841634440744,-0.4348042262439976,0.013166480804847332,0.36710550101049944,0.0,0.7548559946416611,0.0,0.0,0.0,0.24514400535833888,0.0,12.903277933866876,80.18877511405701,"{""type"":""MultiPoint"",""coordinates"":[]}"
2221,39.1741351336376,-0.5353641279926231,-0.008019780484694216,0.528057628294236,0.0,0.0,0.0,0.26778523489932893,0.0,0.7322147651006712,0.0,12.64367601947377,79.97094102362333,"{""type"":""MultiPoint"",""coordinates"":[]}"
2222,39.25188359263406,-0.46923436106859245,0.006727936917223181,0.4729092274542007,0.0,0.0,0.7084450402144772,0.2613941018766756,0.0,0.030160857908847184,0.0,12.858548434732501,80.10373498948364,"{""type"":""MultiPoint"",""coordinates"":[]}"
2223,34.02340839095306,0.08578476615934691,-0.17112237060142566,0.1986288577144699,0.0,0.0,0.3040268456375839,0.6959731543624161,0.0,0.0,0.0,12.793530707317093,79.99827369677705,"{""type"":""MultiPoint"",""coordinates"":[]}"
2224,37.91535640426563,-0.4046718749513768,-0.1999417316957767,0.5862995813139705,0.0,0.0,1.0,0.0,0.0,0.0,0.0,12.836647271794126,80.10652117279257,"{""type"":""MultiPoint"",""coordinates"":[]}"
2225,36.966319081393195,-0.36883582879567023,-0.03488407457536141,0.4250665198653463,0.0,0.006697923643670464,0.24648359008707305,0.7468184862692567,0.0,0.0,0.0,12.888901629740777,80.12984074846439,"{""type"":""MultiPoint"",""coordinates"":[]}"
2226,42.21742743773914,-0.38728286259896855,0.1403485603146572,0.17441128919962362,0.0,0.4842809364548495,0.0,0.2588628762541806,0.0,0.2568561872909699,0.0,13.179905924455221,80.25083786020748,"{""type"":""MultiPoint"",""coordinates"":[]}"
2227,32.95411988838474,0.20797147669295218,0.1925384585223649,-0.24150937118625007,0.0,0.0,0.0,0.0,0.0,0.0,1.0,12.780369783595964,79.91266184856732,"{""type"":""MultiPoint"",""coordinates"":[]}"
2228,43.53360724292701,-0.5341448101971092,0.1583829372642043,0.3244028194583712,0.0,0.19223040857334225,0.5740120562625585,0.12123241795043536,0.0,0.11252511721366375,0.0,13.033410240304665,79.95547569743533,"{""type"":""MultiPoint"",""coordinates"":[]}"
2229,39.979455654865966,-0.36176372063000944,-0.019705167170709498,0.4543962453821848,0.0,0.0,0.0,0.07573726541554959,0.2399463806970509,0.6843163538873994,0.0,13.049246177250636,79.95711560791555,"{""type"":""MultiPoint"",""coordinates"":[]}"
2230,39.9036452541689,-0.5483250117852767,-0.06383961311648483,0.6292262303172917,0.0,0.0,0.0,0.0,0.0,1.0,0.0,13.140233609008247,80.07192946821455,"{""type"":""MultiPoint"",""coordinates"":[]}"
2231,41.290327550421694,-0.39679838333213757,0.03687305087580935,0.3286095235122621,0.0,0.7831325301204821,0.0,0.0,0.0,0.21686746987951808,0.0,13.149925663647007,80.21036538733532,"{""type"":""MultiPoint"",""coordinates"":[]}"
2232,41.85725958177928,-0.28802641762154924,0.10511741243643492,0.1414360493777231,0.0,0.8381270903010034,0.0,0.0,0.0,0.16187290969899665,0.0,13.175711009875009,80.2619208498205,"{""type"":""MultiPoint"",""coordinates"":[]}"
2233,40.68664717560536,-0.36002511821720706,0.1860908042032616,0.09839944488548615,1.0,0.0,0.0,0.0,0.0,0.0,0.0,13.17093351730101,80.14251470611941,"{""type"":""MultiPoint"",""coordinates"":[]}"
2234,37.31911011843836,-0.33033017809121523,-0.23053323760688121,0.546417995304082,0.0,0.0,1.0,0.0,0.0,0.0,0.0,12.885376594587061,80.16531637890031,"{""type"":""MultiPoint"",""coordinates"":[]}"
2235,38.34612084963857,-0.5117302706370511,0.025730019987096987,0.4310674193565624,0.0,0.0,0.39491298527443097,0.0,0.0,0.6050870147255689,0.0,13.084734628882915,79.94470925046708,"{""type"":""MultiPoint"",""coordinates"":[]}"
2236,28.471118623304314,0.12607234262874595,0.021130934793848918,-0.05414565151481556,0.0,0.0,0.0,0.0,0.0,0.0,1.0,12.790788123263058,80.34405512996918,"{""type"":""MultiPoint"",""coordinates"":[]}"
2237,28.409586671445815,0.24897278492510866,-0.02722779404637778,-0.08344377661688736,0.0,0.0,0.0,0.0,0.0,0.0,1.0,13.121521106935436,80.31588233937924,"{""type"":""MultiPoint"",""coordinates"":[]}"
2238,41.283344376186356,-0.5546888938515063,0.078712845090275,0.4453804458828649,0.0,0.0,0.12064343163538875,0.8793565683646112,0.0,0.0,0.0,12.771842806394407,80.19362318194706,"{""type"":""MultiPoint"",""coordinates"":[]}"
2239,42.12813368878445,-0.5515488408245379,0.09319479676666277,0.42496344261464464,0.0,0.0,0.0,0.012760241773002015,0.987239758226998,0.0,0.0,12.639207989395711,79.92513210747782,"{""type"":""MultiPoint"",""coordinates"":[]}"
2240,34.45317996330647,-0.4159408162237807,-0.23619082932406651,0.6233112672784636,0.0,0.0,1.0,0.0,0.0,0.0,0.0,12.768333583921892,80.0625500105846,"{""type"":""MultiPoint"",""coordinates"":[]}"
2241,43.258315404828984,-0.4656884221835808,0.13784908055141762,0.2426426228288746,0.41448692152917505,0.0,0.0,0.5533199195171027,0.03219315895372234,0.0,0.0,12.771326042747155,80.12297167214253,"{""type"":""MultiPoint"",""coordinates"":[]}"
2242,42.248899901644315,-0.46464396709744327,0.0566615670369162,0.3341293504920077,0.0,0.12080536912751677,0.48724832214765107,0.19395973154362417,0.0,0.19798657718120807,0.0,12.924604029412095,80.20050585952383,"{""type"":""MultiPoint"",""coordinates"":[]}"
2243,37.697114879966534,-0.5720331033986112,-0.05626706458522301,0.659570919195319,0.0,0.0,0.0,0.0,0.0,1.0,0.0,13.191301430441293,80.1276765374615,"{""type"":""MultiPoint"",""coordinates"":[]}"
2244,39.55093743134812,-0.5342662216098442,-0.0698832220247558,0.634490297680339,0.0,0.0,0.0,0.0,0.0,1.0,0.0,12.755912799393325,79.92792108076749,"{""type"":""MultiPoint"",""coordinates"":[]}"
2245,28.740288794519834,0.14991362432667416,0.010058697804957167,-0.0654901770980496,0.0,0.0,0.0,0.0,0.0,0.0,1.0,12.600580388732517,80.30641020855556,"{""type"":""MultiPoint"",""coordinates"":[]}"
2246,39.88487408820927,-0.48312849340065417,0.015851835572284832,0.4587074163551326,0.0,0.18846411804158286,0.05097250167672703,0.0,0.0,0.7605633802816902,0.0,12.62661761658873,80.13897942699863,"{""type"":""MultiPoint"",""coordinates"":[]}"
2247,39.933068160355965,-0.19750991217484215,-0.008636228031718853,0.21024609674610414,0.0,0.0,0.1134989926124916,0.08797850906648758,0.0,0.0,0.0,12.623647385822055,80.18520258022451,"{""type"":""MultiPoint"",""coordinates"":[]}"
2248,41.904496369154955,-0.6170893917809145,0.13638961223600304,0.4850696334502882,0.0,0.0,0.6384976525821596,0.36150234741784043,0.0,0.0,0.0,12.770808309509443,79.93227271635966,"{""type"":""MultiPoint"",""coordinates"":[]}"
2249,44.32751393054254,-0.3350677782323895,-0.10597387378208747,0.4301494064740395,0.0,0.8559946416610851,0.0,0.0,0.0,0.14400535833891495,0.0,12.995626146416935,79.99482528145396,"{""type"":""MultiPoint"",""coordinates"":[]}"
2250,43.294439075422275,-0.33356383472690354,0.062322152375103676,0.20825435972547057,0.0,1.0,0.0,0.0,0.0,0.0,0.0,12.892484504323646,80.17725475187662,"{""type"":""MultiPoint"",""coordinates"":[]}"
2251,28.564917156065704,0.14444246168147015,0.035206522520777585,-0.06882821057574329,0.0,0.0,0.0,0.0,0.0,0.0,1.0,12.777145733023776,80.31030628525457,"{""type"":""MultiPoint"",""coordinates"":[]}"
2252,36.099377966820946,-0.46099882388159624,-0.2433029988615262,0.7006713127611554,0.0,0.0,1.0,0.0,0.0,0.0,0.0,12.780074670214386,79.94298913851028,"{""type"":""MultiPoint"",""coordinates"":[]}"
2253,28.639178299597052,0.17795288644917293,-0.003456240054707562,-0.049950613044695204,0.0,0.0,0.0,0.0,0.0,0.0,1.0,12.890144085325124,80.28629380034702,"{""type"":""MultiPoint"",""coordinates"":[]}"
2254,39.5012534960966,-0.41374449480645376,0.021935974286561712,0.3580710252073469,0.0,0.30985915492957744,0.0,0.0,0.0,0.6901408450704227,0.0,12.881687222404313,80.06394148661742,"{""type"":""MultiPoint"",""coordinates"":[]}"
2255,39.29037236206967,-0.4165109770097707,-0.12593326775448074,0.5446387251648908,0.0,0.0,1.0,0.0,0.0,0.0,0.0,12.677532120795448,79.93438452671606,"{""type"":""MultiPoint"",""coordinates"":[]}"
2256,39.27586123027464,-0.4174404486694893,-0.143841983036734,0.550881644931307,0.0,0.0,1.0,0.0,0.0,0.0,0.0,13.094950007191276,79.97407648276112,"{""type"":""MultiPoint"",""coordinates"":[]}"
2257,46.633645307285555,-0.5243426003730797,0.16343008964394826,0.3111059072961047,0.0,0.33310991957104563,0.0,0.6668900804289545,0.0,0.0,0.0,12.852459016192102,80.19515894057358,"{""type"":""MultiPoint"",""coordinates"":[]}"
2258,44.585081015060425,-0.5137687618681749,0.14108528635551362,0.3320916468330455,0.0,0.25100671140939596,0.0,0.748993288590604,0.0,0.0,0.0,12.68779797721341,80.1906766164088,"{""type"":""MultiPoint"",""coordinates"":[]}"
2259,40.78279733704821,-0.5652626802337569,0.022034846087799764,0.5351414891186005,0.0,0.0,0.0,0.0,0.03614457831325302,0.963855421686747,0.0,13.188828498669226,79.93289587453651,"{""type"":""MultiPoint"",""coordinates"":[]}"
2260,44.56530123153694,-0.5416973502031371,0.15044794862213853,0.3633741909019189,0.0,0.0,0.0,0.1912751677852349,0.808724832214765,0.0,0.0,12.865246750228495,79.95392904947005,"{""type"":""MultiPoint"",""coordinates"":[]}"
2261,42.882311546385566,-0.45048953896476246,0.07061293918707033,0.3111234046461501,0.0,0.0,0.7396251673360108,0.16733601070950466,0.0,0.09303882195448458,0.0,13.081845693092246,80.03057841738901,"{""type"":""MultiPoint"",""coordinates"":[]}"
2262,28.67294560252012,0.194506632214479,-0.02191266673052451,-0.05402024435341835,0.0,0.0,0.0,0.0,0.0,0.0,1.0,12.637738086990325,80.27715591942263,"{""type"":""MultiPoint"",""coordinates"":[]}"
2263,45.14884321571717,-0.5675903035572808,0.13371548837551686,0.3101769824855255,0.0,0.0,0.0,1.0,0.0,0.0,0.0,12.646943854549136,80.08798937275475,"{""type"":""MultiPoint"",""coordinates"":[]}"
2264,29.554729613858022,0.4205243554675563,0.0695262211604628,-0.26505425447726116,0.0,0.0,0.0,0.0,0.0,0.0,1.0,12.793716465966922,80.25573158179705,"{""type"":""MultiPoint"",""coordinates"":[]}"
2265,39.39268608704546,-0.3467615914269606,0.005432220778069945,0.3182847166557362,0.0,0.7172459893048129,0.0,0.0,0.0,0.2827540106951872,0.0,13.159812379162988,80.25405017403426,"{""type"":""MultiPoint"",""coordinates"":[]}"
2266,44.78725345710068,-0.4105161785505598,0.06589637831887153,0.2745010629810071,0.0,0.1181208053691275,0.4302013422818791,0.4516778523489932,0.0,0.0,0.0,12.73679582485757,80.1394324608684,"{""type"":""MultiPoint"",""coordinates"":[]}"
2267,41.1860338966019,-0.4883133123851282,0.13412477036393233,0.2824459279092843,0.0,0.0,0.3471849865951742,0.5904825737265414,0.0,0.062332439678284175,0.0,12.618095341951747,80.09970409043562,"{""type"":""MultiPoint"",""coordinates"":[]}"
2268,41.683738323550344,-0.5968590470651165,0.08847327371969733,0.44335708177880034,0.0,0.0,0.0,0.7409395973154362,0.25906040268456376,0.0,0.0,12.639526398370581,79.98517745870369,"{""type"":""MultiPoint"",""coordinates"":[]}"
2269,42.84327241154931,-0.5818959230595365,0.10975246086104355,0.4436328866579954,0.0,0.0,0.038900067069081154,0.2340710932260228,0.5895372233400401,0.1374916163648558,0.0,13.049953783801666,79.96983666519517,"{""type"":""MultiPoint"",""coordinates"":[]}"
2270,42.16715569042897,-0.28984957474316847,0.09186532155615798,0.13709694857359944,0.0,1.0,0.0,0.0,0.0,0.0,0.0,13.0858147079431,80.29184884845621,"{""type"":""MultiPoint"",""coordinates"":[]}"
2271,28.484256357847094,0.2037260955709537,-0.02995827210505236,-0.06340080742560973,0.0,0.0,0.0,0.0,0.0,0.0,1.0,13.02859825008226,80.31128736624248,"{""type"":""MultiPoint"",""coordinates"":[]}"
2272,43.27946383421303,-0.3665392449240281,0.10812417339379458,0.2036369043045048,0.0,1.0,0.0,0.0,0.0,0.0,0.0,12.94065352634509,80.14491627441501,"{""type"":""MultiPoint"",""coordinates"":[]}"
2273,38.297876627766605,-0.4226713301392092,-0.2091295666095223,0.6169144268962744,0.0,0.0,1.0,0.0,0.0,0.0,0.0,12.770266088657417,79.95941870208503,"{""type"":""MultiPoint"",""coordinates"":[]}"
2274,44.73636969157719,-0.452098952039222,0.15890999127395275,0.2305907068572899,0.0,0.0,0.0,1.0,0.0,0.0,0.0,12.763233992011347,80.21604732805706,"{""type"":""MultiPoint"",""coordinates"":[]}"
2275,40.92011068536147,-0.42645642045815574,0.019684857669747185,0.38503053426096645,0.0,0.8487282463186078,0.0,0.0,0.0,0.15127175368139226,0.0,13.117080689264638,80.05947016790032,"{""type"":""MultiPoint"",""coordinates"":[]}"
2276,28.943311803158988,0.2118529422025476,0.004314921838001426,-0.06751704086293382,0.0,0.0,0.0,0.0,0.0,0.0,1.0,12.80925591779133,80.2738796791967,"{""type"":""MultiPoint"",""coordinates"":[]}"
2277,44.411826925971866,-0.588266639795781,0.2154332425283501,0.3044613835406849,0.0,0.0,0.7841823056300267,0.21581769436997317,0.0,0.0,0.0,12.827795694274174,79.97535161329272,"{""type"":""MultiPoint"",""coordinates"":[]}"
2278,38.92208806327761,-0.4531531612061747,-0.05984455139243609,0.5054037895144745,0.0,0.0,0.9438127090301003,0.0,0.0,0.05618729096989967,0.0,13.192090525258063,80.07199964893033,"{""type"":""MultiPoint"",""coordinates"":[]}"
2279,41.369261162891576,-0.35796834522073623,0.049613541523045056,0.27493377285358006,0.0,0.9852744310575635,0.0,0.0,0.0,0.014725568942436412,0.0,13.124322251058777,80.07498332756606,"{""type"":""MultiPoint"",""coordinates"":[]}"
2280,36.120998953418095,-0.10701328323448153,-0.1546132105821997,0.33820633085103663,0.0,0.0,0.14648829431438132,0.853511705685619,0.0,0.0,0.0,12.817723285692876,79.9607698914362,"{""type"":""MultiPoint"",""coordinates"":[]}"
2281,43.46116263654133,-0.5288593109373866,0.13410740887005837,0.34931773062595206,0.0,0.0,0.9946272666218939,0.0,0.0,0.005372733378106113,0.0,12.763346405411134,79.92940536424663,"{""type"":""MultiPoint"",""coordinates"":[]}"
2282,43.314740639424016,-0.3277088900018665,0.18619421068067213,0.07345383005615051,0.0,0.9310113864701943,0.0,0.008037508372404556,0.0,0.06095110515740121,0.0,13.017836618593181,79.92095142564432,"{""type"":""MultiPoint"",""coordinates"":[]}"
2283,40.83026574573246,-0.30511731105967993,0.036590830201494305,0.22980391302228234,0.0,0.4662207357859531,0.0,0.0,0.0,0.5337792642140466,0.0,13.182206324363934,80.21978155660334,"{""type"":""MultiPoint"",""coordinates"":[]}"
2284,44.078337143132565,-0.49550994620907435,0.1650542587473656,0.24113422013972913,0.0,0.21017402945113783,0.30522088353413646,0.4846050870147255,0.0,0.0,0.0,13.163793912751716,80.1172038051853,"{""type"":""MultiPoint"",""coordinates"":[]}"
2285,28.363875954906188,0.13464826507772704,-0.0013710339662524832,-0.056427821625080046,0.0,0.0,0.0,0.0,0.0,0.0,1.0,13.004457455867172,80.3376178537804,"{""type"":""MultiPoint"",""coordinates"":[]}"
2286,34.30115270457833,-0.31778793276114287,-0.3060794082070955,0.6660604489370768,0.0,0.0,1.0,0.0,0.0,0.0,0.0,13.196348554870694,80.06304474909894,"{""type"":""MultiPoint"",""coordinates"":[]}"
2287,41.30978495971833,-0.5289410652975768,-0.06824334696092016,0.5904298810652001,0.0,0.0,0.0,0.0,0.0,1.0,0.0,12.680511992399007,80.21257829173118,"{""type"":""MultiPoint"",""coordinates"":[]}"
2288,28.601561382937646,0.20065390917158807,-0.014034845661553795,-0.057215138450592104,0.0,0.0,0.0,0.0,0.0,0.0,1.0,12.782831706858955,80.28758726723254,"{""type"":""MultiPoint"",""coordinates"":[]}"
2289,29.529144504892635,0.30455473112825104,0.08443600241423818,-0.18174558648986622,0.0,0.0,0.0,0.0,0.0,0.0,1.0,12.740934394655074,80.2469577972008,"{""type"":""MultiPoint"",""coordinates"":[]}"
2290,41.994621689210724,-0.3495683508051276,0.09071938846380176,0.21514832818462992,0.0,1.0,0.0,0.0,0.0,0.0,0.0,13.051171958044893,80.20085853132147,"{""type"":""MultiPoint"",""coordinates"":[]}"
2291,44.193083008006695,-0.41559094988907047,0.11968436196162006,0.2145138085325218,0.0,0.0,0.890969899665552,0.0,0.04548494983277592,0.06354515050167224,0.0,13.134818227203201,80.26354806294704,"{""type"":""MultiPoint"",""coordinates"":[]}"
2292,38.778392902066905,-0.49560193425579285,-0.15098723839182898,0.6452487906296515,0.0,0.1551839464882943,0.0,0.0,0.0,0.8448160535117056,0.0,13.101468939435051,80.2389910785291,"{""type"":""MultiPoint"",""coordinates"":[]}"
2293,40.83703618559652,-0.5079890579377033,0.09165006358804019,0.3666085919924162,0.0,0.030160857908847184,0.47453083109919564,0.053619302949061656,0.0,0.4416890080428954,0.0,13.042758083801242,80.01026568661969,"{""type"":""MultiPoint"",""coordinates"":[]}"
2294,42.065861685324435,-0.3378645681779645,0.07388767209188873,0.2338396765225214,0.0,0.3638795986622073,0.0,0.18929765886287628,0.0,0.44682274247491643,0.0,13.079942678312031,80.07536586165594,"{""type"":""MultiPoint"",""coordinates"":[]}"
2295,36.594924769315455,-0.5842671699229699,0.006027580314554601,0.6157247800974915,0.0,0.0,0.0,0.0,0.0,1.0,0.0,12.618620535049022,80.04000709127561,"{""type"":""MultiPoint"",""coordinates"":[]}"
2296,44.79460163890753,-0.5200003800918982,0.18865504351839305,0.24867047097864245,0.0,0.0,1.0,0.0,0.0,0.0,0.0,12.920698736304447,79.97857242222588,"{""type"":""MultiPoint"",""coordinates"":[]}"
2297,28.64058895742629,0.16764286573928983,0.028603839698212417,-0.07108783275855739,0.0,0.0,0.0,0.0,0.0,0.0,1.0,12.715464290875621,80.29111231897308,"{""type"":""MultiPoint"",""coordinates"":[]}"
2298,40.263417180267936,-0.3589874327388766,0.03904552067344018,0.2843660326742139,0.0,0.8914936369725385,0.0,0.0,0.0,0.10850636302746149,0.0,13.109075677116994,80.25729966284483,"{""type"":""MultiPoint"",""coordinates"":[]}"
2299,38.739187500691294,-0.4860016360115743,-0.08736727010646016,0.5705659351824031,0.0,0.08724832214765102,0.19328859060402684,0.0,0.0,0.7194630872483222,0.0,12.744584787212235,79.90866251299819,"{""type"":""MultiPoint"",""coordinates"":[]}"
2300,40.87816787367471,-0.35737149608797575,0.08015857213239211,0.2229495671224386,0.0,1.0,0.0,0.0,0.0,0.0,0.0,13.170411316734436,80.19788631704904,"{""type"":""MultiPoint"",""coordinates"":[]}"
2301,36.315429374161106,-0.5517180968258318,-0.0028359237892770788,0.5918396003711349,0.0,0.0,0.0,0.0,0.0,1.0,0.0,12.704468813956783,80.0401408256814,"{""type"":""MultiPoint"",""coordinates"":[]}"
2302,39.133319723074365,-0.3819593038635483,-0.2315760799937041,0.6108287393052407,0.0,0.0,1.0,0.0,0.0,0.0,0.0,12.854293310305108,79.97991671959741,"{""type"":""MultiPoint"",""coordinates"":[]}"
2303,34.06827631957747,-0.4950955724769876,-0.1984454930821617,0.7096558050827999,0.0,0.0,0.5244802146210596,0.0,0.0,0.47551978537894024,0.0,12.609889515262795,79.97077345493167,"{""type"":""MultiPoint"",""coordinates"":[]}"
2304,28.95944595792758,0.19764289306055258,-0.017955093044484685,-0.06303670541135438,0.0,0.0,0.0,0.0,0.0,0.0,1.0,12.60206912188036,80.25292739169235,"{""type"":""MultiPoint"",""coordinates"":[]}"
2305,35.67159462541193,-0.30896258555420886,-0.12018309506940965,0.5132664435424535,0.0,0.0,0.0,0.0,0.056262558606831874,0.9437374413931682,0.0,13.076740101635226,80.1056488258511,"{""type"":""MultiPoint"",""coordinates"":[]}"
2306,41.52360429551241,-0.5674487426512982,0.0796686668011439,0.46689474185836605,0.0,0.0,0.7340924313462827,0.0,0.0,0.26590756865371734,0.0,12.655147340422296,79.94084325493712,"{""type"":""MultiPoint"",""coordinates"":[]}"
2307,28.367827754168925,0.20644587761468555,-0.021514308757943433,-0.05452778400858659,0.0,0.0,0.0,0.0,0.0,0.0,1.0,12.955355238235507,80.28724424939249,"{""type"":""MultiPoint"",""coordinates"":[]}"
2308,39.806905467535195,-0.5363560271354247,-0.02657149769041359,0.5432433514481703,0.0,0.0,0.11721366376423309,0.0,0.0,0.882786336235767,0.0,12.876202415123014,80.06565800646248,"{""type"":""MultiPoint"",""coordinates"":[]}"
2309,38.58810934457833,-0.570083507758711,0.1169751190610461,0.4195841387372556,0.0,0.0,0.7054886211512718,0.2704149933065596,0.0,0.024096385542168676,0.0,13.183993642034704,79.95023684532987,"{""type"":""MultiPoint"",""coordinates"":[]}"
2310,43.32459052253012,-0.35454830730002895,0.07130843530434978,0.2290406754842604,0.0,0.8346720214190093,0.0,0.0,0.0,0.1653279785809906,0.0,12.980501195220919,80.13886692453892,"{""type"":""MultiPoint"",""coordinates"":[]}"
2311,40.03003677865191,-0.5176178166120345,-0.036389298193199394,0.5623141714975124,0.0,0.0,0.020791415157612337,0.0,0.0,0.9792085848423876,0.0,12.828156008855402,80.11727482461104,"{""type"":""MultiPoint"",""coordinates"":[]}"
2312,41.51870849124583,-0.33373254869234203,0.0454367729712112,0.24687114863052068,0.0,1.0,0.0,0.0,0.0,0.0,0.0,13.10222714096648,80.21024936680118,"{""type"":""MultiPoint"",""coordinates"":[]}"
2313,42.178184555481955,-0.36490336942492246,0.12877324707312224,0.1921147896820843,0.0,1.0,0.0,0.0,0.0,0.0,0.0,13.11035213951784,80.23572151281515,"{""type"":""MultiPoint"",""coordinates"":[]}"
2314,39.90831270608436,-0.5195728199113901,0.0506288771281385,0.46208105672522864,0.0,0.0,0.5441767068273091,0.0,0.0,0.45582329317269077,0.0,13.158474612331746,80.00264397728922,"{""type"":""MultiPoint"",""coordinates"":[]}"
2315,29.05361498008046,0.1798839057226076,0.004641442550993823,-0.07976703751464423,0.0,0.0,0.0,0.0,0.0,0.0,1.0,12.623925535254081,80.30539275787882,"{""type"":""MultiPoint"",""coordinates"":[]}"
2316,41.555114766005374,-0.32856275172537497,0.07349251556379567,0.2038229500084591,0.0,1.0,0.0,0.0,0.0,0.0,0.0,12.972283211031618,80.12796530071861,"{""type"":""MultiPoint"",""coordinates"":[]}"
2317,38.427951545986616,-0.25848966090412895,-0.04001917013246783,0.2747860513533877,0.0,0.4738255033557047,0.0,0.2785234899328859,0.0,0.00738255033557047,0.24026845637583896,12.806985367936472,80.2472923806287,"{""type"":""MultiPoint"",""coordinates"":[]}"
2318,40.862610620662664,-0.34944547622872657,0.10140545839121108,0.2239693542822347,0.0,1.0,0.0,0.0,0.0,0.0,0.0,13.136352162251404,80.2528723020855,"{""type"":""MultiPoint"",""coordinates"":[]}"
2319,37.75562471955097,-0.4795668793188331,-0.10762797255506958,0.5908131315356353,0.0,0.257372654155496,0.0,0.0,0.0,0.7426273458445039,0.0,12.916083485255736,80.03867088787081,"{""type"":""MultiPoint"",""coordinates"":[]}"
2320,41.05278953450406,-0.47494505317595875,0.026650116695147375,0.38706668906587766,0.0,0.12801608579088475,0.29892761394101885,0.0,0.0,0.5730563002680966,0.0,12.902245425080062,79.91291021370584,"{""type"":""MultiPoint"",""coordinates"":[]}"
2321,28.728090226375855,0.15921108881146867,0.0015876793612561919,-0.06460415066973352,0.0,0.0,0.0,0.0,0.0,0.0,1.0,12.770973512877235,80.33163609401817,"{""type"":""MultiPoint"",""coordinates"":[]}"
2322,41.81631964899332,-0.5407245832475879,0.0029938153835493164,0.5301520100475212,0.0,0.0,0.37382550335570475,0.0,0.0,0.6261744966442954,0.0,12.783793580133398,80.00197509981706,"{""type"":""MultiPoint"",""coordinates"":[]}"
2323,38.950646249110385,-0.48121923704778347,-0.16371741365246417,0.6422742678043917,0.0,0.0,0.0,0.0,0.0,1.0,0.0,13.19050207639176,79.96410854151956,"{""type"":""MultiPoint"",""coordinates"":[]}"
2324,37.373648375392364,-0.506931233285059,-0.08909111577481192,0.6167281908426436,0.0,0.0,0.0,0.0,0.0,1.0,0.0,12.82239425511312,80.18261824736652,"{""type"":""MultiPoint"",""coordinates"":[]}"
2325,41.536962732685886,-0.3157634482155026,0.05278382419628769,0.21147478614167164,0.0,1.0,0.0,0.0,0.0,0.0,0.0,12.984884121363557,80.2026137128511,"{""type"":""MultiPoint"",""coordinates"":[]}"
2326,39.079431892919494,-0.491343062894169,-0.08812309271974184,0.5979243916279092,0.0,0.0,0.10939597315436243,0.0,0.0,0.8906040268456377,0.0,12.717823468276663,79.9305074943353,"{""type"":""MultiPoint"",""coordinates"":[]}"
2327,42.0078672530161,-0.29613473287792874,0.04938789949693836,0.18482644353984462,0.0,1.0,0.0,0.0,0.0,0.0,0.0,12.96896961681336,80.2104393188428,"{""type"":""MultiPoint"",""coordinates"":[]}"
2328,41.22652400618061,-0.3378907551028057,0.12863598717259855,0.1510859104824703,0.0,0.9993311036789297,0.0,0.0,0.0,6.688963210702342E-4,0.0,13.04211209404354,80.2746637837852,"{""type"":""MultiPoint"",""coordinates"":[]}"
2329,29.1779058062978,0.3122649135623183,0.03881582844817311,-0.13447555872736092,0.0,0.0,0.0,0.0,0.0,0.0,1.0,12.71036616929674,80.23664923779793,"{""type"":""MultiPoint"",""coordinates"":[]}"
2330,28.320315493132547,0.19228607210852036,0.003343695325189019,-0.07160268103622701,0.0,0.0,0.0,0.0,0.0,0.0,1.0,13.013730164574904,80.30471502174214,"{""type"":""MultiPoint"",""coordinates"":[]}"
2331,38.22842943783513,-0.5160188037506664,-0.06969384029643996,0.6364175756687146,0.0,0.0,0.2339142091152815,0.0,0.0,0.7660857908847186,0.0,12.847378102268753,80.0796353148097,"{""type"":""MultiPoint"",""coordinates"":[]}"
2332,38.0854133187952,-0.517098911225208,-0.05434718406151549,0.5955228049349617,0.0,0.0,1.0,0.0,0.0,0.0,0.0,13.153727238631289,79.95520500757294,"{""type"":""MultiPoint"",""coordinates"":[]}"
2333,28.874673963953033,0.16462438327914108,-0.008573138415109793,-0.05881774395092358,0.0,0.0,0.0,0.0,0.0,0.0,1.0,12.62836319146363,80.31128245132165,"{""type"":""MultiPoint"",""coordinates"":[]}"
2334,38.61881795068367,-0.5076651716114909,-0.09529016384536097,0.5930226979431462,0.0,0.12600536193029493,0.435656836461126,0.0,0.0,0.43833780160857916,0.0,12.647740784376234,80.00059484906794,"{""type"":""MultiPoint"",""coordinates"":[]}"
2335,41.083438639578056,-0.5427299388412313,0.06968972734077573,0.4365387008596,0.0,0.0,0.09310113864701941,0.2772940388479571,0.0,0.6296048225050234,0.0,12.812518797932565,80.12026727036445,"{""type"":""MultiPoint"",""coordinates"":[]}"
2336,42.25978476195172,-0.5489596882686449,0.029443529147805115,0.5103404538354402,0.0,0.0,0.193158953722334,0.0,0.27900737759892685,0.527833668678739,0.0,12.939252325665688,79.94007418886393,"{""type"":""MultiPoint"",""coordinates"":[]}"
2337,41.13604649801343,-0.49249157469441385,-0.028480328346632257,0.3874443149970728,0.0,0.0,1.0,0.0,0.0,0.0,0.0,12.668923129849412,80.04910353104034,"{""type"":""MultiPoint"",""coordinates"":[]}"
2338,28.462406657669153,0.18831746115854509,-0.02374819423427099,-0.06015331578684762,0.0,0.0,0.0,0.0,0.0,0.0,1.0,13.13161978838418,80.34477346642284,"{""type"":""MultiPoint"",""coordinates"":[]}"
2339,28.614625967766628,0.13071211058290802,0.0441480659060001,-0.0783136438572552,0.0,0.0,0.0,0.0,0.0,0.0,1.0,12.747009452329419,80.30543777826571,"{""type"":""MultiPoint"",""coordinates"":[]}"
2340,29.233410392044245,0.272725845081245,-0.030015877000904422,-0.07154099462147905,0.0,0.0,0.0,0.0,0.0,0.0,1.0,12.80843280365592,80.26866080733315,"{""type"":""MultiPoint"",""coordinates"":[]}"
2341,41.22407998718501,-0.31116354659347445,0.08454637411490175,0.17713271875555414,0.0,1.0,0.0,0.0,0.0,0.0,0.0,12.973400072489204,80.23859403406746,"{""type"":""MultiPoint"",""coordinates"":[]}"
2342,29.06808787263583,0.15954740151860494,-0.018311066069985935,-0.04120489124836447,0.0,0.0,0.0,0.0,0.0,0.0,1.0,12.600484853706847,80.27539170244583,"{""type"":""MultiPoint"",""coordinates"":[]}"
2343,43.398003816046995,-0.5551638513445127,0.13325255655534493,0.4160291263412722,0.0,0.0,0.0,0.4879194630872483,0.0,0.5120805369127517,0.0,12.695980119210494,80.15752656048443,"{""type"":""MultiPoint"",""coordinates"":[]}"
2344,28.565078664383392,0.1865288700407323,-0.029044129956113607,-0.04725826082331085,0.0,0.0,0.0,0.0,0.0,0.0,1.0,12.872691600063304,80.29346236187207,"{""type"":""MultiPoint"",""coordinates"":[]}"
2345,37.836973252913616,-0.5762771680026683,0.0025732774961302472,0.5892350369311575,0.0,0.0,0.10247823174815808,0.0,0.0,0.8975217682518418,0.0,13.120455611830144,79.97781282712933,"{""type"":""MultiPoint"",""coordinates"":[]}"
2346,43.33506993391567,-0.5360980827378741,0.1715176213099453,0.32377810169423865,0.0,0.0,0.286479250334672,0.6613119143239625,0.05220883534136546,0.0,0.0,13.037069379180412,79.999764962298,"{""type"":""MultiPoint"",""coordinates"":[]}"
2347,39.213817485060275,-0.46185343756723346,0.12656652093603848,0.26404354535486124,0.0,0.0,0.16131191432396252,0.2536813922356091,0.0,0.5850066934404284,0.0,12.80627008031368,80.10063131641833,"{""type"":""MultiPoint"",""coordinates"":[]}"
2348,39.843557539275665,-0.481358987127329,-0.008889414673786481,0.4469830486783005,0.0,0.5539906103286385,0.44399731723675384,0.0,0.0,0.002012072434607646,0.0,12.785796708388366,80.04524502338019,"{""type"":""MultiPoint"",""coordinates"":[]}"
2349,39.94996381927712,-0.5387002012969688,0.09357748162254123,0.4364409713028048,0.0,0.0,0.5020080321285141,0.0,0.0749665327978581,0.4230254350736279,0.0,13.146984564224155,80.12648374733458,"{""type"":""MultiPoint"",""coordinates"":[]}"
2350,35.01072660332444,-0.3945330425423969,-0.22821102612806943,0.6474631913476924,0.0,0.0,0.5224080267558529,0.29364548494983284,0.0,0.1839464882943144,0.0,13.190572311302352,80.04753560430339,"{""type"":""MultiPoint"",""coordinates"":[]}"
2351,41.02837887108435,-0.4075519609242433,0.03820031643335634,0.3354321000454265,0.0020080321285140565,0.2630522088353414,0.34805890227576974,0.0,0.0,0.38688085676037487,0.0,13.080345434981261,80.15169465657901,"{""type"":""MultiPoint"",""coordinates"":[]}"
2352,42.04816209979882,-0.4738790971363513,0.07695437973379464,0.351843445566976,0.0,0.0,0.3802816901408452,0.0,0.42521797451374926,0.1945003353454058,0.0,12.862715584023526,79.92222056209063,"{""type"":""MultiPoint"",""coordinates"":[]}"
2353,37.98883920477854,-0.5383687213889526,-0.13147788890129608,0.6932970358974018,0.0,0.0,0.0,0.0,0.0,1.0,0.0,12.762131310263134,79.92290253361818,"{""type"":""MultiPoint"",""coordinates"":[]}"
2354,41.201854852879215,-0.5228874507767641,0.09029947401847162,0.38708183672032453,0.0,0.18187919463087246,0.04026845637583893,6.711409395973155E-4,0.0,0.7771812080536913,0.0,12.808163217712016,80.0298847419904,"{""type"":""MultiPoint"",""coordinates"":[]}"
2355,39.428027403641885,-0.5325336100411033,-0.04795700480456596,0.5882978342558479,0.0,0.0,0.0,0.002682763246143528,0.0,0.9973172367538565,0.0,12.769774780703228,79.98001082768137,"{""type"":""MultiPoint"",""coordinates"":[]}"
2356,44.51433058696587,-0.3128107872437649,0.11682286444488545,0.15423918659284336,0.0,1.0,0.0,0.0,0.0,0.0,0.0,13.10672965107693,80.16963070916884,"{""type"":""MultiPoint"",""coordinates"":[]}"
2357,39.07452173090364,-0.5988510444145335,0.19071642459525248,0.43338269403651186,0.0,0.0,0.0,1.0,0.0,0.0,0.0,12.924611830754758,80.05916386016744,"{""type"":""MultiPoint"",""coordinates"":[]}"
2358,41.061546599223064,-0.37209675943694864,0.06282104716730016,0.25583807894910726,0.0,0.5733422638981915,0.025452109845947757,0.4012056262558607,0.0,0.0,0.0,13.134766556195817,80.03131257918716,"{""type"":""MultiPoint"",""coordinates"":[]}"
2359,41.0200816439384,-0.23375269191383719,0.04069812507247269,0.14598260132250238,0.0,1.0,0.0,0.0,0.0,0.0,0.0,12.985596052792907,80.2169040195202,"{""type"":""MultiPoint"",""coordinates"":[]}"
2360,38.38383126991295,-0.5563281191755264,-0.04937326520588758,0.5809952387489749,0.0,0.0,0.00535833891493637,0.4125920964501005,0.0,0.5820495646349632,0.0,12.894930289968,80.1365339075231,"{""type"":""MultiPoint"",""coordinates"":[]}"
2361,28.67448423620969,0.2852305631732739,-0.04473577154868243,-0.07535322456214491,0.0,0.0,0.0,0.0,0.0,0.0,1.0,12.661577658606136,80.23774543402293,"{""type"":""MultiPoint"",""coordinates"":[]}"
2362,42.56852562343164,-0.30919198542750387,0.09917680188873444,0.16058530324644674,0.0,1.0,0.0,0.0,0.0,0.0,0.0,12.990227826977684,80.204269543203,"{""type"":""MultiPoint"",""coordinates"":[]}"
2363,28.778484615584702,0.14365295915206636,0.0039906547253244105,-0.04767199373539215,0.0,0.0,0.0,0.0,0.0,0.0,1.0,12.609859071272803,80.30561054700625,"{""type"":""MultiPoint"",""coordinates"":[]}"
2364,40.39583684936873,-0.4758529002117374,0.03806034460799203,0.393797829511787,0.0,0.0,0.5762256548018804,0.4237743451981195,0.0,0.0,0.0,12.711827899423543,80.18390401068596,"{""type"":""MultiPoint"",""coordinates"":[]}"
2365,36.21615836241289,-0.4541317791697599,-0.20475764556126813,0.6488843597515949,0.0,0.0,0.8284182305630027,0.0,0.15616621983914208,0.01541554959785523,0.0,12.909103822469056,79.91383256615883,"{""type"":""MultiPoint"",""coordinates"":[]}"
2366,40.8252903675654,-0.2968187933594611,0.0941576607850064,0.1631739391908972,0.0,1.0,0.0,0.0,0.0,0.0,0.0,12.891960264922597,80.1386587502076,"{""type"":""MultiPoint"",""coordinates"":[]}"
2367,46.45422066411411,-0.49327559893039286,0.22915023724808972,0.18577595674962136,0.022818791946308724,0.0,0.0,0.39798657718120795,0.0,0.0,0.0,12.699637898547643,80.21635868729616,"{""type"":""MultiPoint"",""coordinates"":[]}"
2368,44.028391601531794,-0.5220169001394187,0.11297336681478115,0.35717373529069263,0.0,0.0,0.0,0.13444816053511707,0.8655518394648831,0.0,0.0,13.00532723786987,79.90257489952926,"{""type"":""MultiPoint"",""coordinates"":[]}"
2369,39.18303440044209,-0.5036227848214315,-0.11504158718729512,0.6786014245846839,0.0,0.0,0.0,0.0,0.0,1.0,0.0,12.993796233216132,79.91473406325193,"{""type"":""MultiPoint"",""coordinates"":[]}"
2370,39.70793970894844,-0.33810226445871466,-0.0062173437205374875,0.3030565509268386,0.0,0.7320830542531815,0.0,0.0,0.0,0.26791694574681846,0.0,12.952858849254037,80.19236695288276,"{""type"":""MultiPoint"",""coordinates"":[]}"
2371,45.04654392134811,-0.2892843942059142,0.030923685645193214,0.1998178080435073,0.0,1.0,0.0,0.0,0.0,0.0,0.0,13.13061554693708,79.94139521939601,"{""type"":""MultiPoint"",""coordinates"":[]}"
2372,35.14983894394368,-0.38486674672321336,-0.31821152281160875,0.7116494384021528,0.0,0.0,1.0,0.0,0.0,0.0,0.0,12.848838941659084,79.9867819012725,"{""type"":""MultiPoint"",""coordinates"":[]}"
2373,38.69153762313255,-0.42568171682047673,-0.13926477701196088,0.5823570866936988,0.0,0.0,0.45515394912985274,0.0,0.0,0.5448460508701473,0.0,13.179098413544152,80.06733657482187,"{""type"":""MultiPoint"",""coordinates"":[]}"
2374,41.92788208150604,-0.39577504270202224,0.025965403275051178,0.34267786588594396,0.0,0.7717536813922355,0.0,0.0,0.0,0.2282463186077644,0.0,13.141902247151036,80.13688638028012,"{""type"":""MultiPoint"",""coordinates"":[]}"
2375,29.514704045361935,0.3361622714539955,0.04120023917158561,-0.1797630746579993,0.0,0.0,0.0,0.0,0.0,0.0,1.0,12.787108811947753,80.25936647373832,"{""type"":""MultiPoint"",""coordinates"":[]}"
2376,40.1099236314027,-0.5584151599710949,0.09695907154441874,0.4518390729457477,0.0,0.0,0.35637583892617447,0.6436241610738256,0.0,0.0,0.0,12.839763012417196,79.97176319985606,"{""type"":""MultiPoint"",""coordinates"":[]}"
2377,42.10168001999333,-0.34930242177897974,0.05265776054279772,0.2633912807388213,0.0,0.8548494983277591,0.0,0.0,0.0,0.14515050167224078,0.0,13.08473954394739,80.1912184781948,"{""type"":""MultiPoint"",""coordinates"":[]}"
2378,39.918489128558996,-0.44450653116560956,-0.004171271417965069,0.4445674833205045,0.0,0.2305630026809652,0.0,0.0,0.0,0.7694369973190349,0.0,12.73587958660558,80.01874799503086,"{""type"":""MultiPoint"",""coordinates"":[]}"
2379,46.40662015728373,-0.5349787072015689,0.14621690874355328,0.3291053484011021,0.0,0.0,0.06706908115358821,0.06304493628437291,0.3621730382293763,0.5077129443326627,0.0,12.793156244220384,80.06860318016389,"{""type"":""MultiPoint"",""coordinates"":[]}"
2380,40.36469131856953,-0.4686929629215755,0.07847784467786628,0.2676375887536591,0.0,0.0,1.0,0.0,0.0,0.0,0.0,12.601771406306385,80.00024418863103,"{""type"":""MultiPoint"",""coordinates"":[]}"
2381,36.32168640090363,-0.491207366454335,-0.055273496852507896,0.5682293595279335,0.0,0.0,0.0,0.0,0.0,1.0,0.0,12.848849860975843,80.1265603432312,"{""type"":""MultiPoint"",""coordinates"":[]}"
2382,43.45707057636367,-0.33495648493500657,0.07591439242905106,0.18877321425328666,0.0,0.48128342245989303,0.0,0.5187165775401069,0.0,0.0,0.0,13.18510257460466,80.31269920579288,"{""type"":""MultiPoint"",""coordinates"":[]}"
2383,34.95364228113639,-0.5468388229137957,-0.17403344149454159,0.7426108256540603,0.0,0.0,0.0,0.0,0.0,1.0,0.0,13.18649637427994,79.95482481299544,"{""type"":""MultiPoint"",""coordinates"":[]}"
2384,36.63759232535214,-0.4739853866268898,-0.19401503173109003,0.6868642207477432,0.0,0.0,0.8906773977196513,0.10932260228034876,0.0,0.0,0.0,12.877117080862806,80.01569253856856,"{""type"":""MultiPoint"",""coordinates"":[]}"
2385,37.866823271187144,-0.5716877783801276,-0.1255511010969784,0.7149900766896037,0.0,0.0,0.0,0.0,0.0,1.0,0.0,12.604923410746359,80.01178390178556,"{""type"":""MultiPoint"",""coordinates"":[]}"
2386,41.1725132023108,-0.332386629369026,0.04806792327118152,0.24130795034395372,0.0,0.6751507032819827,0.0,0.0,0.0,0.32484929671801743,0.0,13.079217910216975,80.18079191147058,"{""type"":""MultiPoint"",""coordinates"":[]}"
2387,28.75716748309397,0.17405850659858357,0.023074529090861863,-0.08930096741722424,0.0,0.0,0.0,0.0,0.0,0.0,1.0,12.685226443424389,80.31909805607907,"{""type"":""MultiPoint"",""coordinates"":[]}"
2388,41.72902438795321,-0.3242978950639337,0.06954666732088587,0.1991265368753786,0.0,1.0,0.0,0.0,0.0,0.0,0.0,13.119383017535348,80.12886704979921,"{""type"":""MultiPoint"",""coordinates"":[]}"
2389,40.39588871012073,-0.5469891781183422,0.030139689570592897,0.5010935812131887,0.0,0.2528504359490275,0.0,0.41716968477531857,0.0,0.32997987927565386,0.0,12.672446859498079,79.99206032168256,"{""type"":""MultiPoint"",""coordinates"":[]}"
2390,42.09178942281693,-0.4487941635710197,0.07719122160320373,0.31542272247426845,0.0,0.0,1.0,0.0,0.0,0.0,0.0,12.772358970640836,80.15383764396407,"{""type"":""MultiPoint"",""coordinates"":[]}"
2391,28.590728260879214,0.15944714644054045,0.015404736101840547,-0.06828022366121005,0.0,0.0,0.0,0.0,0.0,0.0,1.0,12.764763270710814,80.2962448217442,"{""type"":""MultiPoint"",""coordinates"":[]}"
2392,37.308397165783155,-0.4348494231276874,-0.10551871769218137,0.5839048165980386,0.0,0.0,1.0,0.0,0.0,0.0,0.0,13.17725483912996,80.04584284855906,"{""type"":""MultiPoint"",""coordinates"":[]}"
2393,34.47688445275472,0.11939200485174442,-0.09475788521956355,0.12634410875275567,0.0,0.06635388739946381,0.01675603217158177,0.41152815013404825,0.054289544235924934,0.08981233243967829,0.0,13.10711347624077,80.10759862069597,"{""type"":""MultiPoint"",""coordinates"":[]}"
2394,39.348852157979884,-0.5297469650620225,0.0034067495184417385,0.5186196838650524,0.0,0.0,0.0,0.4503355704697986,0.0,0.5496644295302012,0.0,12.659052154896829,80.1453628395183,"{""type"":""MultiPoint"",""coordinates"":[]}"
2395,42.00834625313256,-0.42846890870156473,0.006879786299693811,0.40478705493504324,0.0,0.14123159303882196,0.25033467202141907,0.0,0.0,0.608433734939759,0.0,13.187069888055873,80.05926273926487,"{""type"":""MultiPoint"",""coordinates"":[]}"
2396,28.54424155975906,0.1370256028195665,-0.0013588853565092564,-0.038067300258759325,0.0,0.0,0.0,0.0,0.0,0.0,1.0,13.064241645562456,80.33802621312208,"{""type"":""MultiPoint"",""coordinates"":[]}"
2397,41.42751517688338,-0.4468105368830187,0.0727851221000109,0.31973806568482444,0.0,0.9631367292225201,0.0,0.0,0.0,0.03686327077747989,0.0,13.044161625828151,80.11268993782626,"{""type"":""MultiPoint"",""coordinates"":[]}"
2398,42.62283823613943,-0.484083427723357,0.03728244430493399,0.3937600110949817,0.0,0.0,0.3371313672922252,0.6266756032171582,0.0,0.036193029490616625,0.0,12.916099001794258,80.2046908857051,"{""type"":""MultiPoint"",""coordinates"":[]}"
2399,43.29186639682978,-0.6085700685792174,0.19303291397925518,0.37771528603658144,0.0,0.0,1.0,0.0,0.0,0.0,0.0,12.907400301178075,79.96365259276206,"{""type"":""MultiPoint"",""coordinates"":[]}"
2400,38.15763777838257,-0.5033437869125698,-0.0461840483725129,0.5866283955000917,0.0,0.0,0.0,0.0,0.0,1.0,0.0,12.82067248125636,80.05999097678922,"{""type"":""MultiPoint"",""coordinates"":[]}"
2401,31.354473928445053,0.4357764524980622,0.16452411649995952,-0.439304476766439,0.0,0.0,0.0,0.0,0.0,0.0,1.0,13.027846424922878,80.06492754135952,"{""type"":""MultiPoint"",""coordinates"":[]}"
2402,43.157503300523146,-0.3748866503069052,0.06770273841665676,0.2701073478915877,0.0,1.0,0.0,0.0,0.0,0.0,0.0,12.692599257681323,80.19010895276111,"{""type"":""MultiPoint"",""coordinates"":[]}"
2403,41.7356813718675,-0.3853486827694849,0.03870349977469203,0.2969821135219058,0.0,0.03681392235609104,0.0,0.959839357429719,0.0,0.0033467202141900946,0.0,13.058572882398451,80.18886745773668,"{""type"":""MultiPoint"",""coordinates"":[]}"
2404,40.95533990976512,-0.3439915503523949,0.06445172130187114,0.2271185160003842,0.0,1.0,0.0,0.0,0.0,0.0,0.0,12.89000398864535,80.06938221878627,"{""type"":""MultiPoint"",""coordinates"":[]}"
2405,32.21165866547892,0.46017843621255194,0.248487757249428,-0.4973083848225649,0.0,0.0,0.0,0.0,0.0,0.0,1.0,13.028495861091292,79.9386877582746,"{""type"":""MultiPoint"",""coordinates"":[]}"
2406,41.67208441214335,-0.3855369681855,-0.0067538568232031245,0.3423325924850045,0.0,0.6255860683188211,0.0,0.0,0.0,0.3744139316811788,0.0,13.09576444402631,80.20616344647807,"{""type"":""MultiPoint"",""coordinates"":[]}"
2407,44.08710212528467,-0.28253318676649186,0.13008529248428854,0.08994954850304647,0.0,0.985264567983925,0.0,0.0,0.0,0.014735432016075013,0.0,13.124177965648048,80.01412165249626,"{""type"":""MultiPoint"",""coordinates"":[]}"
2408,38.314552943319924,-0.41178547144781935,-0.04202422979325944,0.40208250753235275,0.0,0.0,1.0,0.0,0.0,0.0,0.0,12.609337431325256,80.146954794933,"{""type"":""MultiPoint"",""coordinates"":[]}"
2409,37.1256622287676,-0.30107748591878913,-0.08400450708374556,0.4517290614610063,0.0,0.0,0.0,0.025452109845947753,0.1949095780308104,0.7374413931681177,0.04219691895512391,13.003595103657872,80.02210987790949,"{""type"":""MultiPoint"",""coordinates"":[]}"
2410,37.77249187951712,-0.46971443297051524,-0.1115914936653307,0.6164395198844942,0.0,0.0,0.4694835680751174,0.08584842387659289,0.0,0.44466800804828976,0.0,12.711943371246628,80.00716786410064,"{""type"":""MultiPoint"",""coordinates"":[]}"
2411,43.150111348203765,-0.5106304688867408,0.18142597483119777,0.25191331502373177,0.0,0.0,1.0,0.0,0.0,0.0,0.0,13.177655556437589,80.11080113197694,"{""type"":""MultiPoint"",""coordinates"":[]}"
2412,42.763136124819304,-0.3514542667945846,0.053128646309584665,0.2768807096173703,0.0,0.9846050870147256,0.015394912985274432,0.0,0.0,0.0,0.0,13.043372489713468,80.05472718890309,"{""type"":""MultiPoint"",""coordinates"":[]}"
2413,41.33832331583222,-0.5493275236565776,0.09692487292804076,0.3610400743763838,0.0,0.0,0.0,0.4671140939597316,0.5328859060402685,0.0,0.0,12.635695696656057,80.07992722921786,"{""type"":""MultiPoint"",""coordinates"":[]}"
2414,31.21402264712661,0.43604814181342677,0.14875949869109192,-0.4486353469516607,0.0,0.0,0.0,0.0,0.0,0.0,1.0,13.02575198344704,80.06824042742724,"{""type"":""MultiPoint"",""coordinates"":[]}"
2415,39.702090515632115,-0.43496329765047487,-0.06508673567260088,0.5370108947014874,0.0,0.0,0.0,0.0,0.0,1.0,0.0,13.175161518635933,80.16239194196275,"{""type"":""MultiPoint"",""coordinates"":[]}"
2416,42.16052697670913,-0.5271816871876035,0.09953764114682793,0.3931454822947532,0.0,0.0,0.6796246648793565,0.3203753351206434,0.0,0.0,0.0,12.853088859586292,79.98642582043935,"{""type"":""MultiPoint"",""coordinates"":[]}"
2417,28.312583767168704,0.14668577377254535,-0.007570787964320868,-0.03308848937635943,0.0,0.0,0.0,0.0,0.0,0.0,1.0,12.976468294801098,80.33975759230096,"{""type"":""MultiPoint"",""coordinates"":[]}"
2418,43.844482569383395,-0.29291143344758463,0.11844908759375153,0.1165179826777105,0.0,1.0,0.0,0.0,0.0,0.0,0.0,12.849734777131681,80.06517286193113,"{""type"":""MultiPoint"",""coordinates"":[]}"
2419,39.05639338626757,-0.4069778047710782,-0.019262370903334648,0.3978736279638462,0.0,0.0,1.0,0.0,0.0,0.0,0.0,13.196014881390143,79.95294104574421,"{""type"":""MultiPoint"",""coordinates"":[]}"
2420,41.32622515450705,-0.5433285887407466,0.09461208664595183,0.4252286957759328,0.0,0.0,0.346076458752515,0.6539235412474848,0.0,0.0,0.0,12.862227923235205,80.23818562054403,"{""type"":""MultiPoint"",""coordinates"":[]}"
2421,41.05097495624083,-0.47931027541482063,-0.0071682156476424366,0.4571242004278958,0.0,0.3899665551839466,0.0,0.0,0.0,0.6100334448160536,0.0,13.112854012758058,79.90204842275236,"{""type"":""MultiPoint"",""coordinates"":[]}"
2422,40.19926315517103,-0.41554292019711414,0.023076469595665613,0.33064584500243244,0.0,0.0,1.0,0.0,0.0,0.0,0.0,12.647367914967422,80.13193900046372,"{""type"":""MultiPoint"",""coordinates"":[]}"
2423,41.83645843931545,-0.36964555055334974,0.05607670149427521,0.26535506602993497,0.0,0.6832214765100671,0.0,0.3167785234899329,0.0,0.0,0.0,12.905741637462407,80.19073829038348,"{""type"":""MultiPoint"",""coordinates"":[]}"
2424,41.83656281509397,-0.5945499001254506,0.08797846914576304,0.5015394347663762,0.0,0.0,0.0,1.0,0.0,0.0,0.0,12.654662664183098,80.03826922285654,"{""type"":""MultiPoint"",""coordinates"":[]}"
2425,35.69141286539237,-0.5230485891972642,-0.18283351276801402,0.7180997755587121,0.0,0.0,0.0,0.0,0.0,1.0,0.0,12.695543163713513,79.90857080168196,"{""type"":""MultiPoint"",""coordinates"":[]}"
2426,42.5497310952279,-0.35849331014362157,0.0675610553284734,0.23952930221893293,0.0,0.9979892761394102,0.0,0.0,0.0,0.002010723860589812,0.0,12.907111996605998,80.15769488438961,"{""type"":""MultiPoint"",""coordinates"":[]}"
2427,28.602797156534887,0.21080835567035505,-0.019676146186123535,-0.0671155573808674,0.0,0.0,0.0,0.0,0.0,0.0,1.0,12.908316264410281,80.27680309775535,"{""type"":""MultiPoint"",""coordinates"":[]}"
2428,40.21581673027462,-0.3643473119035279,0.11815349073340702,0.18846581085278297,0.0,0.884795713328868,0.0,0.0,0.0,0.11520428667113196,0.0,13.03549973553846,80.24461271640592,"{""type"":""MultiPoint"",""coordinates"":[]}"
2429,28.6133330723423,0.08674977311048955,0.030045314958230613,-0.034907134553486666,0.0,0.0,0.0,0.0,0.0,0.0,1.0,12.649576203088563,80.34093838193283,"{""type"":""MultiPoint"",""coordinates"":[]}"
2430,43.989019913780176,-0.4339029000145425,0.04452527629296374,0.35669630816741643,0.0,0.8713136729222521,0.0,0.0,0.0,0.128686327077748,0.0,13.04859075095754,80.05917999908512,"{""type"":""MultiPoint"",""coordinates"":[]}"
2431,37.028436386590776,-0.4220773771825283,-0.25053802512099416,0.6939334978379716,0.0,0.0,1.0,0.0,0.0,0.0,0.0,13.104302086297547,79.98673033354375,"{""type"":""MultiPoint"",""coordinates"":[]}"
2432,43.7871806000804,-0.5362783260700884,0.11058769052441664,0.41252415673069415,0.0,0.05492297387809779,0.8660415271265908,0.07903549899531145,0.0,0.0,0.0,12.945125841928798,80.09328359418953,"{""type"":""MultiPoint"",""coordinates"":[]}"
2433,42.414898911026185,-0.4749250883712066,-0.042478217986271535,0.5275198016044277,0.0,0.1643192488262911,0.0,0.0,0.0,0.8356807511737092,0.0,13.037960838242158,80.04279412273787,"{""type"":""MultiPoint"",""coordinates"":[]}"
2434,28.748936707416128,0.15210111091674305,0.011612754203721166,-0.06342007931877298,0.0,0.0,0.0,0.0,0.0,0.0,1.0,12.680115568982675,80.3288728568322,"{""type"":""MultiPoint"",""coordinates"":[]}"
2435,42.10085013710844,-0.363958906833857,0.0065348136115305835,0.3353869119100671,0.0,0.9129852744310576,0.058902275769745646,0.0,0.0,0.028112449799196783,0.0,13.083711003897694,79.90704404282128,"{""type"":""MultiPoint"",""coordinates"":[]}"
2436,39.88200313959788,-0.5211558608567233,-0.013142130026544577,0.5468881384106272,0.0,0.0,0.007372654155495979,0.45710455764075064,0.0,0.5355227882037533,0.0,12.868987905341454,80.03635207966256,"{""type"":""MultiPoint"",""coordinates"":[]}"
2437,40.973390441896804,-0.4794769871852868,0.029994380560223168,0.4333004354709863,0.0,0.0,0.0,0.6333780160857909,0.003351206434316354,0.3632707774798928,0.0,12.911518329989722,80.20906173836865,"{""type"":""MultiPoint"",""coordinates"":[]}"
2438,29.06113154289934,0.17831038501120877,0.0071023736353908766,-0.07397148889993588,0.0,0.0,0.0,0.0,0.0,0.0,1.0,12.716019480854271,80.31683024052327,"{""type"":""MultiPoint"",""coordinates"":[]}"
2439,40.11858647969173,-0.4539766739535523,0.013740640011619181,0.4180635832837519,0.0,0.07506702412868632,0.012734584450402145,0.0,0.0,0.9121983914209116,0.0,12.856443271600224,80.03419921715265,"{""type"":""MultiPoint"",""coordinates"":[]}"
2440,44.97130277887324,-0.5382386068191479,0.21132684860087056,0.2460725391070456,0.0,0.0,0.9168343393695506,0.08316566063044935,0.0,0.0,0.0,12.827934772018965,79.98565757049428,"{""type"":""MultiPoint"",""coordinates"":[]}"
2441,28.652470395705677,0.20365949920147103,-0.00464746738553174,-0.06510288507651019,0.0,0.0,0.0,0.0,0.0,0.0,1.0,12.66079816340444,80.27428339526547,"{""type"":""MultiPoint"",""coordinates"":[]}"
2442,28.771600015194654,0.1675922485341375,0.034640818987024466,-0.07175170570108146,0.0,0.0,0.0,0.0,0.0,0.0,1.0,12.677749852771507,80.27740399720447,"{""type"":""MultiPoint"",""coordinates"":[]}"
2443,29.097572733270802,0.19551483843708503,-0.010810100895065141,-0.07195861678364353,0.0,0.0,0.0,0.0,0.0,0.0,1.0,12.708209022889971,80.32608350448947,"{""type"":""MultiPoint"",""coordinates"":[]}"
2444,42.36826099079547,-0.30410819907370185,0.0762271834810079,0.16036356134373655,0.0,1.0,0.0,0.0,0.0,0.0,0.0,13.16545398734042,80.30552961614889,"{""type"":""MultiPoint"",""coordinates"":[]}"
2445,28.417223775740148,0.19708350785247983,-0.031037013585852723,-0.04772000636768977,0.0,0.0,0.0,0.0,0.0,0.0,1.0,12.924470726106229,80.29787148841928,"{""type"":""MultiPoint"",""coordinates"":[]}"
2446,40.420303840395206,-0.522651034491404,0.03737921978311141,0.4950797343583568,0.0,0.0,0.0,0.5264567983924983,0.3737441393168118,0.09979906229068988,0.0,13.031083500718772,79.95249750952367,"{""type"":""MultiPoint"",""coordinates"":[]}"
2447,28.767820202857177,0.2481815679652493,-0.013741337347773691,-0.07430278363829748,0.0,0.0,0.0,0.0,0.0,0.0,1.0,13.136294255760355,80.31214392842867,"{""type"":""MultiPoint"",""coordinates"":[]}"
2448,40.41428261849399,-0.2927139285511662,0.03369828073872577,0.2115853682882861,0.0,0.892235609103079,0.0,0.0,0.0,0.107764390896921,0.0,13.042459467187689,80.23583393493163,"{""type"":""MultiPoint"",""coordinates"":[]}"
2449,40.70369663652873,-0.47926900789137966,-0.009952577798489976,0.46597281360936665,0.0,0.43991989319092123,0.0,0.0,0.0,0.5600801068090788,0.0,13.133838829869045,79.93319975168298,"{""type"":""MultiPoint"",""coordinates"":[]}"
2450,39.617026021747,-0.19532952744176152,0.06259944742317157,0.12245006030645822,0.0,0.0,0.0,0.029451137884872823,0.0,0.0,0.06291834002677377,12.776757728562693,80.22668867029844,"{""type"":""MultiPoint"",""coordinates"":[]}"
2451,35.69147167432977,-0.4033217326992884,-0.2303101658433267,0.6728812982840373,0.0,0.0,0.0,0.0,0.0,1.0,0.0,12.813933318216824,80.04611386013187,"{""type"":""MultiPoint"",""coordinates"":[]}"
2452,39.306195299263244,-0.42444914849788073,-0.026211325550862353,0.4520099811123588,0.0,0.0,0.1835231078365707,0.12190221031480242,0.0,0.6945746818486269,0.0,12.95921579339817,80.03765419312201,"{""type"":""MultiPoint"",""coordinates"":[]}"
2453,41.29520406289158,-0.14673814743417582,0.1434308286861747,-0.027564124943084585,0.0,0.0,1.0,0.0,0.0,0.0,0.0,13.186066329992286,80.257738499606,"{""type"":""MultiPoint"",""coordinates"":[]}"
2454,41.57777636399867,-0.34390099556851905,0.03719244428547778,0.24586867778625113,0.0,1.0,0.0,0.0,0.0,0.0,0.0,13.072211972357543,80.16725980751568,"{""type"":""MultiPoint"",""coordinates"":[]}"
2455,42.01192671681851,-0.31155052434451347,0.04822523579416643,0.19188708276795538,0.0,1.0,0.0,0.0,0.0,0.0,0.0,13.06123937461538,80.18952363752076,"{""type"":""MultiPoint"",""coordinates"":[]}"
2456,39.22018099895444,-0.498486407966838,0.04300122272588143,0.4376309187370083,0.0,0.0,0.0,0.15951742627345844,0.39678284182305623,0.4436997319034852,0.0,12.808679636956263,80.18265886497704,"{""type"":""MultiPoint"",""coordinates"":[]}"
2457,43.843606793072304,-0.5818830060292425,0.16418204121702157,0.357116063548126,0.0,0.0,0.4779116465863454,0.5220883534136547,0.0,0.0,0.0,13.089692808254473,79.98684390906628,"{""type"":""MultiPoint"",""coordinates"":[]}"
2458,41.775225403143445,-0.5111817640890344,0.023299083902862696,0.4461957948904516,0.0,0.0,0.6139410187667561,0.0,0.386058981233244,0.0,0.0,13.074728084498282,79.97945890919038,"{""type"":""MultiPoint"",""coordinates"":[]}"
2459,28.453614356389828,0.22914749955734345,-0.018354127720627087,-0.0773889324697201,0.0,0.0,0.0,0.0,0.0,0.0,1.0,13.053378302756938,80.30538058584447,"{""type"":""MultiPoint"",""coordinates"":[]}"
2460,43.18515464676057,-0.49503765007320116,0.10945858012836847,0.3194311059626415,0.0,0.0,1.0,0.0,0.0,0.0,0.0,13.104190271208214,79.97896934376631,"{""type"":""MultiPoint"",""coordinates"":[]}"
2461,41.596173690669815,-0.3743778706939529,0.044325082880213196,0.2885817610801776,0.0,0.9859343603482921,0.0,0.0,0.0,0.014065639651707972,0.0,12.931723918362469,80.21038536065835,"{""type"":""MultiPoint"",""coordinates"":[]}"
2462,35.90296585823415,-0.3865117586052599,-0.16456574390556986,0.5726699575981045,0.0,0.0,1.0,0.0,0.0,0.0,0.0,13.189378890028376,79.91035372261952,"{""type"":""MultiPoint"",""coordinates"":[]}"
2463,37.749579126807255,-0.5052567568439299,-0.11133612595846772,0.6265160419090643,0.0,0.0,0.7650602409638554,0.0,0.0,0.23493975903614456,0.0,13.024615674028915,79.97673590349028,"{""type"":""MultiPoint"",""coordinates"":[]}"
2464,45.09102632247487,-0.5177606586712205,0.11561490914588923,0.3407050684476037,0.0,0.0,0.0,1.0,0.0,0.0,0.0,12.685669943545594,80.05741483684146,"{""type"":""MultiPoint"",""coordinates"":[]}"
2465,44.26137306864703,-0.4561751989841437,0.06487643645209437,0.34209665294644415,0.0,0.19490957803081044,0.0,0.3027461486939049,0.0,0.5023442732752847,0.0,12.94358681604203,80.08562151462975,"{""type"":""MultiPoint"",""coordinates"":[]}"
2466,39.82460339359679,-0.5125337158564105,0.05823446675955023,0.4242457459105826,0.0,0.0,0.0,0.0,0.0,1.0,0.0,12.946159562268491,80.04702834391455,"{""type"":""MultiPoint"",""coordinates"":[]}"
2467,38.73248336414766,-0.4490997427611689,-0.10491578159672763,0.5571721801457914,0.0,0.0,0.7033557046979865,0.2966442953020134,0.0,0.0,0.0,12.602124013371034,80.02283693963743,"{""type"":""MultiPoint"",""coordinates"":[]}"
2468,40.5315073926256,-0.503239267069715,0.0864657523591887,0.37830069293788027,0.0,0.0,0.5572672471533824,0.0,0.0,0.4427327528466175,0.0,13.175889727826894,79.94633875246136,"{""type"":""MultiPoint"",""coordinates"":[]}"
2469,42.33113204553848,-0.5495558957552061,0.06729902243360261,0.45123148659640333,0.0,0.0,0.2615384615384616,0.0,0.23344481605351175,0.5050167224080269,0.0,13.182043249782947,80.10145354599175,"{""type"":""MultiPoint"",""coordinates"":[]}"
2470,41.03488739923078,-0.4054589937868179,0.052059924762289905,0.33201002280994024,0.0,0.6227424749163879,0.0,0.0,0.0,0.37725752508361204,0.0,13.12198446283112,80.05936388177373,"{""type"":""MultiPoint"",""coordinates"":[]}"
2471,39.46344965826059,-0.45870895938910927,0.038515043495620876,0.402879700924504,0.0,0.014775016789791805,0.0,0.0,0.0,0.9852249832102082,0.0,12.668391284404219,79.97393484979015,"{""type"":""MultiPoint"",""coordinates"":[]}"
2472,40.764464944638576,-0.5905935413914171,0.03152439692868019,0.533346955304922,0.0,0.0,0.0,0.0,0.05689424364123159,0.9431057563587685,0.0,12.996770764505113,79.92197866914266,"{""type"":""MultiPoint"",""coordinates"":[]}"
2473,28.330312337272744,0.16409987606540646,-9.852278837287189E-4,-0.0505337446859998,0.0,0.0,0.0,0.0,0.0,0.0,1.0,13.00917940784939,80.31162052650065,"{""type"":""MultiPoint"",""coordinates"":[]}"
2474,40.22118456110667,-0.5471419514291435,0.03231538409919778,0.4847119164547098,0.0,0.0,0.0,0.0,0.23272971160295106,0.767270288397049,0.0,12.93160300921353,79.935954101933,"{""type"":""MultiPoint"",""coordinates"":[]}"
2475,40.39929343400002,-0.4681884493431879,-0.010397484114732914,0.4466192208423802,0.0,0.0,0.8856187290969899,0.0,0.0,0.11438127090301002,0.0,13.08162556182697,80.04707937384134,"{""type"":""MultiPoint"",""coordinates"":[]}"
2476,38.539558132108446,-0.5191831357782609,-0.08435262935841768,0.6277172524213387,0.0,0.0,0.0,0.0,0.0,1.0,0.0,13.055619953679727,79.93394780378047,"{""type"":""MultiPoint"",""coordinates"":[]}"
2477,42.65753071348965,-0.30451472483747993,0.06965274251369975,0.17892411882866682,0.0,0.9906229068988613,0.0,0.0,0.0,0.009377093101138647,0.0,12.972827213801075,80.14774540017378,"{""type"":""MultiPoint"",""coordinates"":[]}"
2478,38.4662861375151,-0.30001579725934274,-0.15065413563651162,0.4640967197485955,0.0,0.015405224380442064,0.5452109845947756,0.0,0.0,0.43938379102478237,0.0,13.167522501513384,80.25126996366019,"{""type"":""MultiPoint"",""coordinates"":[]}"
2479,40.279634326863274,-0.430350116088751,-0.004843767191195785,0.4061116827762059,0.0,0.5509383378016085,0.0,0.0,0.0,0.4490616621983914,0.0,12.761780283627745,80.00949250519561,"{""type"":""MultiPoint"",""coordinates"":[]}"
2480,39.63401251983895,-0.411852402718912,-0.04582955696826586,0.4160571622802742,0.0,0.0,1.0,0.0,0.0,0.0,0.0,12.696615956051426,80.14703809993514,"{""type"":""MultiPoint"",""coordinates"":[]}"
2481,44.09293124217306,-0.6023458869890732,0.2024685763758883,0.3476774868788606,0.0,0.0,0.4902749832327297,0.488262910798122,0.021462105969148222,0.0,0.0,12.98241343592994,79.951270831068,"{""type"":""MultiPoint"",""coordinates"":[]}"
2482,28.837545487231925,0.2531754550601183,-0.00988315923945878,-0.08387935839846501,0.0,0.0,0.0,0.0,0.0,0.0,1.0,13.005060293283096,80.28248816162697,"{""type"":""MultiPoint"",""coordinates"":[]}"
2483,41.23066418490289,-0.2690217700511624,0.04001126169445493,0.18724888695595307,0.0,0.8292029470864032,0.0,0.0,0.0,0.17079705291359676,0.0,13.053854776274854,80.2016732990594,"{""type"":""MultiPoint"",""coordinates"":[]}"
2484,39.026899069738626,-0.4247381979150747,-0.17227159678459847,0.5950128756153388,0.0,0.0,0.9973190348525469,0.0,0.0,0.002680965147453083,0.0,12.765384915561755,79.96479305522426,"{""type"":""MultiPoint"",""coordinates"":[]}"
2485,39.932079841807244,-0.4834997786016667,0.01433311983864016,0.40280529678558696,0.0,0.24698795180722896,0.0,0.0,0.0,0.753012048192771,0.0,13.069569851600212,80.27638685945152,"{""type"":""MultiPoint"",""coordinates"":[]}"
2486,39.25709552577854,-0.48165142573146713,-0.01535281543076325,0.42539707535481436,0.0,0.0,0.7523489932885904,0.0,0.0,0.24765100671140935,0.0,12.709638783909297,80.05308120436128,"{""type"":""MultiPoint"",""coordinates"":[]}"
2487,40.04403782301812,-0.4946123878211817,0.028424399593022013,0.48136014177926995,0.0,0.0,1.0,0.0,0.0,0.0,0.0,12.70554401507236,79.91756888538943,"{""type"":""MultiPoint"",""coordinates"":[]}"
2488,42.22710381418512,-0.3954611200505013,0.04347426842854755,0.3398571253137319,0.0,0.5365526492287056,0.04292421193829644,0.0,0.0,0.4205231388329979,0.0,12.924396492841131,80.09424304242577,"{""type"":""MultiPoint"",""coordinates"":[]}"
2489,28.725293146342956,0.10479075528554634,0.037005712553247055,-0.05781148260550573,0.0,0.0,0.0,0.0,0.0,0.0,1.0,12.872734917958475,80.34618344789331,"{""type"":""MultiPoint"",""coordinates"":[]}"
2490,28.25764357258045,0.13159514209362588,0.02603797610132143,-0.06638673714399788,0.0,0.0,0.0,0.0,0.0,0.0,1.0,12.82650056352852,80.33144884238895,"{""type"":""MultiPoint"",""coordinates"":[]}"
2491,45.98664527750003,-0.44592442091103424,0.13576230323895555,0.22871198420185568,0.0,0.0,0.0,1.0,0.0,0.0,0.0,12.791602856540031,80.16379141220062,"{""type"":""MultiPoint"",""coordinates"":[]}"
2492,41.359212328582956,-0.5226807160268538,0.026767626371193533,0.4677007607724382,0.0,0.2867696440564137,0.29348556077904636,0.04768300873069174,0.0,0.3720617864338482,0.0,12.637656203594322,80.15116067645982,"{""type"":""MultiPoint"",""coordinates"":[]}"
2493,40.758479977891575,-0.28051863732938165,-0.007262471705307488,0.23218176947110913,0.0,0.8835341365461848,0.0,0.0,0.0,0.11646586345381525,0.0,13.119468739093502,80.25995695539483,"{""type"":""MultiPoint"",""coordinates"":[]}"
2494,41.569504743554226,-0.33668582677789377,0.05981003197447678,0.22972687624373508,0.0,1.0,0.0,0.0,0.0,0.0,0.0,12.979842073953051,80.1342934942889,"{""type"":""MultiPoint"",""coordinates"":[]}"
2495,45.868275129979914,-0.39430537543192107,0.1289089697186594,0.18642275544281237,0.44466800804828976,0.0,0.0,0.5553319919517103,0.0,0.0,0.0,12.72054113074517,80.2047065405801,"{""type"":""MultiPoint"",""coordinates"":[]}"
2496,37.84761918689635,-0.07769801528576926,-0.08933085428494991,0.3399524216867551,0.0,0.0,0.0,0.11438127090301003,0.0,0.034782608695652174,0.8508361204013378,12.949100778533456,80.20098405090246,"{""type"":""MultiPoint"",""coordinates"":[]}"
2497,28.451545497951823,0.15478355452927178,-0.015856464414250898,-0.03144736941676828,0.0,0.0,0.0,0.0,0.0,0.0,1.0,12.97545721667429,80.33593254535262,"{""type"":""MultiPoint"",""coordinates"":[]}"
2498,43.49900384537226,-0.24967127137001638,0.09830864564341177,0.10930404255191446,0.0,1.0,0.0,0.0,0.0,0.0,0.0,12.972777759953244,80.24562614193307,"{""type"":""MultiPoint"",""coordinates"":[]}"
2499,28.43016669340256,0.18280903891376205,-0.01535863299774213,-0.06877678953249876,0.0,0.0,0.0,0.0,0.0,0.0,1.0,13.034456840287492,80.32175464151423,"{""type"":""MultiPoint"",""coordinates"":[]}"
2500,40.92734267899397,-0.4920846093192361,0.015624784648055374,0.39639684646721957,0.0,0.1837692823608316,0.0,0.0,0.12072434607645872,0.6955063715627093,0.0,12.985121136111369,79.98582764656943,"{""type"":""MultiPoint"",""coordinates"":[]}"
2501,31.972072924397615,0.31616204190462455,-0.03528996434163033,-0.1451339403572488,0.0,0.0,0.1318607764390897,0.29852744310575635,0.0,0.0,0.5696117804551539,13.150656307114236,80.18724862083344,"{""type"":""MultiPoint"",""coordinates"":[]}"
2502,42.01202079276511,-0.4942085093131809,0.005024807811347078,0.43568229587240365,0.0,0.10268456375838925,0.08389261744966442,0.03020134228187919,0.0,0.7832214765100671,0.0,12.615652678167729,80.19524666103615,"{""type"":""MultiPoint"",""coordinates"":[]}"
2503,41.30528370525119,-0.3116601938306009,0.04659137794869106,0.24696611520011294,0.07970529135967849,0.9202947086403215,0.0,0.0,0.0,0.0,0.0,12.968343190225387,80.24967925732848,"{""type"":""MultiPoint"",""coordinates"":[]}"
2504,36.188315259859166,-0.5842129695937429,-0.12434109759457167,0.686078550066532,0.0,0.0,0.0,0.0,0.0,1.0,0.0,13.025007635527576,80.19284807211842,"{""type"":""MultiPoint"",""coordinates"":[]}"
2505,46.5488938281246,-0.5648945083468604,0.2785779700200932,0.15244123357559675,0.0,0.0,0.0,1.0,0.0,0.0,0.0,12.992688366793585,79.94292631695133,"{""type"":""MultiPoint"",""coordinates"":[]}"
2506,40.28235708613532,-0.49835201304073184,0.04843070941326917,0.4047151579047719,0.0,0.0,0.8345612860013397,0.0,0.0,0.16543871399866045,0.0,13.181041449558855,79.93372598344871,"{""type"":""MultiPoint"",""coordinates"":[]}"
2507,45.48151181541612,-0.4910247626820973,0.11304394506566437,0.3207008224948831,0.0,0.0,0.0,1.0,0.0,0.0,0.0,12.648164507986396,79.94830280872698,"{""type"":""MultiPoint"",""coordinates"":[]}"
2508,36.96335435540526,-0.45606826596702404,-0.23325852223754517,0.6915762499707098,0.0,0.0,0.8928332217012727,0.020763563295378432,0.0,0.08640321500334897,0.0,12.818206281714591,79.90136458442684,"{""type"":""MultiPoint"",""coordinates"":[]}"
2509,29.278054306024103,0.2423149747614239,0.062278442336975215,-0.13292318010964987,0.0,0.0,0.0,0.0,0.0,0.0,1.0,13.063518697478642,80.29413350101845,"{""type"":""MultiPoint"",""coordinates"":[]}"
2510,41.83296028851309,-0.3629005485114523,0.02429460594794473,0.3021758983182359,0.0,0.9524447421299397,0.0,0.0,0.0,0.047555257870060284,0.0,12.895774961476448,80.06598754256699,"{""type"":""MultiPoint"",""coordinates"":[]}"
2511,39.27177964565396,-0.3949347886541383,-0.10020166132711505,0.44449558635532566,0.0,0.38900067069081157,0.0,0.0,0.0,0.6109993293091885,0.0,12.712763444986829,80.22450767667777,"{""type"":""MultiPoint"",""coordinates"":[]}"
2512,43.23601430058313,-0.32573203412356755,0.1060412678315243,0.17197587737310546,0.0,1.0,0.0,0.0,0.0,0.0,0.0,13.026973181897507,80.17633744052837,"{""type"":""MultiPoint"",""coordinates"":[]}"
2513,42.21197145334005,-0.4850968555848055,0.034732693663478385,0.4054683420558275,0.07645875251509053,0.0,0.0,0.7619047619047619,0.0,0.16163648558014754,0.0,12.757267554976474,80.14855762204634,"{""type"":""MultiPoint"",""coordinates"":[]}"
2514,42.9292932443385,-0.3562368587213519,0.11457944688761999,0.18706110473157916,0.0,1.0,0.0,0.0,0.0,0.0,0.0,12.93797565548698,80.15186725000396,"{""type"":""MultiPoint"",""coordinates"":[]}"
2515,32.64092318780163,0.2779020063231841,0.009782001221557703,-0.1208021335184356,0.0,0.0,0.0,0.0,0.0,0.0,0.8693029490616622,12.897972735095385,80.18687520422407,"{""type"":""MultiPoint"",""coordinates"":[]}"
2516,39.82368972079601,-0.45732281503006195,-0.12252156809948932,0.6177034259915073,0.0,0.0,0.0,0.0,0.0,1.0,0.0,13.060845180721255,79.939100758144,"{""type"":""MultiPoint"",""coordinates"":[]}"
2517,39.56756477223191,-0.5726888620782138,0.11429181977278606,0.4499691057639791,0.0,0.0,0.0,0.03686327077747988,0.6380697050938337,0.3250670241286862,0.0,12.932301327439198,80.1671855857593,"{""type"":""MultiPoint"",""coordinates"":[]}"
2518,31.463027022771104,0.42421801444896196,0.03260218782742914,-0.3757414915597813,0.0,0.0,0.0,0.0,0.0,0.0,1.0,13.062561311286586,80.01053428045482,"{""type"":""MultiPoint"",""coordinates"":[]}"
2519,28.55122964655313,0.23023454904789142,-0.029536557409439963,-0.076751862237435,0.0,0.0,0.0,0.0,0.0,0.0,1.0,13.053192145416487,80.30159789641966,"{""type"":""MultiPoint"",""coordinates"":[]}"
2520,36.061403088314414,-0.2232710903893517,-0.03283510872130461,0.3359389670246806,0.0,0.0,0.19665551839464882,0.17056856187290972,0.2782608695652174,0.35451505016722407,0.0,13.142488580391005,80.04050930434364,"{""type"":""MultiPoint"",""coordinates"":[]}"
2521,37.21401516703086,-0.4440302539320197,-0.10997735349980878,0.5740141013064408,0.0,0.0,0.9215817694369973,0.0,0.0,0.07841823056300268,0.0,12.698140612733416,79.90947739754603,"{""type"":""MultiPoint"",""coordinates"":[]}"
2522,36.43230001855228,-0.4261562980298194,0.006848400103961381,0.44725412069732806,0.0,0.0,0.0,0.0,0.1588471849865952,0.8411528150134048,0.0,12.793369339382599,79.90869899411072,"{""type"":""MultiPoint"",""coordinates"":[]}"
2523,28.84033646656816,0.16895253262621682,-0.033434635418243396,-0.03521066526712255,0.0,0.0,0.0,0.0,0.0,0.0,1.0,12.728288662080017,80.33705850462712,"{""type"":""MultiPoint"",""coordinates"":[]}"
2524,44.61486808119305,-0.5481823258918863,0.18609554013666693,0.28264047737699405,0.0,0.0,1.0,0.0,0.0,0.0,0.0,12.755264849157077,80.11296674003223,"{""type"":""MultiPoint"",""coordinates"":[]}"
2525,42.28076211705963,-0.2965025416511984,0.0358565996281169,0.21191530323843952,0.0,0.8486269256530476,0.014735432016075018,0.04554588077695915,0.0,0.0910917615539183,0.0,12.944855098710518,80.19989309699372,"{""type"":""MultiPoint"",""coordinates"":[]}"
2526,37.289704295130626,-0.42847197934692527,-0.06877316329135533,0.49038998936484474,0.0,0.23375753516409914,0.0,0.0,0.0,0.766242464835901,0.0,13.005617659752907,80.24119519021141,"{""type"":""MultiPoint"",""coordinates"":[]}"
2527,36.86670209179198,-0.46357912664777495,-0.1164632660504303,0.617142035795984,0.0,0.017449664429530203,0.0,0.0,0.0,0.9825503355704699,0.0,12.996083858507417,80.21755134899392,"{""type"":""MultiPoint"",""coordinates"":[]}"
2528,37.76028440633379,-0.4511043114342929,-0.0656709675874733,0.5154892731503552,0.0,0.2406166219839142,0.3632707774798928,0.0,0.0,0.396112600536193,0.0,13.105563582688543,80.0644250467379,"{""type"":""MultiPoint"",""coordinates"":[]}"
2529,28.72682473065643,0.2639937489692024,-0.019221009991793454,-0.07783552306837321,0.0,0.0,0.0,0.0,0.0,0.0,1.0,13.113248780768414,80.31681991017811,"{""type"":""MultiPoint"",""coordinates"":[]}"
2530,43.5729419452914,-0.6041673469356377,0.15999970081822318,0.4252370829666528,0.0,0.0,0.0,0.17146684527796385,0.8285331547220361,0.0,0.0,12.997222310682801,79.9480215228066,"{""type"":""MultiPoint"",""coordinates"":[]}"
2531,41.10597960713141,-0.5763283670554116,0.14310882780040507,0.40127700152667095,0.0,0.0,0.0670241286863271,0.8786863270777481,0.0,0.05428954423592494,0.0,13.072776615053344,79.91565222055989,"{""type"":""MultiPoint"",""coordinates"":[]}"
2532,38.16865626537174,-0.4714330249421206,-0.1968556924227353,0.6794065953969438,0.0,0.0,0.07702612190221032,0.0,0.0,0.9229738780977899,0.0,13.047173111536688,80.07304950572998,"{""type"":""MultiPoint"",""coordinates"":[]}"
2533,43.965606181577186,-0.5809860413805912,0.1501872258821431,0.37219905570671075,0.0,0.0,0.22885906040268456,0.4966442953020134,0.0,0.274496644295302,0.0,12.805720370204172,79.93746896209339,"{""type"":""MultiPoint"",""coordinates"":[]}"
2534,33.65425116726362,0.011982061887678789,-0.11836757271209838,0.25327293645100657,0.0,0.0,0.5392354124748491,0.30918846411804163,0.15157612340710935,0.0,0.0,13.105150670086505,79.91618895639556,"{""type"":""MultiPoint"",""coordinates"":[]}"
2535,41.17389483330211,-0.39663298021472215,0.08275413876962227,0.29066170783842876,0.0,0.0,0.5016744809109176,0.09042196918955123,0.0,0.40790354989953104,0.0,12.988381650458347,79.91614122253064,"{""type"":""MultiPoint"",""coordinates"":[]}"
2536,28.585222531581802,0.16816095626983615,-0.004153580992827086,-0.04891826143615442,0.0,0.0,0.0,0.0,0.0,0.0,1.0,12.88269038310797,80.290996151018,"{""type"":""MultiPoint"",""coordinates"":[]}"
2537,41.76486151650605,-0.3599134871533343,-0.049164567814194336,0.39914496271417693,0.0,0.0,0.7356091030789826,0.2643908969210174,0.0,0.0,0.0,12.884389374797955,79.97664138438338,"{""type"":""MultiPoint"",""coordinates"":[]}"
2538,35.41980552037536,-0.3685927890679683,-0.20189531545880737,0.5706499010490923,0.0,0.0,1.0,0.0,0.0,0.0,0.0,13.194604648213046,79.99174064694866,"{""type"":""MultiPoint"",""coordinates"":[]}"
2539,31.50557839759037,0.36461625736198844,0.19413885786924792,-0.4002734183175894,0.0,0.0,0.9042838018741634,0.0,0.09571619812583666,0.0,0.0,13.140059193194631,80.04835489169447,"{""type"":""MultiPoint"",""coordinates"":[]}"
2540,28.73946030431546,0.18959068644492927,0.0013057503175359104,-0.06898980689863267,0.0,0.0,0.0,0.0,0.0,0.0,1.0,12.654074021684462,80.27737960397232,"{""type"":""MultiPoint"",""coordinates"":[]}"
2541,41.008011639785536,-0.5514977680306836,-0.05082751096082481,0.5847480229731745,0.0,0.0,0.0,0.0,0.0,1.0,0.0,12.714358877019619,79.95577476163717,"{""type"":""MultiPoint"",""coordinates"":[]}"
2542,44.35951731647889,-0.5000780147547411,0.20956125372606568,0.20566615602575056,0.0,0.0,0.20389000670690816,0.7800134138162307,0.01609657947686117,0.0,0.0,12.950120502942417,79.9081638525553,"{""type"":""MultiPoint"",""coordinates"":[]}"
2543,40.671235870268106,-0.42047247620843003,-0.07010363672138188,0.5046195302830497,0.0,0.0,0.17694369973190344,0.5261394101876674,0.0,0.29691689008042893,0.0,12.766330580783702,80.24245932152154,"{""type"":""MultiPoint"",""coordinates"":[]}"
2544,40.474424081126784,-0.5212871735980097,-0.011692296214483745,0.5095042635205299,0.0,0.0,0.0,0.5472837022132796,0.0,0.45271629778672035,0.0,12.655405741941186,80.14643877278938,"{""type"":""MultiPoint"",""coordinates"":[]}"
2545,28.943397391734774,0.10964637183005783,0.009991618656777047,-0.05435412155427606,0.0,0.0,0.0,0.0,0.0,0.0,1.0,12.603925043080448,80.33781886149484,"{""type"":""MultiPoint"",""coordinates"":[]}"
2546,41.145290483554234,-0.2886572370212,0.019119316832197038,0.22532355137137025,0.0,0.8293172690763053,0.0,0.0,0.0,0.1706827309236948,0.0,13.08274219437702,80.25783337030884,"{""type"":""MultiPoint"",""coordinates"":[]}"
2547,41.07078640273154,-0.4992311375462366,0.011792724183093153,0.4623347481257095,0.0,0.2758389261744966,0.054362416107382544,0.0,0.0,0.6697986577181207,0.0,12.757573191493666,80.06735720318764,"{""type"":""MultiPoint"",""coordinates"":[]}"
2548,28.8919303200805,0.2673610807313967,-0.02938756799155746,-0.07026346228115507,0.0,0.0,0.0,0.0,0.0,0.0,1.0,12.823060705505616,80.25907413904655,"{""type"":""MultiPoint"",""coordinates"":[]}"
2549,41.00641144744639,-0.5433703740866541,0.10296513865431639,0.4380019267813142,0.0,0.0,0.6930294906166221,0.0,0.24262734584450407,0.06434316353887401,0.0,13.140023288418377,79.97001343123817,"{""type"":""MultiPoint"",""coordinates"":[]}"
2550,33.28386136148895,-0.3540205965367933,-0.32507859556437907,0.6634432572203528,0.0,0.0,1.0,0.0,0.0,0.0,0.0,12.611910155427045,79.98428172149715,"{""type"":""MultiPoint"",""coordinates"":[]}"
2551,34.74614131961722,-0.5439927266994932,-0.05902500604384003,0.6426887413637526,0.0,0.0,0.0,0.0,0.0,1.0,0.0,12.737172323329894,80.08358609031214,"{""type"":""MultiPoint"",""coordinates"":[]}"
2552,39.51461066211129,-0.542345956120385,-0.09086903326049267,0.6435432445939493,0.0,0.0,0.0,0.0,0.0,1.0,0.0,12.761197886152306,79.92128139314782,"{""type"":""MultiPoint"",""coordinates"":[]}"
2553,28.767067179518104,0.2272961813672839,-0.02065039020422542,-0.07458700710452265,0.0,0.0,0.0,0.0,0.0,0.0,1.0,13.057285654379404,80.29620585197385,"{""type"":""MultiPoint"",""coordinates"":[]}"
2554,28.585326361046295,0.20506531503810602,-0.01062199256186116,-0.06651525584851091,0.0,0.0,0.0,0.0,0.0,0.0,1.0,12.870594113636606,80.27101597263992,"{""type"":""MultiPoint"",""coordinates"":[]}"
2555,28.31157634776363,0.19531761307995346,-0.016781602195077412,-0.053375948821419654,0.0,0.0,0.0,0.0,0.0,0.0,1.0,12.951010219674114,80.30076797570237,"{""type"":""MultiPoint"",""coordinates"":[]}"
2556,39.91400698638073,-0.37956499657437565,0.05421954598302762,0.29478635949876225,0.0,0.9819034852546917,0.0,0.0,0.0,0.018096514745308313,0.0,12.896659196531088,80.08190308741305,"{""type"":""MultiPoint"",""coordinates"":[]}"
2557,28.56313140097857,0.22705825908097657,-0.018820961861260952,-0.06922689967798913,0.0,0.0,0.0,0.0,0.0,0.0,1.0,13.05670732504246,80.30749466477742,"{""type"":""MultiPoint"",""coordinates"":[]}"
2558,41.06274283098793,-0.5087309808916052,0.041690064376594387,0.42318052309378,0.0,0.0,0.8293010752688172,0.1706989247311828,0.0,0.0,0.0,12.649474490688096,80.12826325546038,"{""type"":""MultiPoint"",""coordinates"":[]}"
2559,40.00237643499332,-0.4385551130710373,0.033984481562515476,0.30550447263449443,0.0,0.0,1.0,0.0,0.0,0.0,0.0,12.729353477780668,80.1391310117863,"{""type"":""MultiPoint"",""coordinates"":[]}"
2560,41.070248469101905,-0.3379362230852307,0.0037037956998091075,0.2891544954052319,0.0,0.782171581769437,0.0,0.217828418230563,0.0,0.0,0.0,12.879241907108398,80.23393704157185,"{""type"":""MultiPoint"",""coordinates"":[]}"
2561,37.96364997792758,-0.5192237772867753,-0.09813896782407272,0.6177153219552449,0.0,0.0,0.11670020120724345,0.03353454057679409,0.0,0.8497652582159624,0.0,12.64549476549712,80.00133738470363,"{""type"":""MultiPoint"",""coordinates"":[]}"
2562,42.23695702090971,-0.5549305636964976,0.16985179965943023,0.30993027293908304,0.0,0.0,0.3545150501672241,0.16655518394648833,0.4267558528428095,0.05217391304347828,0.0,13.045073234695137,79.90252465205776,"{""type"":""MultiPoint"",""coordinates"":[]}"
2563,40.56616955508716,-0.5933940154008084,0.11271834011977806,0.4897801956826433,0.0,0.0,0.0,0.04289544235924933,0.0,0.9571045576407506,0.0,12.926679986077932,80.16577310687582,"{""type"":""MultiPoint"",""coordinates"":[]}"
2564,43.632486581488955,-0.5219346910752348,0.17375767493160843,0.2684966762858602,0.0,0.0,0.43594902749832326,0.5640509725016767,0.0,0.0,0.0,12.973685950676646,79.9214307770748,"{""type"":""MultiPoint"",""coordinates"":[]}"
2565,36.182762231872935,-0.3623899041675518,-0.19871282785637506,0.5928685071969123,0.0,0.0,0.9973244147157191,0.0,0.0,0.002675585284280937,0.0,13.190463210809405,79.900423891111,"{""type"":""MultiPoint"",""coordinates"":[]}"
2566,39.71035759770779,-0.482480143832356,0.009514516119691967,0.45946044886714804,0.0,0.25536193029490617,0.1400804289544236,0.5475871313672923,0.0,0.05697050938337802,0.0,12.861759320159479,80.15360840289406,"{""type"":""MultiPoint"",""coordinates"":[]}"
2567,42.59609064997989,-0.49202328815153473,0.07451056225735571,0.3673589259602908,0.0,0.0,0.7813547954393025,0.0,0.0,0.21864520456069755,0.0,13.096120470463376,80.04161449225316,"{""type"":""MultiPoint"",""coordinates"":[]}"
2568,39.57718539890082,-0.4111817694952852,-0.007608175737329628,0.3996272144334169,0.0,0.12332439678284185,0.8719839142091153,0.0,0.0,0.004691689008042896,0.0,12.990220392178523,80.10392491940041,"{""type"":""MultiPoint"",""coordinates"":[]}"
2569,43.77314017391539,-0.3667333704486066,0.12439482949850644,0.17053084602462262,0.0,0.0,0.0,1.0,0.0,0.0,0.0,12.60124198133589,80.15904533904659,"{""type"":""MultiPoint"",""coordinates"":[]}"
2570,28.41092802557269,0.13122103475831273,-0.007527337749820957,-0.03316159690627122,0.0,0.0,0.0,0.0,0.0,0.0,1.0,13.012692772588704,80.32707169602409,"{""type"":""MultiPoint"",""coordinates"":[]}"
2571,39.158975477347646,-0.4779912095343192,-0.045630711584912685,0.5296245673094012,0.0,0.18151373074346955,0.0,0.0,0.0,0.8184862692565305,0.0,12.842972053348412,80.23709681891887,"{""type"":""MultiPoint"",""coordinates"":[]}"
2572,41.09304060840136,-0.369374561673998,0.06098073004868612,0.25007145254125535,0.0,0.6441471571906354,0.33244147157190634,0.0,0.0,0.023411371237458196,0.0,13.137044972764095,80.22478912780346,"{""type"":""MultiPoint"",""coordinates"":[]}"
2573,41.37511317321047,-0.5574207412266543,0.06765174708977205,0.45653978107110976,0.0,0.0,0.3941018766756032,0.11528150134048257,0.004691689008042895,0.4859249329758713,0.0,12.78258198968137,80.00286414529401,"{""type"":""MultiPoint"",""coordinates"":[]}"
2574,32.57024742478903,0.16255533761498778,-0.08005062352784348,0.07172244041732147,0.0,0.0,0.5639651707970529,0.0,0.0,0.036838580040187544,0.0,13.010655565456105,80.0247527211998,"{""type"":""MultiPoint"",""coordinates"":[]}"
2575,38.35387622036218,-0.507231988440096,0.03006921758794837,0.4344858113673007,0.0,0.0,0.0,0.0,0.9678068410462777,0.03219315895372234,0.0,12.79625367194814,80.04788821780926,"{""type"":""MultiPoint"",""coordinates"":[]}"
2576,41.630581682357686,-0.5594525929773861,0.07836790494280482,0.4609134327726239,0.0,0.0,0.0,0.00535833891493637,0.9283322170127262,0.06630944407233758,0.0,13.047809302884112,79.91968882246618,"{""type"":""MultiPoint"",""coordinates"":[]}"
2577,38.99611431963859,-0.4722935534680262,0.0183092861113091,0.455962403402684,0.0,0.0,0.004685408299866131,0.0,0.0,0.9953145917001339,0.0,13.147487319449,80.12251949152824,"{""type"":""MultiPoint"",""coordinates"":[]}"
2578,40.510100968967826,-0.5707544625060224,0.004903940498523552,0.5698150074325149,0.0,0.0,0.0,0.0,0.5723860589812331,0.42761394101876665,0.0,12.995608575217,79.91872474844375,"{""type"":""MultiPoint"",""coordinates"":[]}"
2579,28.447333259839045,0.15176156576566363,0.014425168250444414,-0.05646249621965676,0.0,0.0,0.0,0.0,0.0,0.0,1.0,12.815894655643747,80.32312851329552,"{""type"":""MultiPoint"",""coordinates"":[]}"
2580,41.17528614805632,-0.40160664994280376,0.026194053055276455,0.351601088136917,0.0,0.8672922252010724,0.0,0.0,0.0,0.13270777479892762,0.0,13.179460492334341,80.0467204006465,"{""type"":""MultiPoint"",""coordinates"":[]}"
2581,41.70536646289158,-0.5126456126964225,-0.09748076210491848,0.594410199880628,0.0,0.0,0.0,0.0,0.0,1.0,0.0,12.942731561008065,79.91445946602867,"{""type"":""MultiPoint"",""coordinates"":[]}"
2582,29.037385295935632,0.1460568232644598,0.0048409144758843415,-0.05394926041327467,0.0,0.0,0.0,0.0,0.0,0.0,1.0,12.706465177774298,80.33957342139352,"{""type"":""MultiPoint"",""coordinates"":[]}"
2583,35.27751042665775,-0.3826736883898253,-0.2555269119108777,0.5772846217935352,0.0,0.0,1.0,0.0,0.0,0.0,0.0,12.770459249549203,80.06550879583006,"{""type"":""MultiPoint"",""coordinates"":[]}"
2584,41.20089215470196,-0.39574314066483346,0.06823482895415217,0.2775689110265662,0.0,0.6945746818486269,0.3054253181513731,0.0,0.0,0.0,0.0,12.979710367200965,80.06450810841426,"{""type"":""MultiPoint"",""coordinates"":[]}"
2585,37.737258872397874,-0.5121983156089158,0.05002328146308244,0.4155824583080728,0.0,0.0,0.19022103148024114,0.24983255190890824,0.0,0.5599464166108507,0.0,13.021032628436469,80.09718880506891,"{""type"":""MultiPoint"",""coordinates"":[]}"
2586,37.28654380096388,-0.4502019664089796,-0.1480866563840573,0.6286948282821063,0.0,0.0,0.8929049531459171,0.10040160642570282,0.006693440428380187,0.0,0.0,13.04745619654664,79.932421130584,"{""type"":""MultiPoint"",""coordinates"":[]}"
2587,38.765019632567046,-0.3785565138105076,-0.025217516022422972,0.3820557352148134,0.0,0.0,0.9845844504021448,0.015415549597855224,0.0,0.0,0.0,12.779223943706244,80.14887422547874,"{""type"":""MultiPoint"",""coordinates"":[]}"
2588,42.77123150778675,-0.4331257992954544,0.03716016844715794,0.3483360921987375,0.0,0.47820254862508377,0.5204560697518444,0.0,0.0,0.0013413816230717637,0.0,12.869660090860881,80.13321957494573,"{""type"":""MultiPoint"",""coordinates"":[]}"
2589,43.64544132228554,-0.5612109977242207,0.12014936145728575,0.38111781242535503,0.0,0.0,0.9329758713136729,0.06635388739946381,6.702412868632708E-4,0.0,0.0,13.081784825710953,79.96906590055191,"{""type"":""MultiPoint"",""coordinates"":[]}"
2590,40.144888808888155,-0.5288190477872916,0.045224678533879466,0.44875255557192145,0.0,0.0,0.01875418620227729,0.0,0.29671801741460146,0.6845277963831211,0.0,13.114710783875005,79.9515555604503,"{""type"":""MultiPoint"",""coordinates"":[]}"
2591,36.16290132979881,-0.5059818971323978,-0.09819760665917496,0.5901583253821868,0.0,0.0,0.0,0.0,0.0,1.0,0.0,12.880537947469575,80.0836754460408,"{""type"":""MultiPoint"",""coordinates"":[]}"
2592,28.371940161808443,0.13476306675756414,0.006608803040800075,-0.05466710059068911,0.0,0.0,0.0,0.0,0.0,0.0,1.0,12.815397802754205,80.31108085064125,"{""type"":""MultiPoint"",""coordinates"":[]}"
2593,43.98344705108436,-0.25694165398440366,0.12987896749014732,0.07770777306169381,0.0,0.8179384203480589,0.038821954484605084,0.143239625167336,0.0,0.0,0.0,13.097306355205149,79.98122227620809,"{""type"":""MultiPoint"",""coordinates"":[]}"
2594,40.49113805975204,-0.4257784141784136,-0.12673168574047755,0.593178183673766,0.0,0.0,0.0,0.01541554959785523,0.0,0.9845844504021448,0.0,12.916371346094486,80.22294410103142,"{""type"":""MultiPoint"",""coordinates"":[]}"
2595,40.55881004486596,-0.3244755553413994,0.07964047950236493,0.18846861101253123,0.0,1.0,0.0,0.0,0.0,0.0,0.0,13.198862522142512,80.18574824865476,"{""type"":""MultiPoint"",""coordinates"":[]}"
2596,35.38887308966511,0.012437700824787236,-0.39299970872250684,0.4850240200305153,0.0,0.0,0.0,0.8238446081714667,0.0,0.0,0.0,12.771116823780861,79.90993792830096,"{""type"":""MultiPoint"",""coordinates"":[]}"
2597,43.34049001577467,-0.47339097193967,0.0924236684842672,0.31519725294253365,0.0,0.0,1.0,0.0,0.0,0.0,0.0,12.887110353308984,79.95670339290886,"{""type"":""MultiPoint"",""coordinates"":[]}"
2598,38.18252146331327,-0.46925482066393426,-0.05829146729208345,0.5271706663203414,0.0,0.007362784471218206,0.0,0.0,0.0,0.9926372155287818,0.0,13.152072267590222,80.25554477532448,"{""type"":""MultiPoint"",""coordinates"":[]}"
2599,42.01482895438633,-0.5477128019827587,0.08208908518207132,0.4309507159479969,0.0,0.0,0.5177733065057009,0.034875922199865864,0.0,0.44735077129443324,0.0,12.800128508114069,80.07101454918576,"{""type"":""MultiPoint"",""coordinates"":[]}"
2600,41.079951601182024,-0.5477387264456202,0.12810169312169478,0.36999161606887804,0.0,0.0,0.0,0.0,0.7857622565480188,0.2142377434519812,0.0,12.640818980197512,79.95208855345494,"{""type"":""MultiPoint"",""coordinates"":[]}"
2601,43.95630588857912,-0.5570436223732098,0.06936227638062725,0.4762518790754588,0.0,0.0,0.7372654155495979,0.26273458445040215,0.0,0.0,0.0,12.86297716519087,80.04437767869403,"{""type"":""MultiPoint"",""coordinates"":[]}"
2602,42.61972570602411,-0.5403787352505846,0.13077871685180095,0.3517751218213247,0.0,0.0,0.826639892904953,0.0,0.06760374832663989,0.10575635876840696,0.0,13.156242071442412,79.95850281789592,"{""type"":""MultiPoint"",""coordinates"":[]}"
2603,42.43203525740123,-0.37650166284730247,-0.0019307751111599203,0.33891818685553093,0.0,0.39718687206965836,0.0,0.0,0.0,0.6028131279303416,0.0,13.07207312163713,80.21247930199621,"{""type"":""MultiPoint"",""coordinates"":[]}"
2604,28.421673284337363,0.19595386189479866,-0.02470191592229049,-0.04859005823969688,0.0,0.0,0.0,0.0,0.0,0.0,1.0,13.005136366231207,80.30027501307414,"{""type"":""MultiPoint"",""coordinates"":[]}"
2605,43.50720490393554,-0.5227049768407159,0.06706609513172702,0.36113280759930744,0.0,0.0,0.2713230355943586,0.33512424445936867,0.0,0.3935527199462726,0.0,12.695361627455076,80.05243727767444,"{""type"":""MultiPoint"",""coordinates"":[]}"
2606,41.26843746291753,-0.5307327805904157,0.07859497141215496,0.3866595035221365,0.0,0.0,0.2763246143527834,0.4238765928906774,0.02280348759221999,0.27699530516431925,0.0,12.826029785597353,80.09974857331503,"{""type"":""MultiPoint"",""coordinates"":[]}"
2607,28.18325009237266,0.1211399830346627,0.02004870876850245,-0.05917607746823281,0.0,0.0,0.0,0.0,0.0,0.0,1.0,12.821472511250011,80.3358941067562,"{""type"":""MultiPoint"",""coordinates"":[]}"
2608,41.88982464870733,-0.5973139398664169,0.1030356856784934,0.4790512621727451,0.0,0.0,0.23442732752846623,0.7608841259209645,0.0046885465505693245,0.0,0.0,12.885369240661072,79.93891845152181,"{""type"":""MultiPoint"",""coordinates"":[]}"
2609,36.90058229219024,-0.4882715452445899,-0.09069119957223407,0.6121513049070092,0.0,0.0,0.0,0.0,0.0,1.0,0.0,12.816049063365247,80.18657596182891,"{""type"":""MultiPoint"",""coordinates"":[]}"
2610,35.40537629854561,-0.3727814573850625,-0.22298758643419403,0.6300347922450567,0.0,0.0,0.0663538873994638,0.0,0.0,0.9336461126005361,0.0,12.90607123120817,80.04573452804016,"{""type"":""MultiPoint"",""coordinates"":[]}"
2611,28.57857126103149,0.17722191389144892,0.004554318088197577,-0.06668240142738711,0.0,0.0,0.0,0.0,0.0,0.0,1.0,12.926718595259691,80.28615527337678,"{""type"":""MultiPoint"",""coordinates"":[]}"
2612,43.25234725875337,-0.5040387001372603,0.06864222519851032,0.3973042146223587,0.0,0.3920911528150134,0.16152815013404825,0.004691689008042896,0.0,0.4416890080428954,0.0,12.772861986392513,80.07950651691309,"{""type"":""MultiPoint"",""coordinates"":[]}"
2613,28.657317095522803,0.1389878117029502,0.0019904290437602144,-0.04200391194254605,0.0,0.0,0.0,0.0,0.0,0.0,1.0,12.869430186172783,80.31698797680824,"{""type"":""MultiPoint"",""coordinates"":[]}"
2614,39.96398443421302,-0.4036278241312329,0.0017172974005041843,0.39605372929239135,0.0,0.8660415271265908,0.0,0.0,0.0,0.13395847287340926,0.0,12.977706853979742,80.25334902623813,"{""type"":""MultiPoint"",""coordinates"":[]}"
2615,42.13899098074348,-0.3787269282524337,-0.023371304273430555,0.3716732916215695,0.0,1.0,0.0,0.0,0.0,0.0,0.0,13.070902626544916,80.22717143745236,"{""type"":""MultiPoint"",""coordinates"":[]}"
2616,35.5203681005101,-0.5754566537628731,-0.031448061155778036,0.6230209730453092,0.0,0.0,0.0,0.0,0.0,1.0,0.0,12.756745719915463,80.03230085394688,"{""type"":""MultiPoint"",""coordinates"":[]}"
2617,40.092750912213305,-0.400249850438065,-0.05040873432352202,0.4476643491527007,0.0,0.24547283702213282,0.0,0.0,0.0,0.7545271629778671,0.0,12.818514405842306,80.20360119661115,"{""type"":""MultiPoint"",""coordinates"":[]}"
2618,40.016219414457865,-0.41375967569249195,0.01392981161379122,0.3742279946434655,0.0,0.23828647925033467,0.7014725568942436,0.0,0.0,0.06024096385542169,0.0,12.918414549414546,80.05884235617896,"{""type"":""MultiPoint"",""coordinates"":[]}"
2619,28.866678634808622,0.1281989120517015,0.01759165650455361,-0.045943288274652376,0.0,0.0,0.0,0.0,0.0,0.0,1.0,12.666989779451255,80.29685802031143,"{""type"":""MultiPoint"",""coordinates"":[]}"
2620,36.07817409291752,-0.5602313353708245,-0.12398322007604773,0.7107359323789824,0.0,0.0,0.0,0.0,0.0,1.0,0.0,12.691587849190144,80.02050104504465,"{""type"":""MultiPoint"",""coordinates"":[]}"
2621,39.22221302558983,-0.27479726644809804,0.09479047605587743,0.12708837438699397,0.0,1.0,0.0,0.0,0.0,0.0,0.0,13.12536420395459,80.1927006189322,"{""type"":""MultiPoint"",""coordinates"":[]}"
2622,43.435093920993296,-0.5544950571585567,0.15115033546737874,0.36536717598038465,0.0,0.0,0.6516778523489933,0.3483221476510067,0.0,0.0,0.0,12.806897831128152,79.9946944926573,"{""type"":""MultiPoint"",""coordinates"":[]}"
2623,39.307026973963815,-0.5626002145495363,0.059993118105162,0.48006867468863457,0.0,0.0,0.0,0.0,0.6901408450704225,0.3098591549295775,0.0,12.908672514840681,80.02037806544197,"{""type"":""MultiPoint"",""coordinates"":[]}"
2624,40.88552200326861,-0.2547292300438507,0.06072449870172797,0.14644023119527355,0.0,0.9310113864701942,0.0,0.0,0.0,0.06898861352980577,0.0,13.126779018813425,80.15418659873832,"{""type"":""MultiPoint"",""coordinates"":[]}"
2625,38.625633372600554,-0.317349835341322,-0.11283129242456366,0.5136101597996799,0.0,0.0,0.6836461126005362,0.16689008042895445,0.1494638069705094,0.0,0.0,12.860449605684314,80.21708730537196,"{""type"":""MultiPoint"",""coordinates"":[]}"
2626,41.467607604159426,-0.31013134233842166,0.051570743575372106,0.21138045364464866,0.0,0.9618218352310783,0.0,0.038178164768921635,0.0,0.0,0.0,12.936458040543243,80.19922053742332,"{""type"":""MultiPoint"",""coordinates"":[]}"
2627,45.170453257714485,-0.41914023421298074,0.15414757422808328,0.17104672780194768,0.0,0.0,0.12868632707774796,0.871313672922252,0.0,0.0,0.0,12.758887563919956,80.20230676364126,"{""type"":""MultiPoint"",""coordinates"":[]}"
2628,28.8658495335456,0.3139512369763255,-0.009494737998915079,-0.09179072691265844,0.0,0.0,0.0,0.0,0.0,0.0,1.0,12.646059411175377,80.22367799089055,"{""type"":""MultiPoint"",""coordinates"":[]}"
2629,40.79167983910189,-0.4579517689104604,0.024457200927546108,0.37424144185454183,0.0,0.0,0.3954423592493298,0.0,0.0,0.6045576407506704,0.0,12.601222913901163,80.10604497040535,"{""type"":""MultiPoint"",""coordinates"":[]}"
2630,43.53683703991953,-0.6085894797271914,0.1767894146039222,0.38870399792672466,0.0,0.0,0.43460764587525147,0.49161636485580135,0.07377598926894702,0.0,0.0,12.906591662106731,79.93771485125865,"{""type"":""MultiPoint"",""coordinates"":[]}"
2631,36.027698773746664,-0.40319061305310167,-0.1892649875270669,0.5823848400080779,0.0,0.0,1.0,0.0,0.0,0.0,0.0,12.730205771825407,80.09794926338765,"{""type"":""MultiPoint"",""coordinates"":[]}"
2632,42.77596661455036,-0.567673582494954,0.09143989644105602,0.41418658681167264,0.0,0.0,0.3161073825503355,0.2718120805369127,0.0,0.4120805369127517,0.0,12.70141940903846,80.0704184440047,"{""type"":""MultiPoint"",""coordinates"":[]}"
2633,41.09751926965795,-0.47279255223510813,0.0762999254268542,0.3874144885930297,0.0026827632461435273,0.16834339369550635,0.0,0.10663983903420522,0.0,0.7223340040241447,0.0,12.658086885892843,79.94613798931066,"{""type"":""MultiPoint"",""coordinates"":[]}"
2634,32.07120397397989,0.38505589795817136,0.13971399820444003,-0.35872319247135687,0.0,0.0,0.4818791946308725,0.3516778523489933,0.06308724832214765,0.0,0.0,12.621189973321478,79.98903311312299,"{""type"":""MultiPoint"",""coordinates"":[]}"
2635,44.99371619474532,-0.6123298481302181,0.2221817007828531,0.33565802324499777,0.0,0.0,0.4068364611260054,0.5931635388739946,0.0,0.0,0.0,12.928582482158642,79.97514546097224,"{""type"":""MultiPoint"",""coordinates"":[]}"
2636,42.3632107518231,-0.3780291484247396,-0.04210162631780253,0.39264336260127225,0.064343163538874,0.7399463806970511,0.0,0.0,0.0,0.19571045576407506,0.0,13.038258644256866,80.05281276254159,"{""type"":""MultiPoint"",""coordinates"":[]}"
2637,28.79734412891948,0.14444567736612657,0.0077658383337601,-0.04451306021328559,0.0,0.0,0.0,0.0,0.0,0.0,1.0,12.741720911453385,80.3089073303518,"{""type"":""MultiPoint"",""coordinates"":[]}"
2638,35.600688941807256,-0.5037739980060182,-0.13207015249712012,0.6672440777070408,0.0,0.0,0.0,0.0,0.0,1.0,0.0,12.957662214294126,80.05306736550001,"{""type"":""MultiPoint"",""coordinates"":[]}"
2639,39.30296260264078,-0.5209514238751266,-0.027035229186056577,0.5479335314409841,0.0,0.0,0.010053619302949061,0.989946380697051,0.0,0.0,0.0,12.760017101259715,80.19925451026963,"{""type"":""MultiPoint"",""coordinates"":[]}"
2640,40.92051492738114,-0.32218434038376625,-0.003512129624002022,0.2656208810884342,0.0,1.0,0.0,0.0,0.0,0.0,0.0,12.969240759476314,80.26230241237859,"{""type"":""MultiPoint"",""coordinates"":[]}"
2641,43.8835801822051,-0.34461513456771536,0.08774424571237052,0.21554374456896222,0.0,1.0,0.0,0.0,0.0,0.0,0.0,12.92929727404381,80.11889424485516,"{""type"":""MultiPoint"",""coordinates"":[]}"
2642,42.51692029452177,-0.559847049022002,0.22168006609551005,0.2773475809162106,0.0,0.0,1.0,0.0,0.0,0.0,0.0,13.179210871062367,79.90547415620208,"{""type"":""MultiPoint"",""coordinates"":[]}"
2643,41.839558744033575,-0.5189247615974656,0.0619014796259167,0.39802838401125257,0.0,0.0,0.7778523489932886,0.22214765100671144,0.0,0.0,0.0,12.751637885210133,80.0469236820412,"{""type"":""MultiPoint"",""coordinates"":[]}"
2644,39.74806578081772,-0.4716506056310174,-0.06542103223339207,0.5629817093760824,0.0,0.0,0.0,0.0,0.3391420911528151,0.6608579088471851,0.0,13.040330612129988,79.91035085226778,"{""type"":""MultiPoint"",""coordinates"":[]}"
2645,42.36287218848793,-0.3270580427184089,0.02091863936512069,0.28022143426462576,0.0,1.0,0.0,0.0,0.0,0.0,0.0,12.618558384347963,80.19714688574093,"{""type"":""MultiPoint"",""coordinates"":[]}"
2646,38.86730360738928,-0.44040138243286814,-0.05550746517656207,0.4608332282522111,0.0,0.0,0.7557046979865771,0.0,0.0,0.24429530201342284,0.0,12.659436814888751,80.14628381827079,"{""type"":""MultiPoint"",""coordinates"":[]}"
2647,42.29856097947654,-0.5667794095015827,0.12331767836765564,0.42798836052029643,0.0,0.0,0.0,0.0,0.7389261744966444,0.2610738255033557,0.0,12.898212005963723,79.99641240320749,"{""type"":""MultiPoint"",""coordinates"":[]}"
2648,35.31688521515093,-0.43059761417580866,-0.2913353898624283,0.7348419252861889,0.0,0.0,0.9812206572769954,0.0053655264922870555,0.0,0.01341381623071764,0.0,12.756934993411564,79.97608191392986,"{""type"":""MultiPoint"",""coordinates"":[]}"
2649,40.93251121546373,-0.3336456228994794,0.11550802316191064,0.1856090425885354,0.43010752688172044,0.0,0.03763440860215053,0.532258064516129,0.0,0.0,0.0,12.76749069848134,80.21508605811994,"{""type"":""MultiPoint"",""coordinates"":[]}"
2650,42.38578728394368,-0.5706015246410857,0.08629616457447539,0.45190059607336747,0.0,0.05499664654594233,0.0,0.0,0.034875922199865864,0.9101274312541918,0.0,12.844645387229372,79.93685954113153,"{""type"":""MultiPoint"",""coordinates"":[]}"
2651,43.12862813002009,-0.2802188258195867,0.1066079027755698,0.08601081482668912,0.0,1.0,0.0,0.0,0.0,0.0,0.0,13.068772984104154,80.13033103707946,"{""type"":""MultiPoint"",""coordinates"":[]}"
2652,37.15029772596387,-0.418029535925759,-0.1251251181209201,0.4979535269227772,0.0,0.0,0.864123159303882,0.03413654618473895,0.0,0.10174029451137882,0.0,13.096584955012908,80.01371601962828,"{""type"":""MultiPoint"",""coordinates"":[]}"
2653,40.651733709771825,-0.5632481322649557,0.05420051020900139,0.502556936799774,0.0,0.0,0.0,1.0,0.0,0.0,0.0,12.651833817496463,80.1832354401847,"{""type"":""MultiPoint"",""coordinates"":[]}"
2654,41.54826600117728,-0.37014081562996,0.0569312381578012,0.23302207207994585,0.0,0.17859531772575252,0.6260869565217392,0.0,0.0,0.19531772575250836,0.0,13.069900646180448,80.03386813540456,"{""type"":""MultiPoint"",""coordinates"":[]}"
2655,39.683485233915675,-0.3639611971626791,0.02883626392714174,0.3098487708534213,0.0,1.0,0.0,0.0,0.0,0.0,0.0,13.122064606725269,80.02789321990495,"{""type"":""MultiPoint"",""coordinates"":[]}"
2656,41.96160027451745,-0.29201327238507824,0.13023497005165546,0.13651819883158003,0.675603217158177,0.0,0.3183646112600536,0.006032171581769437,0.0,0.0,0.0,12.887383323761805,79.92025382710332,"{""type"":""MultiPoint"",""coordinates"":[]}"
2657,45.38686523983247,-0.47615618043274,0.18022898798461626,0.207529191545184,0.0,0.0,0.0,1.0,0.0,0.0,0.0,12.786410499960072,80.168883007535,"{""type"":""MultiPoint"",""coordinates"":[]}"
2658,37.67743122204821,-0.4532628245678092,-0.10230263471282472,0.552540567153232,0.0,0.0,1.0,0.0,0.0,0.0,0.0,13.162773673681706,80.01723363265398,"{""type"":""MultiPoint"",""coordinates"":[]}"
2659,38.32673187630698,-0.07288309353861161,-0.035164896182948664,0.07697410679913853,0.5475871313672922,0.0,0.0,0.3042895442359249,0.0,0.0,0.14812332439678283,12.745495449626722,80.24298146689675,"{""type"":""MultiPoint"",""coordinates"":[]}"
2660,37.18034199478846,-0.5016856751654852,-0.0753758705605123,0.5467355961945168,0.0,0.0,0.6964405641370046,0.3035594358629953,0.0,0.0,0.0,12.601438441431071,80.1346275349664,"{""type"":""MultiPoint"",""coordinates"":[]}"
2661,31.076171904397608,0.36673110695299393,-0.034373513314162586,-0.22880271312985875,0.0,0.0,0.0,0.0,0.0,0.0,1.0,13.00025989437412,80.07452591946898,"{""type"":""MultiPoint"",""coordinates"":[]}"
2662,40.649601253181835,-0.3554631938542372,0.027643232572340807,0.30255866802338804,0.0,1.0,0.0,0.0,0.0,0.0,0.0,13.191986041503737,80.17977640693049,"{""type"":""MultiPoint"",""coordinates"":[]}"
2663,41.373649895452736,-0.5366701040281765,0.08253141175511522,0.39143115011027696,0.0,0.0,0.7122736418511065,0.14285714285714288,0.0,0.14486921529175054,0.0,12.704320543878282,80.09643923236874,"{""type"":""MultiPoint"",""coordinates"":[]}"
2664,40.23106605971141,-0.4021954458238039,-0.028842654143821058,0.37380594710836157,0.0,0.0,1.0,0.0,0.0,0.0,0.0,12.613450459672904,80.12437441342306,"{""type"":""MultiPoint"",""coordinates"":[]}"
2665,41.667048048311024,-0.5201583850120609,0.06946474786166722,0.41407653023321955,0.0,0.0,0.0,0.007372654155495979,0.0,0.9926273458445041,0.0,12.915606411368032,80.03097742265152,"{""type"":""MultiPoint"",""coordinates"":[]}"
2666,37.624604630543274,-0.43897824442863126,-0.13721678454975836,0.586592385923951,0.0,0.2334004024144869,0.0,0.0,0.0,0.766599597585513,0.0,12.83428942590835,80.19661351467725,"{""type"":""MultiPoint"",""coordinates"":[]}"
2667,40.707300047228934,-0.48964464637354227,0.004070844130727396,0.46057419965701507,0.0,0.16867469879518074,0.0,0.0,0.0,0.8313253012048193,0.0,12.94455101231974,80.05019978633035,"{""type"":""MultiPoint"",""coordinates"":[]}"
2668,37.60600284024098,-0.4827293556207351,-0.10081690281715049,0.6096058682516782,0.0,0.0,0.01807228915662651,0.0,0.0,0.9819277108433736,0.0,13.073559413363933,80.10533545963602,"{""type"":""MultiPoint"",""coordinates"":[]}"
2669,42.52324694114538,-0.35654948283797666,0.06095272567221206,0.22899191988982906,0.0,0.9129269926322839,0.0,0.0,0.0,0.087073007367716,0.0,13.135531162054917,80.15992658160957,"{""type"":""MultiPoint"",""coordinates"":[]}"
2670,28.763031597172617,0.16595452721802995,-0.022022818847511703,-0.04657781284363455,0.0,0.0,0.0,0.0,0.0,0.0,1.0,12.60551874640016,80.3198928209009,"{""type"":""MultiPoint"",""coordinates"":[]}"
2671,39.886475356084354,-0.44537033798881226,-0.037060715538221475,0.4708363487072837,0.0,0.42369477911646586,0.0,0.0,0.0,0.5763052208835341,0.0,13.126498563694643,80.03538695148632,"{""type"":""MultiPoint"",""coordinates"":[]}"
2672,28.47698303632956,0.10968656428855815,0.025202112836382205,-0.05008254729393121,0.0,0.0,0.0,0.0,0.0,0.0,1.0,13.015337036395257,80.32557810109617,"{""type"":""MultiPoint"",""coordinates"":[]}"
2673,43.72994797225874,-0.34650734047947307,0.11756392455481827,0.1326107998203971,0.0,0.39276139410187677,0.4443699731903485,0.1628686327077748,0.0,0.0,0.0,13.016551402518333,79.90495430746842,"{""type"":""MultiPoint"",""coordinates"":[]}"
2674,41.060997347706255,-0.4391698817116294,-0.006900353455628939,0.38834551574493614,0.0,0.0,1.0,0.0,0.0,0.0,0.0,12.657623625110531,80.11017783773687,"{""type"":""MultiPoint"",""coordinates"":[]}"
2675,41.43492394141422,-0.3006442477453119,0.1213890826974639,0.10056064179247513,0.044906166219839144,0.7747989276139411,0.0,0.0,0.0,0.09115281501340483,0.08914209115281503,13.068672990200564,80.2697312380513,"{""type"":""MultiPoint"",""coordinates"":[]}"
2676,41.13496175928957,-0.3482111065760064,0.010586762597936625,0.31244835916933006,0.0,1.0,0.0,0.0,0.0,0.0,0.0,12.97401342564987,80.18700644177987,"{""type"":""MultiPoint"",""coordinates"":[]}"
2677,42.48170733279679,-0.406018231053197,0.024805543111048083,0.34775082848090855,0.0,0.2930918846411804,0.0,0.0,0.0,0.7069081153588197,0.0,12.750557128675243,79.93445472916643,"{""type"":""MultiPoint"",""coordinates"":[]}"
2678,42.62682621320404,-0.3598043310177357,0.1474786356325411,0.14727694359618854,0.0,0.9906354515050168,0.0,0.0,0.0,0.00936454849498328,0.0,13.099854048349709,80.1609454516741,"{""type"":""MultiPoint"",""coordinates"":[]}"
2679,31.6714694566801,0.5315741537427664,-0.1843831033353525,-0.15285934914585067,0.0,0.0,0.0,0.0,0.0,0.0,1.0,12.721427935183856,79.9945912673447,"{""type"":""MultiPoint"",""coordinates"":[]}"
2680,40.10127526355425,-0.4800934877082657,-0.09413273865786094,0.545146419827613,0.0,0.3507362784471219,0.0,0.0,0.0,0.6492637215528783,0.0,13.112116811275342,80.2550784615969,"{""type"":""MultiPoint"",""coordinates"":[]}"
2681,28.643038402293787,0.16133936250556627,0.00613034064698134,-0.08208788251517254,0.0,0.0,0.0,0.0,0.0,0.0,1.0,12.786570041154551,80.33798843594495,"{""type"":""MultiPoint"",""coordinates"":[]}"
2682,28.77465999892311,0.21819962144599309,-0.02050357560738185,-0.06957658423944277,0.0,0.0,0.0,0.0,0.0,0.0,1.0,13.187133238325927,80.32863261767184,"{""type"":""MultiPoint"",""coordinates"":[]}"
2683,43.91716090951679,-0.5401056955073137,0.09508337944239154,0.3347800374114494,0.0,0.0,1.0,0.0,0.0,0.0,0.0,12.63139321449426,80.14592552241992,"{""type"":""MultiPoint"",""coordinates"":[]}"
2684,32.47504692168677,0.08767347272865567,-0.19495821109058784,0.24940493385621673,0.0,0.0,1.0,0.0,0.0,0.0,0.0,13.117065332056299,80.17693223255537,"{""type"":""MultiPoint"",""coordinates"":[]}"
2685,28.367605537050967,0.20612077407360987,-0.019374230472913034,-0.06062968665234165,0.0,0.0,0.0,0.0,0.0,0.0,1.0,12.96308715199441,80.30155584190024,"{""type"":""MultiPoint"",""coordinates"":[]}"
2686,29.22355849529176,0.27120288318482144,-0.035079450904491584,-0.07782710921413796,0.0,0.0,0.0,0.0,0.0,0.0,1.0,12.809873055384998,80.26182407940107,"{""type"":""MultiPoint"",""coordinates"":[]}"
2687,36.674546546269276,-0.5707760242895366,-0.03328333660640597,0.6581898916695278,0.0,0.0,0.0,0.0,0.0,1.0,0.0,12.799895600035715,80.11277307022752,"{""type"":""MultiPoint"",""coordinates"":[]}"
2688,42.507519012545224,-0.37146064415836744,0.18667176929824775,0.09105415455993007,0.0,1.0,0.0,0.0,0.0,0.0,0.0,13.097980975435954,80.28299162549243,"{""type"":""MultiPoint"",""coordinates"":[]}"
2689,45.1653871700604,-0.5940404641116848,0.21958756845628002,0.32034103887099397,0.0,0.0,0.0,0.9557344064386318,0.044265593561368215,0.0,0.0,13.03776077478291,79.99092770861786,"{""type"":""MultiPoint"",""coordinates"":[]}"
2690,43.53906919517428,-0.43773822220709707,0.12062313940963887,0.2475905881411609,0.0,0.0,0.36595174262734587,0.6340482573726541,0.0,0.0,0.0,12.954842080837096,79.97611682720324,"{""type"":""MultiPoint"",""coordinates"":[]}"
2691,31.035342311638708,0.6214406348852785,-0.35330141724480735,-0.14996865116312452,0.0,0.0,0.0,0.0,0.0,0.0,1.0,12.70877523392941,79.98335303063917,"{""type"":""MultiPoint"",""coordinates"":[]}"
2692,42.55698643863364,-0.3867673665569195,0.12423410579990592,0.11323158923478364,0.8559946416610851,0.0,0.0,0.14400535833891495,0.0,0.0,0.0,13.09603594690112,80.09680585405079,"{""type"":""MultiPoint"",""coordinates"":[]}"
2693,40.39505426392355,-0.4659417009357524,0.030293587152559618,0.41239124685341355,0.0,0.0,1.0,0.0,0.0,0.0,0.0,12.919873896153339,79.97684308740267,"{""type"":""MultiPoint"",""coordinates"":[]}"
2694,28.688551357468114,0.2113780019837229,-0.0035311278305724106,-0.0641472772761596,0.0,0.0,0.0,0.0,0.0,0.0,1.0,12.632705268148655,80.24640676129336,"{""type"":""MultiPoint"",""coordinates"":[]}"
2695,42.66527642771085,-0.4129531661349329,-0.011195656039663706,0.4130070630764287,0.0,0.7402945113788486,0.0,0.0,0.0,0.2597054886211512,0.0,13.052836849029308,80.25802105069937,"{""type"":""MultiPoint"",""coordinates"":[]}"
2696,44.419666215714294,-0.41021652393269753,0.12139049546463554,0.23873521640263543,0.0,0.0,0.19584171696847752,0.0,0.8041582830315224,0.0,0.0,12.882956195605331,79.99156336726894,"{""type"":""MultiPoint"",""coordinates"":[]}"
2697,40.05136465605899,-0.34993589223388466,-0.14557931506292232,0.5176243196450255,0.0,0.010053619302949061,0.8398123324396782,0.0,0.03686327077747989,0.11327077747989275,0.0,13.133143778894597,79.98197585730102,"{""type"":""MultiPoint"",""coordinates"":[]}"
2698,40.57445381276924,-0.2661878220967479,0.08700905462344126,0.12348956484615314,0.0,1.0,0.0,0.0,0.0,0.0,0.0,13.106216547877997,80.13498667935683,"{""type"":""MultiPoint"",""coordinates"":[]}"
2699,40.7687726847485,-0.30680769749010367,0.0070994079413564575,0.2803466355794032,0.0,1.0,0.0,0.0,0.0,0.0,0.0,12.963439335689774,80.24499300077022,"{""type"":""MultiPoint"",""coordinates"":[]}"
2700,28.54669754668676,0.14459609852805125,0.008397012192195465,-0.046485767889477815,0.0,0.0,0.0,0.0,0.0,0.0,1.0,13.085782841654606,80.33716310948758,"{""type"":""MultiPoint"",""coordinates"":[]}"
2701,42.000084983094474,-0.5377904746888704,0.07945086117966867,0.410327244634661,0.0,0.0,0.9939718687206966,0.006028131279303416,0.0,0.0,0.0,12.90047687830153,80.02350524718543,"{""type"":""MultiPoint"",""coordinates"":[]}"
2702,40.02034589546919,-0.5074278026084562,0.01947466494618464,0.4963069691777492,0.0,0.003351206434316354,0.7714477211796246,0.19235924932975873,0.0,0.03284182305630027,0.0,12.871220520852011,80.04161522018794,"{""type"":""MultiPoint"",""coordinates"":[]}"
2703,40.70700137176947,-0.30581403145605424,0.05452435716739336,0.2017411228934828,0.0,1.0,0.0,0.0,0.0,0.0,0.0,12.975483176488613,80.21703374717428,"{""type"":""MultiPoint"",""coordinates"":[]}"
2704,38.61133816831101,0.5388082515890832,-0.4495204983201005,-0.11483983982862082,0.0,0.0,0.0,0.0,0.0160857908847185,0.0,0.9839142091152816,12.850707043755625,79.96712295884018,"{""type"":""MultiPoint"",""coordinates"":[]}"
2705,42.2267517827711,-0.36816182684539983,0.05588177999311856,0.27739797398546473,0.0,0.7001338688085674,0.23493975903614456,0.0,0.0,0.0649263721552878,0.0,13.012361530456614,80.17050384928206,"{""type"":""MultiPoint"",""coordinates"":[]}"
2706,43.34559510192773,-0.4522378838941787,0.13392218162424196,0.2363912634449153,0.0,0.12583668005354753,0.0,0.17402945113788484,0.7001338688085674,0.0,0.0,13.169483947828306,80.08641956066893,"{""type"":""MultiPoint"",""coordinates"":[]}"
2707,28.491667015083745,0.14562731178395288,-0.01654195434907586,-0.04422618961541356,0.0,0.0,0.0,0.0,0.0,0.0,1.0,13.000923484058871,80.3309414832588,"{""type"":""MultiPoint"",""coordinates"":[]}"
2708,41.73620874460766,-0.3472589052155408,0.043488709220762575,0.2897793279326816,0.30851777330650565,0.0,0.0,0.0,0.015425888665325283,0.676056338028169,0.0,12.844914558735043,79.90197027520112,"{""type"":""MultiPoint"",""coordinates"":[]}"
2709,41.48983621245474,-0.3354645495810193,0.09114920906347138,0.1767703449081801,0.0,1.0,0.0,0.0,0.0,0.0,0.0,12.901845283656359,80.23247011232219,"{""type"":""MultiPoint"",""coordinates"":[]}"
2710,36.23417484760216,-0.36159745273553845,-0.2790429030269871,0.6552309463210167,0.0,0.0,0.9946416610850637,0.00535833891493637,0.0,0.0,0.0,13.05785954771355,80.04751987026522,"{""type"":""MultiPoint"",""coordinates"":[]}"
2711,39.25705300424935,-0.337571636562972,0.04031715249950828,0.23891379046036254,0.0,0.8538873994638072,0.0,0.14611260053619304,0.0,0.0,0.0,12.951913150189224,80.24946003648766,"{""type"":""MultiPoint"",""coordinates"":[]}"
2712,39.911837505857925,-0.5351863841362999,0.014910489810146248,0.5090460539779099,0.0,0.0,0.006702412868632708,0.0,0.5107238605898123,0.48257372654155495,0.0,12.872306448458067,79.9230319193084,"{""type"":""MultiPoint"",""coordinates"":[]}"
2713,39.30864632088475,-0.5489005237863841,0.0782638426981501,0.4527063111740517,0.0,0.0,0.9443699731903484,0.05563002680965147,0.0,0.0,0.0,12.874768755487013,80.03565089925165,"{""type"":""MultiPoint"",""coordinates"":[]}"
2714,28.94341112791696,0.2766155731653681,-1.7119433822468074E-4,-0.09579204481553423,0.0,0.0,0.0,0.0,0.0,0.0,1.0,12.853648753819513,80.2564408718683,"{""type"":""MultiPoint"",""coordinates"":[]}"
2715,40.452133228304305,-0.5703070452674118,0.1667031995921771,0.3431850914027223,0.0,0.0,0.0,0.0,0.9436997319034853,0.05630026809651475,0.0,12.773850839414079,79.98686152503804,"{""type"":""MultiPoint"",""coordinates"":[]}"
2716,33.00042843252017,-0.4221236556076401,-0.29891372607491545,0.7010992550715492,0.0,0.0,1.0,0.0,0.0,0.0,0.0,12.611812626400836,79.98501815398468,"{""type"":""MultiPoint"",""coordinates"":[]}"
2717,33.406751903501025,-0.4387068075815531,-0.18760339178821406,0.6998921673682613,0.0,0.0,0.0,0.0,0.0,1.0,0.0,12.98016908533724,80.07057006723625,"{""type"":""MultiPoint"",""coordinates"":[]}"
2718,41.26368232289158,-0.531313805430142,0.1671355778842181,0.3344207237154591,0.0,0.0,0.0,0.0,0.2389558232931726,0.7610441767068271,0.0,12.948694108626148,80.06837410935475,"{""type"":""MultiPoint"",""coordinates"":[]}"
2719,28.9924018132215,0.1928803144205523,-0.01098342109497761,-0.07227181988570779,0.0,0.0,0.0,0.0,0.0,0.0,1.0,12.638736416811591,80.3049777351501,"{""type"":""MultiPoint"",""coordinates"":[]}"
2720,36.88625293617964,-0.3835044972256585,-0.16577686587371496,0.5756782346389465,0.0,0.0,1.0,0.0,0.0,0.0,0.0,12.962303624362438,79.91228821590205,"{""type"":""MultiPoint"",""coordinates"":[]}"
2721,28.463981739892848,0.16314325326964654,-0.004295975208270156,-0.05264907071117975,0.0,0.0,0.0,0.0,0.0,0.0,1.0,12.97274689877625,80.30628485007837,"{""type"":""MultiPoint"",""coordinates"":[]}"
2722,40.65235091445784,-0.42694441522313603,-0.030889372249430593,0.4410430539447634,0.0,0.0,0.056224899598393566,0.0,0.0,0.9437751004016063,0.0,13.1963029276123,80.25623295201049,"{""type"":""MultiPoint"",""coordinates"":[]}"
2723,28.553390454527182,0.18826580089446784,-0.0231110487271963,-0.05602572503828511,0.0,0.0,0.0,0.0,0.0,0.0,1.0,12.909664700741848,80.30243315230963,"{""type"":""MultiPoint"",""coordinates"":[]}"
2724,41.247401722893514,-0.2254026085660803,0.04893848927676621,0.123021802751604,0.47153382451440057,0.00535833891493637,0.1419959812458138,0.3677160080375085,0.0,0.013395847287340924,0.0,12.821326087401392,80.21455956231546,"{""type"":""MultiPoint"",""coordinates"":[]}"
2725,40.722066317828435,-0.5739530348329689,0.06811065323197,0.5042051682937568,0.0,0.0,0.0,6.702412868632707E-4,0.6233243967828417,0.3760053619302948,0.0,12.901456696015764,79.97577722456978,"{""type"":""MultiPoint"",""coordinates"":[]}"
2726,31.984383858230586,0.33220044884848715,-0.11293566581765585,-0.09817086014534869,0.0,0.0,0.0,0.0,0.0,0.022117962466487937,0.977882037533512,13.165622572153021,80.19014165174256,"{""type"":""MultiPoint"",""coordinates"":[]}"
2727,40.490136937272126,-0.38680037675030887,0.07292048395793634,0.2876191618854931,0.0,0.8156836461126005,0.0,0.0,0.0,0.18431635388739945,0.0,12.91949916190558,80.04721184888703,"{""type"":""MultiPoint"",""coordinates"":[]}"
2728,42.26336195711798,-0.5163472991340989,0.024789590468720847,0.4811133408146697,0.0,0.0,0.03351206434316354,0.0,0.21112600536193032,0.7553619302949063,0.0,12.831935221820261,79.95838124700485,"{""type"":""MultiPoint"",""coordinates"":[]}"
2729,31.895790728785244,0.430013163749573,0.05117427226424551,-0.3261470650117188,0.0,0.0,0.0,0.0,0.0,0.0,1.0,12.909679890824929,80.03911007415616,"{""type"":""MultiPoint"",""coordinates"":[]}"
2730,43.19055868439386,-0.4269095890068598,-0.0032774794271945994,0.3604144056775125,0.0,0.0,0.040187541862022766,0.0,0.0,0.9598124581379772,0.0,13.007295795359557,80.16879216103656,"{""type"":""MultiPoint"",""coordinates"":[]}"
2731,28.833780479247856,0.16178645622181112,0.021045092032502793,-0.06947911243695146,0.0,0.0,0.0,0.0,0.0,0.0,1.0,12.634242730277055,80.28884688755474,"{""type"":""MultiPoint"",""coordinates"":[]}"
2732,38.021950413288614,-0.49014682790420866,-0.030192417062634477,0.5290101812473572,0.0,0.0,0.0,0.011409395973154364,0.0,0.9885906040268457,0.0,12.679538387916647,80.09289431269436,"{""type"":""MultiPoint"",""coordinates"":[]}"
2733,45.49389485470512,-0.49796236977364583,0.15494069349868939,0.2722864343993029,0.0,0.0,0.9242627345844504,0.07573726541554959,0.0,0.0,0.0,12.829273013183023,80.17033850963092,"{""type"":""MultiPoint"",""coordinates"":[]}"
2734,41.47077795837351,-0.49239182435390194,0.1049054213212786,0.3211784424086326,0.0,0.0,0.8989290495314592,0.08366800535475236,0.0,0.01740294511378849,0.0,13.15931642407486,80.12638821165558,"{""type"":""MultiPoint"",""coordinates"":[]}"
2735,41.80727303979267,-0.44020745276621615,0.07901615331896862,0.2955300629922771,0.0,0.3451505016722408,0.1872909698996656,0.0,0.0,0.4675585284280937,0.0,13.096001267517224,80.08831027044667,"{""type"":""MultiPoint"",""coordinates"":[]}"
2736,28.58555267562628,0.1406294205537029,0.013283877199373736,-0.041789558407668195,0.0,0.0,0.0,0.0,0.0,0.0,1.0,12.891060850280413,80.32714423851552,"{""type"":""MultiPoint"",""coordinates"":[]}"
2737,43.077528822962485,-0.3975378489576176,0.030070423126858304,0.3221991279266265,0.12801608579088472,0.03686327077747989,0.24128686327077747,0.03418230563002681,0.33646112600536193,0.22319034852546915,0.0,12.834941223417994,79.91215636631476,"{""type"":""MultiPoint"",""coordinates"":[]}"
2738,44.94525682674267,-0.2416038422918573,0.031091924731074007,0.18481572683810518,0.0,0.9705093833780162,0.0,0.0,0.0,0.02949061662198392,0.0,12.782048605518892,80.01671560759841,"{""type"":""MultiPoint"",""coordinates"":[]}"
2739,41.56279614741289,-0.5371236857788287,0.07804041894273195,0.4415737573384673,0.0,0.0,0.5931635388739945,0.4068364611260053,0.0,0.0,0.0,12.842185819190322,80.0093972121368,"{""type"":""MultiPoint"",""coordinates"":[]}"
2740,28.484954502520136,0.17784938813238838,-0.00511435011792805,-0.047421175907821106,0.0,0.0,0.0,0.0,0.0,0.0,1.0,12.921573825304353,80.29519792129896,"{""type"":""MultiPoint"",""coordinates"":[]}"
2741,46.045689740281524,-0.4817412916344925,0.11525952821768792,0.27876884094447035,0.0,0.0,0.1105898123324397,0.8894101876675603,0.0,0.0,0.0,12.601418613581526,79.95817951245455,"{""type"":""MultiPoint"",""coordinates"":[]}"
2742,42.83686687403218,-0.5134782755187306,0.15717544349428206,0.27603327443725584,0.0,0.0,1.0,0.0,0.0,0.0,0.0,12.90940765336003,79.95427609166788,"{""type"":""MultiPoint"",""coordinates"":[]}"
2743,34.605000551765116,-0.33724094902834556,-0.34395084532148773,0.6230067822299794,0.0,0.0,1.0,0.0,0.0,0.0,0.0,12.668339018630869,79.90300564253259,"{""type"":""MultiPoint"",""coordinates"":[]}"
2744,49.13006341903422,-0.45012783970662357,0.1850119421588664,0.1563765167255285,0.0,0.0,0.0,1.0,0.0,0.0,0.0,12.785169422778777,80.17125231955258,"{""type"":""MultiPoint"",""coordinates"":[]}"
2745,41.97651827319494,-0.32836788468045647,0.038992442144672894,0.23520868649500734,0.0,1.0,0.0,0.0,0.0,0.0,0.0,12.918143803920252,80.15970628373566,"{""type"":""MultiPoint"",""coordinates"":[]}"
2746,37.48488532607647,-0.5643205435315434,-0.08755623661621777,0.6711348836633974,0.0,0.0013413816230717637,0.0,0.0,0.0,0.9986586183769283,0.0,12.612721974163458,80.04361067439824,"{""type"":""MultiPoint"",""coordinates"":[]}"
2747,41.5448588948121,-0.48597947678352016,-0.09902165900525742,0.5888528351168968,0.0,0.0,0.39865771812080536,0.13624161073825505,0.0,0.46510067114093967,0.0,12.867737890940552,80.03040762280831,"{""type"":""MultiPoint"",""coordinates"":[]}"
2748,28.82918943632711,0.213290769609932,-0.020107197627651244,-0.06367305235095706,0.0,0.0,0.0,0.0,0.0,0.0,1.0,13.026742048932844,80.29961576580665,"{""type"":""MultiPoint"",""coordinates"":[]}"
2749,28.831932590664895,0.25951969933673263,-0.0230826659929052,-0.06430358675065981,0.0,0.0,0.0,0.0,0.0,0.0,1.0,12.688423792773998,80.24434162511055,"{""type"":""MultiPoint"",""coordinates"":[]}"
2750,36.65392231788593,-0.4711617069313741,-0.11494871646869378,0.6070901362688855,0.0,0.0,1.0,0.0,0.0,0.0,0.0,12.802669936289712,79.95069181443728,"{""type"":""MultiPoint"",""coordinates"":[]}"
2751,37.641733701931614,-0.33883248924764475,-0.07638485435422009,0.43962885888434644,0.0,0.0,0.15694164989939638,0.2917505030181087,0.0,0.551307847082495,0.0,12.850811492403428,80.00795541555172,"{""type"":""MultiPoint"",""coordinates"":[]}"
2752,28.564248644698807,0.1293366986905499,-0.0018110999790803127,-0.04077044928667091,0.0,0.0,0.0,0.0,0.0,0.0,1.0,13.05148813265477,80.34483541756398,"{""type"":""MultiPoint"",""coordinates"":[]}"
2753,42.98697314720806,-0.40287491060369407,0.08576686934930629,0.2538840548081201,0.0,0.0,0.15436241610738255,0.8456375838926175,0.0,0.0,0.0,12.613824655416648,79.90386783927032,"{""type"":""MultiPoint"",""coordinates"":[]}"
2754,43.70057626077698,-0.549027405836743,0.1739065645916513,0.32720429348704566,0.0,0.0,0.0,1.0,0.0,0.0,0.0,12.912705531980611,80.21164698049188,"{""type"":""MultiPoint"",""coordinates"":[]}"
2755,41.49141584192901,-0.42406609330505424,0.009955047790048964,0.3913127473855244,0.0,0.463496316141996,0.0,0.0,0.0,0.5365036838580038,0.0,13.150001304454571,80.07076770792322,"{""type"":""MultiPoint"",""coordinates"":[]}"
2756,38.6526003369933,-0.5515384722990792,0.07781381729451899,0.4806030645101638,0.0,0.0,0.0,0.0825503355704698,0.0,0.9174496644295301,0.0,12.960482403682317,80.01913756187751,"{""type"":""MultiPoint"",""coordinates"":[]}"
2757,38.65646930325523,-0.32859832836410163,-0.18733311394359167,0.6123480311858127,0.0,0.0,0.0,0.13328868050904222,0.0,0.8667113194909578,0.0,12.992657426329068,80.12976479420756,"{""type"":""MultiPoint"",""coordinates"":[]}"
2758,29.027433450878036,0.25842179979320395,-0.016345190647166396,-0.07390808126443854,0.0,0.0,0.0,0.0,0.0,0.0,1.0,12.757937965615264,80.25992498392192,"{""type"":""MultiPoint"",""coordinates"":[]}"
2759,42.68751565451441,-0.2981033311644863,0.0986685766481339,0.14817898155788967,0.0,0.4052243804420629,0.0,0.0,0.0,0.5947756195579369,0.0,13.061872133666707,80.15932697161293,"{""type"":""MultiPoint"",""coordinates"":[]}"
2760,41.5242563682842,-0.5473506378683656,0.061159430638219006,0.4775880147306176,0.0,0.0,0.40013404825737264,0.0,0.06434316353887398,0.5355227882037533,0.0,12.921943937106077,79.90107553181555,"{""type"":""MultiPoint"",""coordinates"":[]}"
2761,42.30716992730745,-0.30417221431642744,0.09314272424875396,0.1483287003733908,0.0,1.0,0.0,0.0,0.0,0.0,0.0,13.040365185318,80.09654625707405,"{""type"":""MultiPoint"",""coordinates"":[]}"
2762,39.193631696096595,-0.36947167983814083,0.04884565490195978,0.24560649865943354,0.0,0.7652582159624413,0.0,0.0,0.0,0.23474178403755866,0.0,12.81648609638525,80.22649449421986,"{""type"":""MultiPoint"",""coordinates"":[]}"
2763,40.772775491927725,-0.32995062926688007,0.026156601235961696,0.26466425774411517,0.0,1.0,0.0,0.0,0.0,0.0,0.0,13.035153829006966,80.16871409060228,"{""type"":""MultiPoint"",""coordinates"":[]}"
2764,43.67761966630278,-0.21247454183376455,0.11990105277651268,0.033341722596354186,0.0,1.0,0.0,0.0,0.0,0.0,0.0,13.166189996208766,80.27992658712657,"{""type"":""MultiPoint"",""coordinates"":[]}"
2765,29.059711059986615,0.2627047629717869,-0.017891037267871734,-0.09105828855084608,0.0,0.0,0.0,0.0,0.0,0.0,1.0,12.821964788086193,80.25562568678646,"{""type"":""MultiPoint"",""coordinates"":[]}"
2766,42.45642842759546,-0.3804495012492941,0.030718520541146783,0.3591374761476115,0.0,0.8392498325519089,0.0,0.0,0.0,0.16075016744809106,0.0,12.973395439754078,80.24883835795461,"{""type"":""MultiPoint"",""coordinates"":[]}"
2767,36.82716380088473,-0.5100239740493747,-0.20633377367471914,0.7345101372103705,0.0,0.0,0.0,0.0,0.0,1.0,0.0,12.70154194375027,80.17106613265715,"{""type"":""MultiPoint"",""coordinates"":[]}"
2768,38.14379793391423,-0.49493511208694174,-0.019217984561890986,0.529225490003485,0.0,0.0,1.0,0.0,0.0,0.0,0.0,13.085168646503169,80.0046301579674,"{""type"":""MultiPoint"",""coordinates"":[]}"
2769,40.566654096896336,-0.40630504019351815,-0.06452591211389255,0.4762437178754682,0.0,0.2274247491638796,0.031438127090301006,0.0,0.0,0.7411371237458194,0.0,13.07306973368179,80.03267268612385,"{""type"":""MultiPoint"",""coordinates"":[]}"
2770,42.99580675965821,-0.4050526263537983,8.549780221730301E-4,0.37133671942556706,0.0,0.47721179624664894,0.008042895442359251,0.0,0.004021447721179626,0.5107238605898125,0.0,12.94857645999447,79.93718881036293,"{""type"":""MultiPoint"",""coordinates"":[]}"
2771,41.317945106265086,-0.37925710326026807,0.050367818313109346,0.2571644535852873,0.0,0.0,0.8922356091030791,0.10776439089692104,0.0,0.0,0.0,13.090279167241361,80.07841209056906,"{""type"":""MultiPoint"",""coordinates"":[]}"
2772,38.34256656413541,-0.5218213876235896,-0.025959625026785095,0.5362115818245731,0.0,0.0,0.1809651474530831,0.0,0.10388739946380697,0.7151474530831099,0.0,12.934144392380075,79.92818265570122,"{""type"":""MultiPoint"",""coordinates"":[]}"
2773,34.233993833948986,-0.27292397301752047,-0.15218760760502636,0.5569237335266185,0.0,0.0,0.0,0.0,0.0,0.40832773673606454,0.5916722632639356,12.652886065721066,80.17172742139591,"{""type"":""MultiPoint"",""coordinates"":[]}"
2774,41.29794453496986,-0.5489355980250314,0.13358767477711658,0.37073509359985535,0.0,0.0,0.0,0.22736418511066403,0.7417840375586855,0.030851777330650577,0.0,12.790113007230591,79.98112346797348,"{""type"":""MultiPoint"",""coordinates"":[]}"
2775,31.31218827310117,0.4253318101405567,0.05361680069362456,-0.3540315897444721,0.0,0.0,0.0,0.0,0.0,0.0,1.0,13.017205525609914,80.05035055123606,"{""type"":""MultiPoint"",""coordinates"":[]}"
2776,40.83379383052918,-0.2525817145211866,0.09150105429234585,0.15136299152090765,0.6610850636302746,0.0,0.0,0.0,0.0,0.08908238446081714,0.24983255190890827,12.947720662105233,80.07536724015571,"{""type"":""MultiPoint"",""coordinates"":[]}"
2777,28.57706098806843,0.2107609495308966,0.01773601740694212,-0.07442678239733223,0.0,0.0,0.0,0.0,0.0,0.0,1.0,12.666372538578745,80.25323489210024,"{""type"":""MultiPoint"",""coordinates"":[]}"
2778,28.56934088034185,0.19339544791510827,-0.017777732793924778,-0.047083639690666736,0.0,0.0,0.0,0.0,0.0,0.0,1.0,12.987019945367527,80.29783305825464,"{""type"":""MultiPoint"",""coordinates"":[]}"
2779,39.934575268158085,-0.4589987210356983,-0.03638723711682486,0.49848712644141546,0.0,0.6222371064969859,0.0,0.0,0.0,0.3777628935030141,0.0,12.96817615348644,80.24285817581475,"{""type"":""MultiPoint"",""coordinates"":[]}"
2780,28.79235891117215,0.2467882194980583,-0.021250160959132777,-0.05470245025439279,0.0,0.0,0.0,0.0,0.0,0.0,1.0,12.994894783907839,80.28028357079917,"{""type"":""MultiPoint"",""coordinates"":[]}"
2781,39.07381822277108,-0.4406216470615301,-0.1027820101120884,0.5465128383591913,0.0,0.0,0.50334672021419,0.0,0.0,0.4966532797858099,0.0,13.190727047534969,80.05173689060607,"{""type"":""MultiPoint"",""coordinates"":[]}"
2782,47.106217155006725,-0.5480904286420102,0.22711137167075526,0.23200780220059475,0.0,0.0,1.0,0.0,0.0,0.0,0.0,12.839979331632822,79.98889395951738,"{""type"":""MultiPoint"",""coordinates"":[]}"
2783,47.335024079295785,-0.40280055427701816,0.15114090684656192,0.12535099214138193,0.8162307176391682,0.0,0.0,0.18376928236083162,0.0,0.0,0.0,12.6368600435801,79.94854208923728,"{""type"":""MultiPoint"",""coordinates"":[]}"
2784,28.381974050080473,0.1722249831572719,3.9683931159304207E-4,-0.048443191664877434,0.0,0.0,0.0,0.0,0.0,0.0,1.0,12.924211170543037,80.3031960935846,"{""type"":""MultiPoint"",""coordinates"":[]}"
2785,43.80134037592494,-0.5271652078740068,0.03499282463166011,0.44388622400607997,0.0,0.0,0.0,0.277479892761394,0.0,0.7225201072386057,0.0,12.772112275491189,80.16140244637951,"{""type"":""MultiPoint"",""coordinates"":[]}"
2786,41.79944666265062,-0.4279419192989746,0.022306274722791265,0.36753228364162915,0.0,0.45783132530120474,0.0,0.0,0.0,0.5421686746987951,0.0,13.083698164421806,80.26485723093502,"{""type"":""MultiPoint"",""coordinates"":[]}"
2787,36.656272580903625,-0.18035694825440188,0.02297992854254007,0.22261207957066945,0.0,0.0,0.1318607764390897,0.3092369477911647,0.2637215528781794,0.0,0.29518072289156627,13.071166509688235,79.91356870852384,"{""type"":""MultiPoint"",""coordinates"":[]}"
2788,33.50789873792341,0.4283678531578566,-0.35046468738033176,0.03420827883573351,0.0,0.0,0.0,0.0,0.0,0.0,1.0,12.73606092235621,80.22355006896284,"{""type"":""MultiPoint"",""coordinates"":[]}"
2789,41.39612414534855,-0.5794816133475862,0.17375930273429718,0.34042658572226864,0.0,0.0,0.0,0.7513404825737267,0.2211796246648794,0.027479892761394106,0.0,12.999369182882935,79.91331422170735,"{""type"":""MultiPoint"",""coordinates"":[]}"
2790,44.33272794101879,-0.31661688395761256,0.09033172954214849,0.13120052759212894,0.0,1.0,0.0,0.0,0.0,0.0,0.0,13.162666241878984,80.22654285850348,"{""type"":""MultiPoint"",""coordinates"":[]}"
2791,28.803965323132545,0.26682048255949214,-0.015925272002484215,-0.07940337931302362,0.0,0.0,0.0,0.0,0.0,0.0,1.0,13.134396518305367,80.31018423026332,"{""type"":""MultiPoint"",""coordinates"":[]}"
2792,42.37155091518075,-0.37169618783977915,0.0785064448218646,0.24155455646489793,0.0,1.0,0.0,0.0,0.0,0.0,0.0,13.01749822059814,80.1539860288773,"{""type"":""MultiPoint"",""coordinates"":[]}"
2793,28.670415953837928,0.2021546724540207,0.010909823780328455,-0.07131310704047916,0.0,0.0,0.0,0.0,0.0,0.0,1.0,12.76823493878358,80.27982256577319,"{""type"":""MultiPoint"",""coordinates"":[]}"
2794,37.66886780030204,-0.4541602941321884,-0.1565997338934488,0.6134622860311777,0.0,0.0,0.6731543624161074,0.0,0.0,0.3268456375838926,0.0,12.753378139365212,79.93628867280098,"{""type"":""MultiPoint"",""coordinates"":[]}"
2795,38.51217778849198,-0.5048706718876859,-0.09486896211300479,0.6294064153106261,0.0,0.0,0.0,0.0,0.0,1.0,0.0,13.013834979547958,79.92911301263575,"{""type"":""MultiPoint"",""coordinates"":[]}"
2796,39.95457441623745,-0.5242993588413611,-0.004273829805923497,0.5091559807851248,0.0,0.0,0.16901408450704228,0.0,0.11938296445338699,0.7116029510395708,0.0,12.780014347258257,80.11107867454135,"{""type"":""MultiPoint"",""coordinates"":[]}"
2797,40.02588277790606,-0.2830416477294169,0.09753779004990128,0.12497229264594362,0.0,1.0,0.0,0.0,0.0,0.0,0.0,12.954146971976842,80.26200174780585,"{""type"":""MultiPoint"",""coordinates"":[]}"
2798,32.24442876878526,-0.3946697586794783,-0.3190153778791585,0.705886793853641,0.0,0.0,1.0,0.0,0.0,0.0,0.0,12.607747636893675,79.97352908184517,"{""type"":""MultiPoint"",""coordinates"":[]}"
2799,39.53835957423493,-0.40973207045864257,-0.014704392711345432,0.39597941948254545,0.0,0.0,1.0,0.0,0.0,0.0,0.0,12.71585951914025,79.92870638380441,"{""type"":""MultiPoint"",""coordinates"":[]}"
2800,40.8495718349296,-0.49162975056994546,0.010492309985282779,0.4327317593656917,0.0,0.0,0.11200536552649229,0.0,0.0,0.8879946344735078,0.0,12.688237318264669,80.15827673488378,"{""type"":""MultiPoint"",""coordinates"":[]}"
2801,38.53971175469527,-0.5349242714206309,-0.03292854750241806,0.5780230428900558,0.0,0.0,0.0,0.0,0.0,1.0,0.0,12.821465592051016,80.18512128704592,"{""type"":""MultiPoint"",""coordinates"":[]}"
2802,42.63466614315015,-0.5992373163196156,0.18667925816693098,0.37985699059556627,0.0,0.0,0.38270777479892765,0.5046916890080428,0.0,0.1126005361930295,0.0,12.974305907147151,79.99155631679413,"{""type"":""MultiPoint"",""coordinates"":[]}"
2803,40.084562930783676,-0.37643599914855325,-0.042128287088420265,0.38677133257621926,0.0,0.4333556597454789,0.0,0.0,0.0,0.566644340254521,0.0,12.963095036917027,79.94830594860778,"{""type"":""MultiPoint"",""coordinates"":[]}"
2804,40.653668705301214,-0.3736073123343753,-0.08115817748668946,0.43406185907949474,0.0,0.0,0.6994645247657295,0.3005354752342704,0.0,0.0,0.0,13.165766826364221,80.00417013361486,"{""type"":""MultiPoint"",""coordinates"":[]}"
2805,37.7446281855987,0.06243545178996892,0.0331550225250541,0.005106493794291558,0.16053511705685622,0.0,0.0,0.688294314381271,0.0,0.15117056856187291,0.0,13.062055317127452,79.95526520177991,"{""type"":""MultiPoint"",""coordinates"":[]}"
2806,39.66047683420524,-0.4793096137174505,-0.04721539071998851,0.5045589797818723,0.0,0.009389671361502346,0.45204560697518437,0.0,0.0,0.5385647216633133,0.0,12.89067705746023,80.06674875407595,"{""type"":""MultiPoint"",""coordinates"":[]}"
2807,34.607128211865785,0.03454539818335725,-0.01927069551564118,0.11971323835569252,0.0,0.0,0.314765100671141,0.2724832214765101,0.0,0.0,0.0,12.79251862369807,79.90194550364787,"{""type"":""MultiPoint"",""coordinates"":[]}"
2808,41.29567835489264,-0.3418684680396547,0.01725392767090335,0.2918193335024678,0.0,1.0,0.0,0.0,0.0,0.0,0.0,12.962772106347634,80.1957167647243,"{""type"":""MultiPoint"",""coordinates"":[]}"
2809,39.11477726698797,-0.5084190965625358,-0.010812317334750948,0.5136773153729777,0.0,0.028781793842034813,0.2630522088353414,0.0,0.0,0.7081659973226239,0.0,13.142981700999675,80.09451865388837,"{""type"":""MultiPoint"",""coordinates"":[]}"
2810,41.50916831350104,-0.40759015900267803,0.07990677150703772,0.2526023882069011,0.0,0.5298457411133467,0.4701542588866532,0.0,0.0,0.0,0.0,12.727524757259895,80.01534703908243,"{""type"":""MultiPoint"",""coordinates"":[]}"
2811,43.70093912492299,-0.49056681802879804,0.042521904729688295,0.3933657700089027,0.0,0.0,0.5693235097119892,0.43067649028801064,0.0,0.0,0.0,13.06369720099942,79.9852806346227,"{""type"":""MultiPoint"",""coordinates"":[]}"
2812,28.720625637731565,0.14758174995630746,0.030685093609784223,-0.05159624698252608,0.0,0.0,0.0,0.0,0.0,0.0,1.0,12.684719692173253,80.27080723367918,"{""type"":""MultiPoint"",""coordinates"":[]}"
2813,42.247195857303836,-0.43296100731370213,0.02034422622217696,0.3441181981670902,0.0,0.25821596244131456,0.5446009389671361,0.0,0.0,0.19718309859154928,0.0,12.625178657052782,80.05539351220469,"{""type"":""MultiPoint"",""coordinates"":[]}"
2814,40.45305760569707,-0.4256430056985513,0.03185418252894349,0.38867247858868076,0.0,0.0,0.479892761394102,0.0,0.0,0.5201072386058981,0.0,12.922905421759621,80.07856980384405,"{""type"":""MultiPoint"",""coordinates"":[]}"
2815,40.498645945191164,-0.252462796927178,0.037166442785649415,0.1885121913762645,0.0,0.9309188464118041,0.0,0.0,0.0,0.06908115358819585,0.0,12.899173177281384,80.09297242091121,"{""type"":""MultiPoint"",""coordinates"":[]}"
2816,41.22269857561665,-0.5173224300625213,0.01890557333261579,0.4931695061987417,0.0,0.0,0.3820375335120644,0.030160857908847184,0.011394101876675604,0.576407506702413,0.0,12.970114066202584,79.99518956878599,"{""type"":""MultiPoint"",""coordinates"":[]}"
2817,28.506840277384324,0.15716268527955624,0.018312666896703148,-0.05451162699547157,0.0,0.0,0.0,0.0,0.0,0.0,1.0,12.93099838027327,80.29784596686231,"{""type"":""MultiPoint"",""coordinates"":[]}"
2818,36.3955150196911,-0.1664043098788666,-0.12787617346440316,0.36959596934409467,0.0,0.0,0.0,0.0,0.0,0.6232370718603091,0.3767629281396912,12.728568435511841,80.17914546726284,"{""type"":""MultiPoint"",""coordinates"":[]}"
2819,33.561150037076935,0.1290497122561149,-0.047011215252261256,0.024832419836149363,0.0,0.0,0.7852842809364549,0.044816053511705686,0.0026755852842809363,0.1672240802675585,0.0,13.097157312368319,80.06871522266094,"{""type"":""MultiPoint"",""coordinates"":[]}"
2820,28.403556928571454,0.17881223002451882,-0.005874418490447383,-0.05297550207238805,0.0,0.0,0.0,0.0,0.0,0.0,1.0,12.819140981327134,80.30186989340127,"{""type"":""MultiPoint"",""coordinates"":[]}"
2821,41.83606237632285,-0.5820314682872144,0.1076021476770699,0.4552144083901199,0.0,0.0,0.24514400535833886,0.7548559946416611,0.0,0.0,0.0,12.765878543421953,80.19368029314982,"{""type"":""MultiPoint"",""coordinates"":[]}"
2822,28.506691995328886,0.14118557380114496,0.03635705469136613,-0.0737816161724994,0.0,0.0,0.0,0.0,0.0,0.0,1.0,12.791739951504484,80.30718298215169,"{""type"":""MultiPoint"",""coordinates"":[]}"
2823,42.73976338545579,-0.3411033976227888,0.08918785749409346,0.17578883167825837,0.0,1.0,0.0,0.0,0.0,0.0,0.0,12.842472085356599,80.057122201108,"{""type"":""MultiPoint"",""coordinates"":[]}"
2824,43.0106338925151,-0.4697771727745249,0.1292527338401966,0.3031921295377832,0.0,0.0,0.0,0.16431924882629106,0.5633802816901408,0.27230046948356806,0.0,12.848671442992526,79.90404582422221,"{""type"":""MultiPoint"",""coordinates"":[]}"
2825,36.36095637511053,-0.4381527615200122,-0.1393133355620918,0.6152727765309136,0.0,0.0,0.0,0.0,0.0,1.0,0.0,12.770396805514185,79.91414506129794,"{""type"":""MultiPoint"",""coordinates"":[]}"
2826,39.80317859609661,-0.46062574847725524,-0.08275458284229462,0.5375028444626884,0.0,0.0,0.0,0.0,0.0,1.0,0.0,13.013533536889266,80.19691800232751,"{""type"":""MultiPoint"",""coordinates"":[]}"
2827,40.07840641750672,-0.540941326674097,-0.1228233696221255,0.6513414805816605,0.0,0.0,0.034852546916890076,0.0,0.0,0.9651474530831099,0.0,13.066507875191242,79.97705408599134,"{""type"":""MultiPoint"",""coordinates"":[]}"
2828,39.89367651707386,-0.4673421313902602,-0.0824080390804622,0.5235343913924122,0.0,0.0,0.8120805369127517,0.0,0.0,0.18791946308724838,0.0,12.761040715753095,79.95764478584934,"{""type"":""MultiPoint"",""coordinates"":[]}"
2829,39.09071042536147,-0.445066103635286,-0.04778508120534643,0.487777073016268,0.0,0.0,0.02878179384203481,6.693440428380188E-4,0.0,0.9705488621151271,0.0,13.088206571844434,80.12028042569575,"{""type"":""MultiPoint"",""coordinates"":[]}"
2830,42.10040540718396,-0.47545375573011983,0.11059358697244086,0.30806213576956104,0.0,0.0,0.948494983277592,0.0,0.0,0.05150501672240803,0.0,13.108476387952207,79.98995116317566,"{""type"":""MultiPoint"",""coordinates"":[]}"
2831,37.102272258973855,-0.3783566407703823,-0.2740018074216844,0.6064093155269764,0.0,0.0,1.0,0.0,0.0,0.0,0.0,12.642230906745347,79.99477859719923,"{""type"":""MultiPoint"",""coordinates"":[]}"
2832,42.23087473083112,-0.45166867205990635,0.0661642369571645,0.3291212283268575,0.0,0.08310991957104559,0.6387399463806971,0.0,0.0,0.2781501340482574,0.0,12.945983040737342,80.06397650555112,"{""type"":""MultiPoint"",""coordinates"":[]}"
2833,42.80300591904829,-0.30512333349083576,0.12451737437071533,0.1338392328073178,0.0,1.0,0.0,0.0,0.0,0.0,0.0,12.78681251659395,80.22059193103382,"{""type"":""MultiPoint"",""coordinates"":[]}"
2834,34.072839410663995,0.10721452314010682,0.05101272129402942,-0.05226205899943413,0.0,0.0,0.006036217303822938,0.0,0.0,0.0,0.9939637826961771,12.79788972341539,80.23851465355777,"{""type"":""MultiPoint"",""coordinates"":[]}"
2835,28.502248454092452,0.16363849345314668,-0.00721665560801887,-0.048451068798824236,0.0,0.0,0.0,0.0,0.0,0.0,1.0,13.156327306353278,80.34618725949491,"{""type"":""MultiPoint"",""coordinates"":[]}"
2836,43.220820770563776,-0.4697752129796961,0.011222325219506437,0.4187057781561348,0.0,0.02281879194630873,0.0,0.0,0.0,0.9771812080536914,0.0,12.615284432096947,80.05701889376913,"{""type"":""MultiPoint"",""coordinates"":[]}"
2837,41.7931596975654,-0.40105931217643115,0.02745574917412227,0.32699211814376034,0.0,0.0,0.3655264922870557,0.6344735077129444,0.0,0.0,0.0,12.911872392076253,80.21734699919948,"{""type"":""MultiPoint"",""coordinates"":[]}"
2838,40.03942793138742,-0.41393459127132115,0.026847930710816394,0.37789048632670263,0.0,0.2540214477211796,0.0060321715817694375,0.0,0.0,0.739946380697051,0.0,13.074302093917515,80.1124382601153,"{""type"":""MultiPoint"",""coordinates"":[]}"
2839,41.93062847733915,-0.37489499520646224,0.08382381114104527,0.24245933216761756,0.0,0.8753351206434317,0.12466487935656836,0.0,0.0,0.0,0.0,12.957534364017766,80.1654145666265,"{""type"":""MultiPoint"",""coordinates"":[]}"
2840,42.13298007222522,-0.5059224758278592,0.10203958818026206,0.33856778448106645,0.0,0.0,0.3411528150134048,0.0,0.648793565683646,0.010053619302949061,0.0,13.051922250446731,79.91296477829424,"{""type"":""MultiPoint"",""coordinates"":[]}"
2841,42.26753548336018,-0.45669771761909417,0.09976730280118892,0.2967433463437204,0.0,0.36619718309859156,0.0,0.3172367538564722,0.0,0.31656606304493634,0.0,12.894719290742326,80.24656462395873,"{""type"":""MultiPoint"",""coordinates"":[]}"
2842,43.29580101435658,-0.32442749896922807,0.04055432909141509,0.2409974678371049,0.0,0.792225201072386,0.024128686327077747,0.0,0.0,0.18364611260053618,0.0,13.094880763468735,80.15332105611306,"{""type"":""MultiPoint"",""coordinates"":[]}"
2843,28.55960341786866,0.1886345338908054,-0.013663098721385545,-0.060023180126979686,0.0,0.0,0.0,0.0,0.0,0.0,1.0,12.777106811641682,80.30010604769333,"{""type"":""MultiPoint"",""coordinates"":[]}"
2844,38.95678652217305,-0.4493518917077803,-0.21929640772122333,0.7360698824292629,0.0,0.0,0.0,0.0,0.0,1.0,0.0,13.034921383831646,79.93845745170044,"{""type"":""MultiPoint"",""coordinates"":[]}"
2845,41.341465259778694,-0.543839146951409,0.1082625109779498,0.40305647089039953,0.0,0.0,0.0,0.0,1.0,0.0,0.0,12.785084229670534,79.97033460969581,"{""type"":""MultiPoint"",""coordinates"":[]}"
2846,37.23440245867206,-0.5201667689101689,-0.10145904331564401,0.6320664448654705,0.0,0.0,0.0,0.0,0.0,1.0,0.0,12.829152160406776,80.19429446234476,"{""type"":""MultiPoint"",""coordinates"":[]}"
2847,40.436540453018125,-0.43648613034088235,0.0016361717369079974,0.38449191587582887,0.0,0.0,0.6934942991281019,0.0,0.0,0.30650570087189805,0.0,12.635899623756922,80.11489382483971,"{""type"":""MultiPoint"",""coordinates"":[]}"
2848,42.09633417442657,-0.49425359185152573,0.058555013402479775,0.4176459364169253,0.0,0.0,0.32863849765258213,0.6713615023474178,0.0,0.0,0.0,12.927149992090442,79.96620613995074,"{""type"":""MultiPoint"",""coordinates"":[]}"
2849,40.61042290395179,-0.4590227193025033,-0.020567724208192775,0.4426750423722282,0.0,0.0,0.9196249162759544,0.0,0.0,0.08037508372404555,0.0,12.852216071382019,80.1823084432338,"{""type"":""MultiPoint"",""coordinates"":[]}"
2850,33.76407160985937,0.02047894071563408,0.03276388734570183,0.04137279973383565,0.0,0.0,0.0,0.040857334226389826,0.7782987273945077,0.13864701942397858,0.04219691895512392,12.942158604639484,80.0266756841982,"{""type"":""MultiPoint"",""coordinates"":[]}"
2851,43.0253616363472,-0.34967477372680883,0.0883676480096944,0.19886767997665641,0.15683646112600536,0.29088471849865954,0.0,0.5522788203753352,0.0,0.0,0.0,13.051768354338714,80.13404903604706,"{""type"":""MultiPoint"",""coordinates"":[]}"
2852,44.024284854041575,-0.2630907793085584,0.10202532613548988,0.13596676831114737,0.027479892761394103,0.9725201072386058,0.0,0.0,0.0,0.0,0.0,13.018506783093455,80.13233456848766,"{""type"":""MultiPoint"",""coordinates"":[]}"
2853,30.75456087723492,0.5858537435704868,-0.3084909316268182,-0.14581375182109166,0.0,0.0,0.0,0.0,0.0,0.0,1.0,12.70659205513081,79.98612596677,"{""type"":""MultiPoint"",""coordinates"":[]}"
2854,44.92854488736457,-0.43142835010875985,0.13991702068325354,0.1500330420310299,0.0,0.0,0.977257525083612,0.02274247491638796,0.0,0.0,0.0,13.100219732774823,79.96208453803888,"{""type"":""MultiPoint"",""coordinates"":[]}"
2855,29.395009012637605,0.298996893976441,-0.014475434805794739,-0.10162805783802384,0.0,0.0,0.0,0.0,0.0,0.0,1.0,12.788325235792522,80.26232952855483,"{""type"":""MultiPoint"",""coordinates"":[]}"
2856,39.04173596409639,-0.40441989349335167,-0.06760080216705736,0.43397179111317946,0.0,0.2597054886211512,0.0,0.03413654618473896,0.0,0.7061579651941098,0.0,13.08949353141395,80.20800978915616,"{""type"":""MultiPoint"",""coordinates"":[]}"
2857,38.28719450022147,-0.47644829018325824,-0.044010865886280864,0.5158260502884572,0.0,0.12080536912751677,0.768456375838926,0.0,6.711409395973154E-4,0.11006711409395972,0.0,12.6680410511569,80.02039035512584,"{""type"":""MultiPoint"",""coordinates"":[]}"
2858,38.00210244863945,-0.5566186472365796,-0.03931673390126082,0.6346349052074961,0.0,0.0,0.0,0.0,0.0,1.0,0.0,12.752147244809008,80.01587276448502,"{""type"":""MultiPoint"",""coordinates"":[]}"
2859,42.1891169574699,-0.3118058219571607,0.0892180023923203,0.1816449988982696,0.0,1.0,0.0,0.0,0.0,0.0,0.0,12.955603609227122,80.08964482191016,"{""type"":""MultiPoint"",""coordinates"":[]}"
2860,40.67635607062417,-0.5308724592575655,0.028539751766248816,0.47101944310879956,0.0,0.0,0.4557046979865772,0.046308724832214765,0.17114093959731544,0.3268456375838926,0.0,12.676770570148154,80.06920994897074,"{""type"":""MultiPoint"",""coordinates"":[]}"
2861,42.18877489601879,-0.5107403236454702,0.09634772423117668,0.3468183092674482,0.0,0.0,0.04088471849865952,0.0,0.6360589812332439,0.32305630026809645,0.0,12.865688983821792,79.92428766014184,"{""type"":""MultiPoint"",""coordinates"":[]}"
2862,28.58740199980539,0.2272013837230184,-0.037726894024484404,-0.0661699521560202,0.0,0.0,0.0,0.0,0.0,0.0,1.0,12.613740040614458,80.28098357346002,"{""type"":""MultiPoint"",""coordinates"":[]}"
2863,43.708868336088436,-0.4739221974897264,0.067446713014024,0.37687076281007253,0.0,0.0,0.4025452109845949,0.5974547890154054,0.0,0.0,0.0,12.833201402555309,80.11689460179029,"{""type"":""MultiPoint"",""coordinates"":[]}"
2864,38.01783772604685,-0.33875151404134146,-0.03939405699166315,0.4066223988335129,0.0,0.0,0.5217391304347826,0.4782608695652174,0.0,0.0,0.0,12.893822766785522,79.90727230134999,"{""type"":""MultiPoint"",""coordinates"":[]}"
2865,28.903556063485563,0.15645956765547084,-0.022302766501064372,-0.06736988269693658,0.0,0.0,0.0,0.0,0.0,0.0,1.0,12.613669013919038,80.33819712319064,"{""type"":""MultiPoint"",""coordinates"":[]}"
2866,31.51441807061624,0.4390950559913435,0.3279989180040236,-0.5914538688516935,0.0,0.0,0.0,0.0,0.0,0.0,1.0,12.98454159272824,80.04322084936418,"{""type"":""MultiPoint"",""coordinates"":[]}"
2867,39.16982934910189,-0.4856643304489357,-0.02579392372923424,0.5280869204230492,0.0,0.0,0.9215817694369973,0.07841823056300268,0.0,0.0,0.0,12.861064450358226,80.01330116028642,"{""type"":""MultiPoint"",""coordinates"":[]}"
2868,40.09370321534497,-0.47967364758946773,-0.0449483430808588,0.5135315057894378,0.0,0.3991962491627596,0.0,0.03415941058271936,0.0,0.566644340254521,0.0,12.93569205106836,80.2316501941422,"{""type"":""MultiPoint"",""coordinates"":[]}"
2869,41.60554888819036,-0.5770373230321769,0.16136810620570377,0.36222604695749755,0.0,0.0,0.0,0.8780160857908846,0.1219839142091153,0.0,0.0,12.791940218808053,79.92992590882236,"{""type"":""MultiPoint"",""coordinates"":[]}"
2870,28.382981762920295,0.20113313530977509,-0.016602301026870055,-0.06016836168169053,0.0,0.0,0.0,0.0,0.0,0.0,1.0,13.002845742198472,80.29783707371722,"{""type"":""MultiPoint"",""coordinates"":[]}"
2871,29.29763420618062,0.2690474149699757,0.022153175391373573,-0.12683916115770885,0.0,0.0,0.0,0.0,0.0,0.0,1.0,13.186461780808559,80.32260444656598,"{""type"":""MultiPoint"",""coordinates"":[]}"
2872,42.513086745056945,-0.32626177545474994,0.07659971128940654,0.19549191184376044,0.0,1.0,0.0,0.0,0.0,0.0,0.0,12.903795286924153,80.15028383229107,"{""type"":""MultiPoint"",""coordinates"":[]}"
2873,42.401153751990634,-0.5026985694287496,0.06956488504541666,0.42981788298047685,0.0,0.0,0.3351206434316354,0.0,0.0,0.6648793565683646,0.0,12.703828900733257,79.91670785225439,"{""type"":""MultiPoint"",""coordinates"":[]}"
2874,38.223783995030196,-0.5111866380189041,-0.08245100553172287,0.5719931780946125,0.0,0.0,0.0,0.0,0.0,1.0,0.0,12.92012480213083,80.17763664426558,"{""type"":""MultiPoint"",""coordinates"":[]}"
2875,43.03047492786339,-0.3662455409140032,0.07341295868793266,0.2529622555730416,0.0,0.4882786336235767,0.0,0.0,0.3576691225720026,0.15405224380442062,0.0,12.868362397475055,79.93200736539066,"{""type"":""MultiPoint"",""coordinates"":[]}"
2876,28.69635972678956,0.2566006355018178,-0.015231291749642753,-0.07516874085906938,0.0,0.0,0.0,0.0,0.0,0.0,1.0,13.128950740856219,80.30853039404863,"{""type"":""MultiPoint"",""coordinates"":[]}"
2877,37.86945932377765,-0.34647849042222023,-0.13181992698233466,0.44355393909609314,0.0,0.48091091761553917,0.0,0.0,0.0,0.5190890823844608,0.0,13.02293898732685,80.24882909661076,"{""type"":""MultiPoint"",""coordinates"":[]}"
2878,40.849436143975915,-0.3805459128373485,-0.04393500608434236,0.3914261217077301,0.0,0.0,0.6566265060240962,0.028781793842034806,0.0,0.3145917001338688,0.0,13.079211803851553,80.0592411085549,"{""type"":""MultiPoint"",""coordinates"":[]}"
2879,37.14548697370397,-0.5315275228016257,-0.19460255114202207,0.74799538817152,0.0,0.0,0.0,0.0,0.0,1.0,0.0,13.184189961908922,79.95416344343506,"{""type"":""MultiPoint"",""coordinates"":[]}"
2880,36.49995367648124,-0.5551142013191187,-0.05571291111789494,0.6535730665936946,0.0,0.0,0.0,0.0,0.0,1.0,0.0,12.784605821478843,79.99257406144378,"{""type"":""MultiPoint"",""coordinates"":[]}"
2881,38.18264510977869,-0.5257769142287729,-0.048429154433181895,0.5810198955211018,0.0,0.0,0.0,6.706908115358818E-4,0.0,0.9993293091884641,0.0,12.665860965744951,79.91947317755329,"{""type"":""MultiPoint"",""coordinates"":[]}"
2882,40.84549822616724,-0.3992993087548428,0.06323782007070367,0.3075385909485893,0.0,0.4702341137123746,0.0,0.0,0.0,0.5297658862876254,0.0,13.11803719424519,80.10728025225818,"{""type"":""MultiPoint"",""coordinates"":[]}"
2883,40.043344361549316,-0.43604361925054597,0.01948359274601023,0.405101862365313,0.0,0.0026827632461435278,0.9973172367538565,0.0,0.0,0.0,0.0,12.667756042679805,80.01491010238986,"{""type"":""MultiPoint"",""coordinates"":[]}"
2884,42.38186041793036,-0.544449152247995,0.13922278800180377,0.3325365506500059,0.0,0.0,0.810448760884126,0.11453449430676492,0.0,0.07501674480910918,0.0,13.02002175659547,80.03658700741464,"{""type"":""MultiPoint"",""coordinates"":[]}"
2885,42.8276366029298,-0.38030299427029707,0.03946200720300331,0.28685440700038584,0.0,0.7959866220735787,0.0,0.0,0.0,0.2040133779264214,0.0,13.104496775989261,80.29086161315352,"{""type"":""MultiPoint"",""coordinates"":[]}"
2886,28.799961822666244,0.17419837572380548,0.0057735406209140265,-0.07477721567234932,0.0,0.0,0.0,0.0,0.0,0.0,1.0,12.679381147081452,80.30704805915342,"{""type"":""MultiPoint"",""coordinates"":[]}"
2887,39.885238136825514,-0.39160341534945936,-0.07206887402212563,0.4447789663186675,0.0,0.667785234899329,0.0,0.0,0.0,0.3322147651006711,0.0,12.818502595086633,80.21918156896565,"{""type"":""MultiPoint"",""coordinates"":[]}"
2888,42.81181223906042,-0.46829805536988317,0.14292189192953114,0.22814701907836282,0.0,0.0,0.0,0.9718120805369127,0.0,0.02818791946308724,0.0,12.791064487470898,79.98057111827316,"{""type"":""MultiPoint"",""coordinates"":[]}"
2889,42.09088367376007,-0.33464224276437154,0.08181001647412257,0.19856884707531616,0.0,1.0,0.0,0.0,0.0,0.0,0.0,12.9394811385111,80.25262221362965,"{""type"":""MultiPoint"",""coordinates"":[]}"
2890,44.10017314527481,-0.5279036063001594,0.12315378368170128,0.31759000647159136,0.0,0.0,1.0,0.0,0.0,0.0,0.0,12.882422136873647,79.91862107668994,"{""type"":""MultiPoint"",""coordinates"":[]}"
2891,29.258543990644313,0.23994854549879785,-0.01278963694898245,-0.07179677032714443,0.0,0.0,0.0,0.0,0.0,0.0,1.0,12.788231197277845,80.27162090211303,"{""type"":""MultiPoint"",""coordinates"":[]}"
2892,44.33237234442955,-0.522601977199794,0.161410536211405,0.326755092337453,0.0,0.0,0.0610738255033557,0.9389261744966444,0.0,0.0,0.0,12.679992934002867,80.17533281711125,"{""type"":""MultiPoint"",""coordinates"":[]}"
2893,41.87321857036865,-0.4141530080066042,-0.004035844335085184,0.42542381707083626,0.0,0.0,0.7560321715817694,0.030160857908847188,0.0,0.21380697050938338,0.0,13.129117936025738,79.98730647061744,"{""type"":""MultiPoint"",""coordinates"":[]}"
2894,38.65131365620899,-0.5723596368980846,-0.0012712681390771238,0.5681974588083918,0.0,0.0,0.0,0.0,0.0,1.0,0.0,13.046983136084028,79.93993604978593,"{""type"":""MultiPoint"",""coordinates"":[]}"
2895,41.622893701951725,-0.443526154413574,0.04963253449765635,0.3454252696238976,0.0,0.0,0.9550637156270959,0.01676727028839705,0.0,0.028169014084507043,0.0,12.633590435548811,80.13662968974148,"{""type"":""MultiPoint"",""coordinates"":[]}"
2896,39.37731828302951,-0.5576532658787751,0.02412706773762397,0.5568254361019497,0.0,0.0,0.0,0.0,0.0,1.0,0.0,12.990979008478092,80.0336982793026,"{""type"":""MultiPoint"",""coordinates"":[]}"
2897,28.665583594466106,0.187684394781489,0.014843679137862501,-0.06234597736060956,0.0,0.0,0.0,0.0,0.0,0.0,1.0,12.712075100693928,80.27256108722564,"{""type"":""MultiPoint"",""coordinates"":[]}"
2898,45.36277048788309,-0.46698121105537765,0.0871862380137336,0.2950004106197332,0.0,0.0,0.0,0.7741935483870966,0.0,0.22580645161290325,0.0,12.601819523576596,79.95835658675833,"{""type"":""MultiPoint"",""coordinates"":[]}"
2899,35.32876337346543,-0.33546675664766873,-0.2976540061111008,0.5887750126637625,0.0,0.0,1.0,0.0,0.0,0.0,0.0,12.666790842986114,79.90578805295058,"{""type"":""MultiPoint"",""coordinates"":[]}"
2900,38.368083434604046,-0.4280574881766192,-0.11894262069976924,0.534128944258414,0.0,0.0,0.761744966442953,0.0,0.0,0.23825503355704694,0.0,12.623525663016247,79.98137191263383,"{""type"":""MultiPoint"",""coordinates"":[]}"
2901,40.78027079665105,-0.4998005820332122,0.06597383131557216,0.3850452981918807,0.0,0.0,0.4400535833891493,0.0,0.0,0.5599464166108505,0.0,13.096227099649445,80.02032977375849,"{""type"":""MultiPoint"",""coordinates"":[]}"
2902,40.14238105756378,-0.5389762831466868,0.01699237081537346,0.51791340360378,0.0,0.0,0.0,0.0,0.5483221476510067,0.45167785234899316,0.0,12.714023048836486,79.90314907063589,"{""type"":""MultiPoint"",""coordinates"":[]}"
2903,35.02075317637461,-0.3139454950615163,-0.37801109158773244,0.7340533713009608,0.0,0.0,0.0,0.0,0.0,0.9297658862876255,0.07023411371237458,13.19876536486784,80.30399170408174,"{""type"":""MultiPoint"",""coordinates"":[]}"
2904,42.613163278408045,-0.38485391555366716,0.06953646965190007,0.24873273768042903,0.0,0.4909698996655519,0.32709030100334446,0.031438127090301006,0.05016722408026757,0.10033444816053513,0.0,13.097715418951084,79.98163378077797,"{""type"":""MultiPoint"",""coordinates"":[]}"
2905,38.418618012334015,-0.29372920313824963,0.07027634390773495,0.25843484878539263,0.0,0.0,0.07176391683433936,0.5177733065057009,0.0,0.4104627766599597,0.0,12.744247908893596,80.04186212505793,"{""type"":""MultiPoint"",""coordinates"":[]}"
2906,40.85420369905435,-0.32350400829366943,0.038682314968009425,0.23256029707095588,0.0,0.9718309859154929,0.0,0.0,0.0,0.028169014084507043,0.0,13.117564627391868,80.13766388286709,"{""type"":""MultiPoint"",""coordinates"":[]}"
2907,37.43011222138257,-0.5748473426814175,0.06445855622985215,0.5016891551050827,0.0,0.0,0.0,0.0,0.0,1.0,0.0,12.638501024665176,80.06581760013867,"{""type"":""MultiPoint"",""coordinates"":[]}"
2908,41.395609126559386,-0.41872251490633544,-0.023515997611827842,0.41753301027387785,0.0,0.301140174379611,0.0,0.0,0.0,0.698859825620389,0.0,13.192774029054105,80.2572593603959,"{""type"":""MultiPoint"",""coordinates"":[]}"
2909,39.92478308229378,-0.5528609050674553,0.028126235532547453,0.49309019049849795,0.0,0.0,0.0,0.0,0.6727028839704897,0.32729711602951045,0.0,12.722952486712549,80.13448516642765,"{""type"":""MultiPoint"",""coordinates"":[]}"
2910,39.53074817130876,-0.5563645051597469,0.054161415824835406,0.4896785821360169,0.0,0.0,0.0,0.0,0.708724832214765,0.29127516778523493,0.0,12.682826493789428,80.0154701124973,"{""type"":""MultiPoint"",""coordinates"":[]}"
2911,39.436447509041585,-0.519179462483098,0.038285305468051055,0.4609805840120174,0.0,0.0,0.0,0.0,0.0,1.0,0.0,12.899617040598796,80.10473713171721,"{""type"":""MultiPoint"",""coordinates"":[]}"
2912,39.23047570511069,-0.5414439825590696,0.009462362203977035,0.5671372402930449,0.0,0.0,0.1710261569416499,0.14688128772635817,0.048289738430583505,0.6338028169014085,0.0,12.92312167740383,80.0509402249204,"{""type"":""MultiPoint"",""coordinates"":[]}"
2913,40.662645579249855,-0.5758043174603047,0.046769630881210875,0.4960896217600255,0.0,0.0,0.029470864032150035,0.391158740790355,0.08171466845277965,0.49765572672471536,0.0,12.989713417173258,79.91861065275545,"{""type"":""MultiPoint"",""coordinates"":[]}"
2914,39.464491731626524,-0.5437308477739993,-0.013818298235164542,0.5760156538559174,0.0,0.0,0.6579651941097723,0.34203480589022756,0.0,0.0,0.0,13.074283211692308,79.99827485006034,"{""type"":""MultiPoint"",""coordinates"":[]}"
2915,38.96862037271141,-0.3553351322995488,-3.35849658007078E-4,0.32355363766535705,0.0,0.387248322147651,0.25973154362416107,0.0,0.0,0.35302013422818784,0.0,12.862108365542136,80.10997892193286,"{""type"":""MultiPoint"",""coordinates"":[]}"
2916,41.80768685797725,-0.3363609947223819,0.07637044949661274,0.20529303310500321,0.0,1.0,0.0,0.0,0.0,0.0,0.0,13.020109881497861,80.15625814044435,"{""type"":""MultiPoint"",""coordinates"":[]}"
2917,40.42556516155035,-0.5150266647549754,-0.02894745048961367,0.5472386767996428,0.0,0.0,0.038255033557046986,0.8456375838926176,0.0,0.11610738255033558,0.0,12.625968205786897,80.18859066048803,"{""type"":""MultiPoint"",""coordinates"":[]}"
2918,28.39786830126007,0.12200413772014587,0.028078375414330833,-0.05800773111605167,0.0,0.0,0.0,0.0,0.0,0.0,1.0,12.801796482153186,80.32567200729567,"{""type"":""MultiPoint"",""coordinates"":[]}"
2919,34.13732567903617,-0.3697643207504827,-0.26455008370211175,0.6537061191835428,0.0,0.0,1.0,0.0,0.0,0.0,0.0,13.188466373451382,80.04496802618407,"{""type"":""MultiPoint"",""coordinates"":[]}"
2920,36.021136705174506,-0.22320560171428586,-0.04002945496554427,0.36501783208637184,0.0,0.0,0.0,0.9778523489932885,0.0,0.0,0.022147651006711403,12.8109079390273,80.08250782401824,"{""type"":""MultiPoint"",""coordinates"":[]}"
2921,42.73972802767583,-0.31008277149224783,0.09285737024776806,0.16075360049681653,0.0,1.0,0.0,0.0,0.0,0.0,0.0,13.085580443154237,80.25764840296952,"{""type"":""MultiPoint"",""coordinates"":[]}"
2922,39.74156033326394,-0.42454622094127686,-0.1525956766122208,0.5183620021862526,0.0,0.0,1.0,0.0,0.0,0.0,0.0,12.62906832105381,80.09935309188845,"{""type"":""MultiPoint"",""coordinates"":[]}"
2923,42.74020307064303,-0.5217976373597272,0.11244565090652059,0.3718403397650936,0.0,0.05224380442062962,0.9477561955793705,0.0,0.0,0.0,0.0,12.89464548365621,80.05713908439513,"{""type"":""MultiPoint"",""coordinates"":[]}"
2924,42.28813200939763,-0.49471191125305297,0.040623502696666876,0.43458263667924185,0.0,0.0,0.06626506024096386,0.0,0.0,0.9337349397590362,0.0,13.172934107432816,80.11857893780622,"{""type"":""MultiPoint"",""coordinates"":[]}"
2925,45.312211477409676,-0.2164087079785339,0.11874390735185299,0.06365564536502247,0.0,0.0,1.0,0.0,0.0,0.0,0.0,12.956342381924268,79.96849416478263,"{""type"":""MultiPoint"",""coordinates"":[]}"
2926,37.85038205608842,-0.4903802684364103,-0.03080144303215253,0.4949192243388508,0.0,0.0,0.6939048894842598,0.0,0.0,0.3060951105157401,0.0,12.939724279083972,80.0226406591052,"{""type"":""MultiPoint"",""coordinates"":[]}"
2927,29.347806389832467,0.2750378076087069,0.06984836305290885,-0.14333631796806173,0.0,0.0,0.0,0.0,0.0,0.0,1.0,12.938047541565394,80.26503177398003,"{""type"":""MultiPoint"",""coordinates"":[]}"
2928,41.79443802025471,-0.40974340176789564,0.04506764956964388,0.32601645137306695,0.0,0.900804289544236,0.0,0.09919571045576407,0.0,0.0,0.0,12.904756625828968,80.2147013342992,"{""type"":""MultiPoint"",""coordinates"":[]}"
2929,28.711949831261762,0.2461484040826754,-0.013846540961570267,-0.06516091562862661,0.0,0.0,0.0,0.0,0.0,0.0,1.0,12.661083790779795,80.2507118592411,"{""type"":""MultiPoint"",""coordinates"":[]}"
2930,39.88479190987945,-0.5074189551804388,-0.015491680264654447,0.5276620520584238,0.0,0.0,0.3221701272605492,0.0,0.0,0.6778298727394507,0.0,13.076992775223896,80.03987372533605,"{""type"":""MultiPoint"",""coordinates"":[]}"
2931,28.4395668998725,0.21388992461590042,-0.017244858056841325,-0.06410665701367911,0.0,0.0,0.0,0.0,0.0,0.0,1.0,12.805724164547762,80.29439123786668,"{""type"":""MultiPoint"",""coordinates"":[]}"
2932,38.489966816241626,-0.4835444078874372,-0.10897745315665033,0.6291928016588306,0.0,0.0,0.0,0.0,0.10469798657718118,0.8953020134228189,0.0,12.825531126169704,80.09870695196585,"{""type"":""MultiPoint"",""coordinates"":[]}"
2933,39.835427419939656,-0.5399897146981928,0.04954074964173092,0.4517867678606948,0.0,0.0,1.0,0.0,0.0,0.0,0.0,12.801273011131993,80.16006474146107,"{""type"":""MultiPoint"",""coordinates"":[]}"
2934,41.28124414885314,-0.20465204669874637,0.07722163795690576,0.09222558086147425,0.4084507042253521,0.5915492957746479,0.0,0.0,0.0,0.0,0.0,12.9535119052016,80.10412292623954,"{""type"":""MultiPoint"",""coordinates"":[]}"
2935,40.41746609752509,-0.3431272640338523,0.10031241541169232,0.18099910419602547,0.0,1.0,0.0,0.0,0.0,0.0,0.0,13.127610259675071,80.25300440620975,"{""type"":""MultiPoint"",""coordinates"":[]}"
2936,42.18848660700202,-0.36779328623901075,0.05067857608980242,0.26938105822156655,0.0,0.8289738430583501,0.17102615694164988,0.0,0.0,0.0,0.0,12.88831629022766,80.14297525235408,"{""type"":""MultiPoint"",""coordinates"":[]}"
2937,31.067976106436273,0.32841243479171245,-0.0037641554972624525,-0.2331751323668681,0.0,0.0,0.0,0.0,0.0,0.0,1.0,13.000804276039979,80.07775653688748,"{""type"":""MultiPoint"",""coordinates"":[]}"
2938,32.970255829316365,-0.4281118689406326,-0.3114235741409321,0.738382731709175,0.0,0.0,1.0,0.0,0.0,0.0,0.0,12.927935001588926,80.03817343829405,"{""type"":""MultiPoint"",""coordinates"":[]}"
2939,43.022339941722535,-0.5476786140216081,0.03479513398026401,0.46750086481280784,0.0,0.0,0.18766756032171586,0.02546916890080429,0.4517426273458445,0.33512064343163545,0.0,12.891156112796313,79.99648647310389,"{""type"":""MultiPoint"",""coordinates"":[]}"
2940,41.11283874012051,-0.3417160886744925,0.04732347464136304,0.2432275349992589,0.0,1.0,0.0,0.0,0.0,0.0,0.0,13.071109250684556,80.19581147923807,"{""type"":""MultiPoint"",""coordinates"":[]}"
2941,36.939149481163895,-0.45045198278592075,0.01883357018633192,0.4099539289677304,0.0,0.0,1.0,0.0,0.0,0.0,0.0,13.18557181552597,80.00600029101119,"{""type"":""MultiPoint"",""coordinates"":[]}"
2942,31.93006719734943,0.5832796433196145,-0.3366645736674425,-0.07331343904653094,0.0,0.0,0.0,0.0,0.8333333333333334,0.0,0.16666666666666666,13.138474983757522,79.93679362565817,"{""type"":""MultiPoint"",""coordinates"":[]}"
2943,37.557400177634065,-0.30441861647130686,0.12615554861989625,0.2592722174521777,0.10857908847184987,0.05965147453083109,0.0,0.4276139410187667,0.0,0.0,0.40415549597855227,12.966094125812198,80.24118944678227,"{""type"":""MultiPoint"",""coordinates"":[]}"
2944,36.44313774831432,-0.590411501248742,0.06752348710682088,0.5340063535121674,0.0,0.0,0.0,0.0,0.0,1.0,0.0,12.676826561076965,80.03283498591726,"{""type"":""MultiPoint"",""coordinates"":[]}"
2945,42.87718817998659,-0.48775284365210564,0.1435588976285151,0.24570929774626288,0.0,0.0,0.0,1.0,0.0,0.0,0.0,12.766849782156633,80.12752099073163,"{""type"":""MultiPoint"",""coordinates"":[]}"
2946,37.30280456210847,-0.35839991770486435,0.02731504523997242,0.34747298094296525,0.0,0.0,0.22155287817938418,0.0,0.05622489959839358,0.7222222222222223,0.0,13.027838379888928,79.90242052008027,"{""type"":""MultiPoint"",""coordinates"":[]}"
2947,43.20654181965911,-0.4188087196443301,0.036263924998960154,0.35056513767640274,0.0,0.3241978609625668,0.5127005347593583,0.0,0.0,0.16310160427807485,0.0,13.133840932932571,80.19861386849797,"{""type"":""MultiPoint"",""coordinates"":[]}"
2948,42.31621183137401,-0.474048388911145,0.010538067365479185,0.4052601400861207,0.0,0.0,1.0,0.0,0.0,0.0,0.0,12.730678445434277,80.19715951445565,"{""type"":""MultiPoint"",""coordinates"":[]}"
2949,44.381305761207265,-0.5985616333490026,0.19498679823426696,0.3420958549656113,0.0,0.0,0.0,1.0,0.0,0.0,0.0,12.64809094350413,80.07908466000399,"{""type"":""MultiPoint"",""coordinates"":[]}"
2950,41.17776260892762,-0.4901055209176374,0.03384641360017757,0.40164470566427873,0.0,0.0,1.0,0.0,0.0,0.0,0.0,12.908473262626357,80.206820880269,"{""type"":""MultiPoint"",""coordinates"":[]}"
2951,39.782150908545596,-0.4833559798473091,-0.03186077963920366,0.49210968999042914,0.0,0.8773458445040214,0.0,0.0,0.0,0.12265415549597852,0.0,13.099316976185957,80.24396407341635,"{""type"":""MultiPoint"",""coordinates"":[]}"
2952,28.612464201931612,0.16966259074679446,4.9072713687372E-4,-0.05217206529600351,0.0,0.0,0.0,0.0,0.0,0.0,1.0,12.773016870699818,80.30455909258608,"{""type"":""MultiPoint"",""coordinates"":[]}"
2953,41.81669779348965,-0.3836621259871779,0.028117915912031867,0.31505262335422934,0.0,1.0,0.0,0.0,0.0,0.0,0.0,12.937453179859457,80.24135108140923,"{""type"":""MultiPoint"",""coordinates"":[]}"
2954,40.86867807047589,-0.49566625699642236,-0.0026992481611469916,0.4831590147115858,0.0,0.0,0.0,1.0,0.0,0.0,0.0,12.851073069404556,80.17682516774865,"{""type"":""MultiPoint"",""coordinates"":[]}"
2955,44.25353577213281,-0.5086829942057077,0.15974088369886302,0.28833595622875796,0.0,0.0,0.08584842387659289,0.01676727028839705,0.8973843058350102,0.0,0.0,12.88260001522815,79.97433784122863,"{""type"":""MultiPoint"",""coordinates"":[]}"
2956,28.338296014013448,0.19286528627574803,-0.021235488072482805,-0.05003174070778141,0.0,0.0,0.0,0.0,0.0,0.0,1.0,12.955484084628527,80.29451058942641,"{""type"":""MultiPoint"",""coordinates"":[]}"
2957,41.788639352016084,-0.4338899734948866,0.02100939327722618,0.3598729467217799,0.0,0.9638312123241795,0.0,0.0,0.0,0.03616878767582049,0.0,13.108509258367327,80.23945824376338,"{""type"":""MultiPoint"",""coordinates"":[]}"
2958,41.98571388865193,-0.4676976330330136,0.03609468189057245,0.4071296854328654,0.0,0.0,0.6438631790744467,0.1046277665995976,0.0,0.2515090543259557,0.0,12.895657011143658,80.19880955705825,"{""type"":""MultiPoint"",""coordinates"":[]}"
2959,37.80020693928191,-0.5165463598083258,-0.03287646703744852,0.5316099956701393,0.0,0.0,0.7033557046979866,0.0,0.29261744966442954,0.004026845637583893,0.0,12.704731846025778,79.91091681325611,"{""type"":""MultiPoint"",""coordinates"":[]}"
2960,39.65451282834562,-0.4520452633120031,0.03460199651030894,0.41061108182236494,0.0,0.0,0.9645010046885465,0.0,0.0,0.035498995311453445,0.0,13.167444953340677,80.03271254065044,"{""type"":""MultiPoint"",""coordinates"":[]}"
2961,28.61297103510055,0.17860107644819204,-0.039263642851931096,-0.03631440123254459,0.0,0.0,0.0,0.0,0.0,0.0,1.0,12.992160325536267,80.34947947397143,"{""type"":""MultiPoint"",""coordinates"":[]}"
2962,43.14803718776291,-0.5327994513275222,0.09136895117151896,0.39287217180132855,0.0,0.0,0.30341594105827197,0.3154722036168788,0.0,0.3811118553248493,0.0,12.796835667975746,80.11904828523339,"{""type"":""MultiPoint"",""coordinates"":[]}"
2963,40.634072286084354,-0.32022013450015313,0.060814883783327826,0.2145203175572655,0.0,0.9410977242302543,0.0,0.0,0.0,0.058902275769745646,0.0,13.136913817210207,80.1559083792724,"{""type"":""MultiPoint"",""coordinates"":[]}"
2964,28.911934385643466,0.10443944128768425,0.04791293073062219,-0.05509701344831868,0.0,0.0,0.0,0.0,0.0,0.0,1.0,12.699986781241149,80.34919147767563,"{""type"":""MultiPoint"",""coordinates"":[]}"
2965,41.994097639638554,-0.42206110859850693,0.17091158539702447,0.23206074343426358,0.38621151271753673,0.0,0.0,0.17068273092369474,0.4156626506024096,0.027443105756358763,0.0,13.081326664959759,79.97613098098725,"{""type"":""MultiPoint"",""coordinates"":[]}"
2966,43.4252871442733,-0.5866082058538535,0.169896533691913,0.38370934621748887,0.0,0.0,0.38111185532484926,0.4099129269926323,0.20897521768251845,0.0,0.0,13.007994818530817,79.9766954090501,"{""type"":""MultiPoint"",""coordinates"":[]}"
2967,39.14814836128431,-0.4059155167802765,-0.1316864074123196,0.556948821956308,0.0,0.31571906354515056,0.0,0.0,0.0,0.6842809364548496,0.0,13.128044833298592,80.05386136274977,"{""type"":""MultiPoint"",""coordinates"":[]}"
2968,28.574561837164904,0.17149087139505462,0.007195533884915998,-0.05561507138440048,0.0,0.0,0.0,0.0,0.0,0.0,1.0,12.83384016548948,80.28840498487193,"{""type"":""MultiPoint"",""coordinates"":[]}"
2969,44.15022926926945,-0.40553941099678875,0.1181490791043097,0.25003213258563983,0.0,0.764745308310992,0.018766756032171584,0.0,0.0,0.21648793565683647,0.0,12.894845152247775,79.92939404848663,"{""type"":""MultiPoint"",""coordinates"":[]}"
2970,41.530152900843404,-0.33982378832477667,0.06663900840931386,0.21727344447624644,0.0,0.7034805890227577,0.0,0.12583668005354753,0.0,0.1706827309236948,0.0,12.896988561449602,80.0866391694582,"{""type"":""MultiPoint"",""coordinates"":[]}"
2971,28.567289276731433,0.24860214285581728,-0.03823963127664013,-0.06694693067688118,0.0,0.0,0.0,0.0,0.0,0.0,1.0,13.004294757814902,80.28775993260808,"{""type"":""MultiPoint"",""coordinates"":[]}"
2972,46.64887374023507,-0.37847205054732874,0.14700405644297038,0.12314491255515767,0.31833445265278715,0.0,0.0,0.6816655473472129,0.0,0.0,0.0,12.65632528985009,79.9494301955213,"{""type"":""MultiPoint"",""coordinates"":[]}"
2973,28.404924464281898,0.12840738156496273,0.007583345066413352,-0.031742342168068684,0.0,0.0,0.0,0.0,0.0,0.0,1.0,12.662609523365806,80.3338812639431,"{""type"":""MultiPoint"",""coordinates"":[]}"
2974,46.39387299941061,-0.4015646961547159,0.11287118035897005,0.21295253173919698,0.16008037508372408,0.4105827193569994,0.14668452779638314,0.28265237776289354,0.0,0.0,0.0,12.78709913897148,79.985498267381,"{""type"":""MultiPoint"",""coordinates"":[]}"
2975,38.55239254021436,-0.5069478528872488,-0.07908721308908168,0.5777960774269479,0.0,0.0,0.9604822505023444,0.008037508372404556,0.0,0.03148024112525118,0.0,12.809248431586134,80.00403933235319,"{""type"":""MultiPoint"",""coordinates"":[]}"
2976,43.47105448263583,-0.6113299768207686,0.19574571214274591,0.3861524070412863,0.0,0.0,0.0,1.0,0.0,0.0,0.0,12.754213626147937,80.13212907318562,"{""type"":""MultiPoint"",""coordinates"":[]}"
2977,45.722445702867724,-0.5251235263662399,0.09440380802285891,0.3348270315272179,0.0,0.0,0.5708529214237744,0.2733378106111485,0.0,0.15580926796507727,0.0,12.73252197730796,79.93334533857545,"{""type"":""MultiPoint"",""coordinates"":[]}"
2978,40.29757164376093,-0.428986238192668,-0.10814810957641334,0.48560620929725506,0.0,0.0,1.0,0.0,0.0,0.0,0.0,12.67748920028527,80.16438054726832,"{""type"":""MultiPoint"",""coordinates"":[]}"
2979,40.99790648050169,-0.47487222836845067,0.010061528610309454,0.44375511130602446,0.0,0.7210702341137124,0.0,0.0,0.0,0.27892976588628765,0.0,12.963719217610752,80.01451204146123,"{""type"":""MultiPoint"",""coordinates"":[]}"
2980,29.23777665167785,0.27494908339523244,0.055861778828996234,-0.14130404427264884,0.0,0.0,0.0,0.0,0.0,0.0,1.0,12.888088321252377,80.25794095026463,"{""type"":""MultiPoint"",""coordinates"":[]}"
2981,41.174117533420535,-0.4995137301353493,-0.015530095017882327,0.5085924367488713,0.0,0.015425888665325285,0.07645875251509056,0.9081153588195842,0.0,0.0,0.0,12.887732073791724,80.235662060782,"{""type"":""MultiPoint"",""coordinates"":[]}"
2982,43.09016408859733,-0.4881401289946623,0.06385830314223322,0.3545590364946786,0.0,0.0,0.47718120805369135,0.5228187919463088,0.0,0.0,0.0,12.632777543367215,80.14655157644997,"{""type"":""MultiPoint"",""coordinates"":[]}"
2983,40.482312400817165,-0.41125610683080105,0.05014077232456869,0.3052621364244142,0.0,1.0,0.0,0.0,0.0,0.0,0.0,13.074673474180878,80.1224156814304,"{""type"":""MultiPoint"",""coordinates"":[]}"
2984,28.632736383729874,0.1382169093684148,0.02764923037323591,-0.06278086400362033,0.0,0.0,0.0,0.0,0.0,0.0,1.0,12.751343991162384,80.30882448181683,"{""type"":""MultiPoint"",""coordinates"":[]}"
2985,40.12281046100607,-0.38215876387277803,0.04337251467195038,0.3057975078497016,0.0,0.488262910798122,0.0053655264922870555,0.0,0.0,0.5063715627095909,0.0,12.913553122798326,80.17351316636623,"{""type"":""MultiPoint"",""coordinates"":[]}"
2986,42.354188878921654,-0.48558212878478646,0.08132390465493015,0.3451667172257809,0.0,0.0,0.0,0.019423978566644337,0.666443402545211,0.31413261888814464,0.0,13.051940980186961,79.96441438596386,"{""type"":""MultiPoint"",""coordinates"":[]}"
2987,41.33972489271268,-0.4406200197435903,0.011032960643181917,0.4065509794131118,0.0,0.02880107166778299,0.0,0.0,0.0,0.971198928332217,0.0,13.095860763055697,80.14440107468741,"{""type"":""MultiPoint"",""coordinates"":[]}"
2988,28.447002674032163,0.18513823020170342,-0.02109472214496635,-0.05396409367695404,0.0,0.0,0.0,0.0,0.0,0.0,1.0,12.824676506342541,80.29642357953016,"{""type"":""MultiPoint"",""coordinates"":[]}"
2989,41.12135748006026,-0.5198995214798084,2.5765509486260445E-4,0.4906614328379038,0.0,0.0,0.5937081659973225,0.3159303882195448,0.0,0.09036144578313253,0.0,13.149709967072727,79.90199834537557,"{""type"":""MultiPoint"",""coordinates"":[]}"
2990,39.639601057903576,-0.5590691682535879,0.0892323407470054,0.45081891996223156,0.0,0.0,0.0,0.0,0.3154722036168788,0.6845277963831212,0.0,13.045475468515257,79.96153062189376,"{""type"":""MultiPoint"",""coordinates"":[]}"
2991,40.77757850494308,-0.39135342861075695,0.02605471887617719,0.3371359728459006,0.0,0.7977227059611519,0.0,0.0,0.0,0.20227729403884795,0.0,12.869503301369802,80.05664761898322,"{""type"":""MultiPoint"",""coordinates"":[]}"
2992,35.625762149933124,-0.413145399261187,-0.28477208959966765,0.7219802786028768,0.0,0.0,1.0,0.0,0.0,0.0,0.0,13.05671546878694,80.01375676325932,"{""type"":""MultiPoint"",""coordinates"":[]}"
2993,29.088835013969117,0.14846195600565776,0.008352500813080711,-0.04064558257465491,0.0,0.0,0.0,0.0,0.0,0.0,1.0,12.711502641792514,80.31068595327282,"{""type"":""MultiPoint"",""coordinates"":[]}"
2994,36.76345055140658,-0.5119365222828762,-0.08944338064959105,0.658379749201012,0.0,0.0,0.0,0.0,0.0,1.0,0.0,12.839604748310988,80.09915561699829,"{""type"":""MultiPoint"",""coordinates"":[]}"
2995,28.41539596280164,0.1765943986769521,-0.019610466834429154,-0.04469551877307899,0.0,0.0,0.0,0.0,0.0,0.0,1.0,12.971073704018117,80.31738683784423,"{""type"":""MultiPoint"",""coordinates"":[]}"
2996,38.73359479414096,-0.44256810315746936,0.044146265320308166,0.31854713536592844,0.0,0.0,1.0,0.0,0.0,0.0,0.0,12.648400822705504,80.09779889938079,"{""type"":""MultiPoint"",""coordinates"":[]}"
2997,38.048148744431835,-0.42242089769811236,-0.07780467687136046,0.48558110487479317,0.0,0.0,0.08155080213903743,0.0,0.0,0.9184491978609622,0.0,13.14603851133677,80.13902672534682,"{""type"":""MultiPoint"",""coordinates"":[]}"
2998,38.710556120965805,-0.4840210192388143,-0.12801902805320967,0.6206759356500781,0.0,0.0482897384305835,0.0,0.0,0.0,0.9517102615694164,0.0,12.991593947428317,80.12125096471235,"{""type"":""MultiPoint"",""coordinates"":[]}"
2999,28.59368510924935,0.19914347912998884,-0.012490680707314688,-0.06254953251584545,0.0,0.0,0.0,0.0,0.0,0.0,1.0,12.933988627477985,80.27790306301983,"{""type"":""MultiPoint"",""coordinates"":[]}"
3000,37.91220975677834,-0.36256474797783467,-0.14490228361731738,0.5474393597539567,0.0,0.0,0.2484929671801742,0.0,0.0,0.6624246483590087,0.08908238446081716,12.881675510720179,79.9995880546194,"{""type"":""MultiPoint"",""coordinates"":[]}"
3001,28.912500434281906,0.15944668478076632,-0.006442597423049384,-0.07006034499382019,0.0,0.0,0.0,0.0,0.0,0.0,1.0,12.625429441970706,80.32742001946197,"{""type"":""MultiPoint"",""coordinates"":[]}"
3002,42.26386824560324,-0.43384135428131004,0.03770317616998397,0.34309023391289317,0.0,0.6554959785522788,0.34450402144772113,0.0,0.0,0.0,0.0,12.88219868711773,80.15397090182829,"{""type"":""MultiPoint"",""coordinates"":[]}"
3003,39.34900145162979,-0.46073357035081425,-0.04179829907240559,0.487952548067089,0.0,0.008718980549966466,0.0,0.0,0.0,0.9912810194500336,0.0,12.809169397774838,80.23637878208899,"{""type"":""MultiPoint"",""coordinates"":[]}"
3004,39.10531221418511,-0.5426981952860054,-0.04585847093063705,0.6145319991899174,0.0,0.0,0.0,0.0,0.0,1.0,0.0,12.745550304901908,79.95805917920295,"{""type"":""MultiPoint"",""coordinates"":[]}"
3005,48.638922198715754,-0.34977798970883495,0.21491390107463285,0.0968213849967505,0.0,1.0,0.0,0.0,0.0,0.0,0.0,13.104040212676173,80.19202156989049,"{""type"":""MultiPoint"",""coordinates"":[]}"
3006,43.88517084777929,-0.6029466245028258,0.19167111272649198,0.35714938684606273,0.0,0.0,0.48628762541806025,0.5137123745819399,0.0,0.0,0.0,13.087440073593614,79.91986066915774,"{""type"":""MultiPoint"",""coordinates"":[]}"
3007,42.50682123012051,-0.4437553563807535,0.0991083387873781,0.3045909552630752,0.0,0.0,0.4585006693440428,0.5414993306559571,0.0,0.0,0.0,13.179344291551798,80.11470048152593,"{""type"":""MultiPoint"",""coordinates"":[]}"
3008,39.91899895647415,-0.4399531298889585,0.07377799844361536,0.27940141308419714,0.0,0.0,1.0,0.0,0.0,0.0,0.0,12.650325317921107,80.09264460531591,"{""type"":""MultiPoint"",""coordinates"":[]}"
3009,39.49332773422822,-0.4122146306262845,-0.10891635971072329,0.4383680660617524,0.0,0.0,0.9664429530201342,0.0,0.0,0.03355704697986577,0.0,12.673567408165862,79.91114674708982,"{""type"":""MultiPoint"",""coordinates"":[]}"
3010,38.12983543993964,-0.4830930704620901,-0.04400786352255643,0.5668278979785799,0.0,0.0,0.0,0.0,0.0,1.0,0.0,12.682629996108519,80.17059527360334,"{""type"":""MultiPoint"",""coordinates"":[]}"
3011,42.139742569939656,-0.5400975264656562,0.11170815982253443,0.37278936498122967,0.0,0.0,1.0,0.0,0.0,0.0,0.0,12.661870605484733,79.93584763856312,"{""type"":""MultiPoint"",""coordinates"":[]}"
3012,40.83004487694168,-0.5423015666742399,0.00136480009015903,0.515544436734694,0.0,0.0,0.0,0.34071093226022797,0.0,0.6592890677397718,0.0,12.61801862164825,80.14324571325781,"{""type"":""MultiPoint"",""coordinates"":[]}"
3013,40.33993573164431,-0.3711530641518557,0.013401740764347903,0.3313290472123062,0.0,0.4610738255033557,0.0,0.0,0.0,0.5389261744966443,0.0,13.028965834221859,80.10601648084874,"{""type"":""MultiPoint"",""coordinates"":[]}"
3014,39.33023705212997,-0.40259449965926863,-0.057876165734058474,0.500653113120117,0.0,0.0,0.046885465505693245,0.0,0.23643670462156735,0.7166778298727395,0.0,13.11052537227816,79.95293223301887,"{""type"":""MultiPoint"",""coordinates"":[]}"
3015,40.998466612754704,-0.39118276418083286,0.009037659260364893,0.3604989716775347,0.0,0.78485254691689,0.0,0.0,0.0,0.2151474530831099,0.0,13.02960765374859,79.91059503012174,"{""type"":""MultiPoint"",""coordinates"":[]}"
3016,28.3897436310657,0.16057729467358278,-0.007594922642422223,-0.03361676940504906,0.0,0.0,0.0,0.0,0.0,0.0,1.0,12.914348267683394,80.32009339972515,"{""type"":""MultiPoint"",""coordinates"":[]}"
3017,42.085416445388766,-0.32806876011147557,0.08829161039917316,0.2049083722780987,0.0,0.853887399463807,0.0,0.0,0.0,0.14611260053619304,0.0,12.7906486614135,80.01802664666256,"{""type"":""MultiPoint"",""coordinates"":[]}"
3018,47.37188184291754,-0.4853293141459121,0.17715390014221633,0.24542712481267973,0.0,0.0,0.0,1.0,0.0,0.0,0.0,12.687230111637094,80.10946041591431,"{""type"":""MultiPoint"",""coordinates"":[]}"
3019,42.002365932726676,-0.43417610682189256,0.07902547607965953,0.3165244645773055,0.0,0.0,0.24042981867024846,0.5883143049026192,0.0,0.17125587642713228,0.0,12.649845554738457,80.15149755617325,"{""type"":""MultiPoint"",""coordinates"":[]}"
3020,43.07978077581771,-0.5087628994935907,0.1720842158463751,0.25393502979002636,0.0,0.0,0.43297587131367293,0.567024128686327,0.0,0.0,0.0,13.131458280331032,80.18850335774799,"{""type"":""MultiPoint"",""coordinates"":[]}"
3021,41.6570943658434,-0.4308466731442262,0.07200550602002138,0.3200995715094855,0.0,0.0,0.44779116465863467,0.36479250334672025,0.0,0.18741633199464527,0.0,13.19236933550713,80.25244834461932,"{""type"":""MultiPoint"",""coordinates"":[]}"
3022,40.96482827758529,-0.29470248652820497,0.04497024381646167,0.19778465202637066,0.0,0.9444816053511704,0.0,0.0,0.0,0.055518394648829426,0.0,13.07054875927416,80.16797147230989,"{""type"":""MultiPoint"",""coordinates"":[]}"
3023,37.13925363020808,-0.45935297018041027,-0.15632080550548205,0.6156643719257086,0.0,0.0,0.2335570469798658,0.024832214765100676,0.0,0.7416107382550337,0.0,12.635031504810886,80.10705718095062,"{""type"":""MultiPoint"",""coordinates"":[]}"
3024,30.245591600665342,0.37688913062545687,0.0778136303379107,-0.2274613275881246,0.0,0.0,0.0,0.0,0.0,0.0,1.0,12.674576923961139,80.22099341817857,"{""type"":""MultiPoint"",""coordinates"":[]}"
3025,38.37794907617709,-0.45143389757513347,-0.031309985189924144,0.4718866329985519,0.0,0.0,0.340710932260228,0.0,0.0,0.659289067739772,0.0,12.64211846138773,80.03841738047055,"{""type"":""MultiPoint"",""coordinates"":[]}"
3026,28.75042377705096,0.12268898450532797,0.013553492434867576,-0.04119696379020061,0.0,0.0,0.0,0.0,0.0,0.0,1.0,12.687564627263535,80.33950788923855,"{""type"":""MultiPoint"",""coordinates"":[]}"
3027,40.14423616018074,-0.5331707787363767,0.15633817278570838,0.35868299694321193,0.0,0.0,1.0,0.0,0.0,0.0,0.0,12.927924533133746,79.97928793793884,"{""type"":""MultiPoint"",""coordinates"":[]}"
3028,34.391571406642115,0.20735305266085144,0.1650244609459867,-0.26063001424463256,0.0,0.0,0.0,0.014745308310991955,0.0,0.0,0.9852546916890079,12.834202097181713,80.14829399536862,"{""type"":""MultiPoint"",""coordinates"":[]}"
3029,43.571717929778835,-0.5133492708395294,0.0652039597222242,0.41283353982507237,0.00737265415549598,0.0,0.710455764075067,0.282171581769437,0.0,0.0,0.0,12.771209285103462,79.94426269250957,"{""type"":""MultiPoint"",""coordinates"":[]}"
3030,41.53449890763602,-0.6071834680155795,0.1831398524922694,0.40371364162184226,0.0,0.0,0.0,1.0,0.0,0.0,0.0,12.660816585676393,80.17646233257565,"{""type"":""MultiPoint"",""coordinates"":[]}"
3031,44.122457856769465,-0.5632749481058588,0.21355188360854155,0.2898842274936157,0.0,0.0,0.19168900804289546,0.8083109919571047,0.0,0.0,0.0,12.96784711107517,79.92594792340101,"{""type"":""MultiPoint"",""coordinates"":[]}"
3032,28.481565118746666,0.09049989535274176,0.048286441334516664,-0.04442853538039974,0.0,0.0,0.0,0.0,0.0,0.0,1.0,12.641977487439574,80.34021628709891,"{""type"":""MultiPoint"",""coordinates"":[]}"
3033,37.62665513345615,-0.38976846567744716,-0.09401708253357477,0.49886268859857225,0.0,0.4608171466845278,0.0,0.004688546550569323,0.0,0.5344943067649028,0.0,13.088088666385287,80.103847864418,"{""type"":""MultiPoint"",""coordinates"":[]}"
3034,40.63377989435454,-0.3224772110393991,0.02524680954158488,0.26309697820941663,0.0,0.9612040133779264,0.0,0.0,0.0,0.03879598662207358,0.0,13.085248406523437,80.18761772111252,"{""type"":""MultiPoint"",""coordinates"":[]}"
3035,37.87423619222894,-0.4658653052789998,-0.20931158211019724,0.6755303471496068,0.0,0.07563587684069611,0.7061579651941098,0.0,0.0,0.21820615796519408,0.0,12.99651056752149,80.11088579414306,"{""type"":""MultiPoint"",""coordinates"":[]}"
3036,38.96022173543261,-0.45081825549777044,0.0285075723010978,0.3689135300298134,0.0,0.0,0.9892689470154259,0.0,0.0,0.010731052984574111,0.0,12.775835790076245,80.14507166519955,"{""type"":""MultiPoint"",""coordinates"":[]}"
3037,36.8201001326931,-0.18678953871018636,-0.015998438961644833,0.2387775291008089,0.0,0.0,0.10946944257891204,0.8905305574210879,0.0,0.0,0.0,12.73403652527932,80.06897752150263,"{""type"":""MultiPoint"",""coordinates"":[]}"
3038,44.400696008614474,-0.6164175925954649,0.1981792159296246,0.39789752394255795,0.0,0.0,0.0,0.7155287817938422,0.28447121820615795,0.0,0.0,13.031703961854134,79.95032571698921,"{""type"":""MultiPoint"",""coordinates"":[]}"
3039,43.64701373959761,-0.5457268172761269,0.14630438021654077,0.33947507378204494,0.0,0.0,0.5191146881287727,0.4808853118712274,0.0,0.0,0.0,12.899407792991207,80.00601549354639,"{""type"":""MultiPoint"",""coordinates"":[]}"
3040,28.686735586794374,0.24546150099767977,-0.013638646445762048,-0.06581473057575314,0.0,0.0,0.0,0.0,0.0,0.0,1.0,12.64871291356647,80.24414523165787,"{""type"":""MultiPoint"",""coordinates"":[]}"
3041,43.18047720282844,-0.33651473776325985,-0.10289944739647419,0.4164884422401044,0.0,0.7587131367292226,0.0,0.0,0.0,0.24128686327077747,0.0,13.112979858292174,80.1480450262711,"{""type"":""MultiPoint"",""coordinates"":[]}"
3042,41.273352805083746,-0.24985843549524805,0.03323838683279806,0.1707956904697193,0.0,1.0,0.0,0.0,0.0,0.0,0.0,12.979034321618025,80.21137412854483,"{""type"":""MultiPoint"",""coordinates"":[]}"
3043,40.33639383709398,-0.49314841954265076,-0.030394162080379237,0.4978945007292916,0.0,0.0,0.0,0.0,0.0,1.0,0.0,12.702589086890713,80.00924678338872,"{""type"":""MultiPoint"",""coordinates"":[]}"
3044,40.11821412961774,-0.560305911366945,0.051278079352196686,0.5309485611674362,0.0,0.0,0.0,0.0,0.0,1.0,0.0,12.644819504295944,79.9551386897653,"{""type"":""MultiPoint"",""coordinates"":[]}"
3045,46.603150044518074,-0.2959444062298626,0.07162135611745377,0.1767487051205861,0.0,1.0,0.0,0.0,0.0,0.0,0.0,13.109303419588505,80.16970083005396,"{""type"":""MultiPoint"",""coordinates"":[]}"
3046,28.715125154748502,0.1316632749151931,0.016042500852976777,-0.04937987897968506,0.0,0.0,0.0,0.0,0.0,0.0,1.0,12.772496730162104,80.32425168605022,"{""type"":""MultiPoint"",""coordinates"":[]}"
3047,36.6290088129672,-0.5531607474526974,-0.010571355679161273,0.5706343506488862,0.0,0.0,0.0,0.0,0.10046885465505694,0.8995311453449429,0.0,12.77482981502557,79.94667298380858,"{""type"":""MultiPoint"",""coordinates"":[]}"
3048,36.58199390881291,0.23976390773465894,-0.33309651608769947,0.2535339720327126,0.0,0.0,0.0,0.0,0.0,0.0,0.7162977867203221,12.766013720971083,80.2281888075485,"{""type"":""MultiPoint"",""coordinates"":[]}"
3049,43.056862781265096,-0.49866482270758883,0.1691918945933737,0.2331514592108717,0.0,0.0,0.004685408299866131,0.9953145917001339,0.0,0.0,0.0,13.163851853911016,80.07840885928125,"{""type"":""MultiPoint"",""coordinates"":[]}"
3050,28.94055285810869,0.15659375192430455,0.021969241563666714,-0.06623300967087456,0.0,0.0,0.0,0.0,0.0,0.0,1.0,12.697243562873219,80.30491919637142,"{""type"":""MultiPoint"",""coordinates"":[]}"
3051,38.27105263545883,-0.6021448362574813,0.09006395978085756,0.5126730988735191,0.0,0.0,0.0,0.0,0.6168787675820495,0.38312123241795043,0.0,12.839673637000843,80.03461243156777,"{""type"":""MultiPoint"",""coordinates"":[]}"
3052,39.10881322937711,-0.3876054166948775,-0.03161289659453985,0.3990146674400159,0.0,0.5519089082384462,0.0,0.0,0.0,0.4480910917615539,0.0,13.035840337966807,80.19309385951973,"{""type"":""MultiPoint"",""coordinates"":[]}"
3053,41.72799021268458,-0.4791201037898397,0.11778233535164008,0.28831882853330826,0.0,0.015436241610738255,0.19194630872483223,0.1261744966442953,0.24161073825503354,0.4248322147651007,0.0,12.766727940356816,79.90342755006156,"{""type"":""MultiPoint"",""coordinates"":[]}"
3054,40.2076850818182,-0.519820347587779,-0.0060192565074912874,0.4972605724860199,0.0,0.0,0.20788770053475938,0.17045454545454547,0.286096256684492,0.3355614973262033,0.0,13.136873040872846,79.95212590327021,"{""type"":""MultiPoint"",""coordinates"":[]}"
3055,29.501804420681825,0.27097446651779655,0.03881335978429405,-0.1397760721830608,0.0,0.0,0.0,0.0,0.0,0.0,1.0,13.184047631836187,80.32076967685117,"{""type"":""MultiPoint"",""coordinates"":[]}"
3056,41.507214740803775,-0.3719580085657563,0.07665443135961046,0.27125158388536996,0.0,0.9082384460817147,0.0,0.0,0.0,0.09176155391828532,0.0,12.977512029928366,80.10078331994706,"{""type"":""MultiPoint"",""coordinates"":[]}"
3057,28.545737161589553,0.07652372996047137,0.043548473706489135,-0.04100180180443838,0.0,0.0,0.0,0.0,0.0,0.0,1.0,12.886624145640413,80.34296932704761,"{""type"":""MultiPoint"",""coordinates"":[]}"
3058,45.37502687627771,-0.5096921486005251,0.13036509184040038,0.29515940858892536,0.0,0.0,0.49228705566733744,0.5077129443326627,0.0,0.0,0.0,12.794992103362567,80.14201913469844,"{""type"":""MultiPoint"",""coordinates"":[]}"
3059,28.946508636999347,0.22922289754606676,-0.02976066475857202,-0.060848988282867236,0.0,0.0,0.0,0.0,0.0,0.0,1.0,12.90514697295363,80.26479511728682,"{""type"":""MultiPoint"",""coordinates"":[]}"
3060,40.45739473064387,-0.4145679320974789,0.08436783943214429,0.2724195298031624,0.0,0.6452045606975183,0.1837692823608316,0.17102615694164985,0.0,0.0,0.0,12.852809987702656,80.04072276528213,"{""type"":""MultiPoint"",""coordinates"":[]}"
3061,40.33878418475906,-0.2987461804455123,-0.040132862174004136,0.29432422828108,0.0,0.8032128514056225,0.1967871485943775,0.0,0.0,0.0,0.0,12.947165506559092,80.2464803279687,"{""type"":""MultiPoint"",""coordinates"":[]}"
3062,41.44177302847084,-0.179013161925678,0.0856234179548243,0.04087126181440723,0.0,0.3360160965794768,0.008718980549966464,0.4989939637826961,0.0,0.15627095908786048,0.0,12.873940050256413,80.0832596623343,"{""type"":""MultiPoint"",""coordinates"":[]}"
3063,36.19654774698797,-0.4190742158210932,-0.22228759630067474,0.6657166997908485,0.0,0.0,1.0,0.0,0.0,0.0,0.0,13.05640280172495,80.01494514232972,"{""type"":""MultiPoint"",""coordinates"":[]}"
3064,42.996372656820945,-0.3406814147914257,0.06273113891212463,0.25764638925158195,0.0,0.9101274312541918,0.0,0.0,0.0,0.08987256874580819,0.0,13.075590207963137,80.14940260093047,"{""type"":""MultiPoint"",""coordinates"":[]}"
3065,42.277359344651494,-0.43285439926624003,0.08569928174046128,0.33618146271533733,0.0,0.42828418230563003,0.10053619302949063,0.0060321715817694375,0.37801608579088475,0.0871313672922252,0.0,12.969368630878003,80.041647926456,"{""type"":""MultiPoint"",""coordinates"":[]}"
3066,39.383729777954564,-0.4449078686152909,-0.10724386348404864,0.5471786864607199,0.0,0.0,0.0,0.0,0.31684491978609625,0.6831550802139037,0.0,13.067172423607971,79.92923230591984,"{""type"":""MultiPoint"",""coordinates"":[]}"
3067,45.10054391060282,-0.3663502938455721,0.07767737963076152,0.23302109985086636,0.0,0.7615539182853315,0.0,0.23844608171466847,0.0,0.0,0.0,12.917983681093126,80.10122135433916,"{""type"":""MultiPoint"",""coordinates"":[]}"
3068,41.213137759838936,-0.40997971513322967,0.024245521124999864,0.33115277617589417,0.0,0.0,1.0,0.0,0.0,0.0,0.0,12.636935314431888,80.05049501120202,"{""type"":""MultiPoint"",""coordinates"":[]}"
3069,45.016777532954585,-0.5906968790533547,0.1681710439998697,0.39031387852099514,0.0,0.0,0.10895721925133693,0.8910427807486632,0.0,0.0,0.0,13.096215231749799,79.94451875262173,"{""type"":""MultiPoint"",""coordinates"":[]}"
3070,42.16274826294316,-0.4241236613960286,0.07595956242265618,0.3103759245923089,0.0,0.9290969899665551,0.0,0.0,0.0,0.07090301003344482,0.0,13.150207643299336,79.91293365008038,"{""type"":""MultiPoint"",""coordinates"":[]}"
3071,37.05361930500337,-0.5032202796466513,-0.0924283630763705,0.6290985890377176,0.0,0.0,0.0,0.0,0.0,1.0,0.0,12.83875301761334,80.09354797064204,"{""type"":""MultiPoint"",""coordinates"":[]}"
3072,28.51734207473863,0.12708481983575756,-0.0064999657130474075,-0.028194533003035056,0.0,0.0,0.0,0.0,0.0,0.0,1.0,12.924846815098222,80.33589379791233,"{""type"":""MultiPoint"",""coordinates"":[]}"
3073,28.461621107108456,0.18140385724824906,-0.018424978542143543,-0.04864702658092032,0.0,0.0,0.0,0.0,0.0,0.0,1.0,13.065629208746714,80.3223579620445,"{""type"":""MultiPoint"",""coordinates"":[]}"
3074,42.40628394177066,-0.5745185843869598,0.13206410611178537,0.42648017802025956,0.0,0.0,0.1301140174379611,0.8698859825620391,0.0,0.0,0.0,12.689490954659004,80.07500845467295,"{""type"":""MultiPoint"",""coordinates"":[]}"
3075,41.19303734785669,-0.5258291240362535,-0.09656411546035436,0.5675753419888014,0.0,0.32953784326858676,0.0,0.01071667782987274,0.0,0.6597454789015404,0.0,12.987253257406573,80.26697769925096,"{""type"":""MultiPoint"",""coordinates"":[]}"
3076,41.800324921174514,-0.5255410971016555,0.11092148000520692,0.3588350901802683,0.0,0.034899328859060406,0.30201342281879195,0.32885906040268453,0.0,0.33422818791946307,0.0,12.77721863908819,80.04267749083594,"{""type"":""MultiPoint"",""coordinates"":[]}"
3077,28.43205519536292,0.1297688063132799,0.001844684673991459,-0.05791604814991782,0.0,0.0,0.0,0.0,0.0,0.0,1.0,12.657301445325487,80.34173792979905,"{""type"":""MultiPoint"",""coordinates"":[]}"
3078,39.646214462260886,-0.43148892817632245,-0.053828060847291796,0.4462784779244628,0.0,0.8367892976588629,0.0,0.0,0.0,0.1632107023411371,0.0,13.069738005773093,80.2399136718513,"{""type"":""MultiPoint"",""coordinates"":[]}"
3079,39.142513825328436,-0.4815691679554857,-0.08820854866436706,0.557701008985546,0.0,0.0,0.6957104557640751,0.0,0.0,0.30428954423592497,0.0,13.158919215224506,79.93710379310595,"{""type"":""MultiPoint"",""coordinates"":[]}"
3080,42.6803898414458,-0.28705549405496505,0.10621508825049876,0.12106782681126535,0.0,1.0,0.0,0.0,0.0,0.0,0.0,13.120005320911632,80.10019657145368,"{""type"":""MultiPoint"",""coordinates"":[]}"
3081,28.659027250971878,0.129600154096533,0.009265866253549929,-0.046862128188911896,0.0,0.0,0.0,0.0,0.0,0.0,1.0,12.812339440511545,80.33921634311326,"{""type"":""MultiPoint"",""coordinates"":[]}"
3082,45.49086399648796,-0.45748977451318146,0.1398400241304401,0.21092793252204003,0.026809651474530828,0.0,0.0,0.8853887399463808,0.07439678284182305,0.013404825737265414,0.0,12.691533538603794,79.95090895856349,"{""type"":""MultiPoint"",""coordinates"":[]}"
3083,42.210919354065645,-0.28703745717713774,0.0967355024420279,0.15120783954181402,0.0,1.0,0.0,0.0,0.0,0.0,0.0,12.980782656596578,80.24265807849493,"{""type"":""MultiPoint"",""coordinates"":[]}"
3084,40.48095709750839,-0.3494183395888091,0.17491955496941386,0.17116173782904978,0.0,0.0,0.036838580040187544,0.7789685197588749,0.13931681178834562,0.0,0.0448760884125921,12.906585369105024,79.92702000548815,"{""type"":""MultiPoint"",""coordinates"":[]}"
3085,40.36262548396381,-0.35141473035831994,-0.02557563376845691,0.3584647402317059,0.0,0.5640509725016767,0.0,0.0,0.0,0.43594902749832326,0.0,12.880738385181367,80.02428649301291,"{""type"":""MultiPoint"",""coordinates"":[]}"
3086,43.699495153975924,-0.5626597971855277,0.1248126451754179,0.4041654167774938,0.0,0.0,0.3668005354752343,0.495983935742972,0.060910307898259713,0.07630522088353414,0.0,13.016691086471345,79.98182946319498,"{""type"":""MultiPoint"",""coordinates"":[]}"
3087,28.84828753774497,0.2477232748888956,-0.0377659943372918,-0.05951200419319175,0.0,0.0,0.0,0.0,0.0,0.0,1.0,12.600280562987324,80.22939218187976,"{""type"":""MultiPoint"",""coordinates"":[]}"
3088,42.651247663766775,-0.2741754898586103,0.1186003122001006,0.11167008746400657,0.0,1.0,0.0,0.0,0.0,0.0,0.0,13.097127812576927,80.25262684295159,"{""type"":""MultiPoint"",""coordinates"":[]}"
3089,37.90745854305687,-0.37943274489480083,-0.09496840316395541,0.46880022333795873,0.0,0.0,0.6120401337792643,0.0,0.0,0.38795986622073586,0.0,13.116899082972614,80.08320731239937,"{""type"":""MultiPoint"",""coordinates"":[]}"
3090,40.917891316584075,-0.43245707870548006,0.05157813726421019,0.3442543042059316,0.0,0.16141995981245813,0.6818486269256531,0.15673141326188883,0.0,0.0,0.0,13.18610722180098,80.15249233576083,"{""type"":""MultiPoint"",""coordinates"":[]}"
3091,41.60368524256704,-0.5245993832665923,0.0686546892349917,0.39423651108719454,0.0,0.0,0.2473190348525469,0.03753351206434316,0.7151474530831099,0.0,0.0,13.066021974331655,79.90181166206878,"{""type"":""MultiPoint"",""coordinates"":[]}"
3092,40.87839606031504,-0.4763750412236218,0.014365031443694335,0.46426517941331036,0.0,0.0,0.16085790884718498,0.11595174262734585,0.44436997319034854,0.27882037533512066,0.0,12.702664626773547,79.99956746467382,"{""type"":""MultiPoint"",""coordinates"":[]}"
3093,28.927453886760595,0.17683612176519864,2.3981535814543062E-4,-0.07307235278088699,0.0,0.0,0.0,0.0,0.0,0.0,1.0,12.736673569598754,80.32391446507201,"{""type"":""MultiPoint"",""coordinates"":[]}"
3094,29.321606072200684,0.26998330987653724,0.01778665070765638,-0.11884203610358188,0.0,0.0,0.0,0.0,0.0,0.0,1.0,13.177252801490862,80.32002264077094,"{""type"":""MultiPoint"",""coordinates"":[]}"
3095,41.51174882560617,-0.3589339827148244,0.066609549368145,0.2542760962991527,0.0,1.0,0.0,0.0,0.0,0.0,0.0,13.048527222375712,80.23404395293099,"{""type"":""MultiPoint"",""coordinates"":[]}"
3096,37.29526445046311,-0.5434238475474589,-0.08471716243237111,0.6380238141759449,0.0,0.0,0.0,0.0,0.0,1.0,0.0,12.799759851255978,80.05977115941589,"{""type"":""MultiPoint"",""coordinates"":[]}"
3097,31.196079105264236,0.3889724670693455,-0.10895685815180388,-0.1746210304286058,0.0,0.0,0.0,0.0,0.0,0.0,1.0,13.156176782832928,80.18645720608475,"{""type"":""MultiPoint"",""coordinates"":[]}"
3098,42.71813528362174,-0.5138059395083543,0.0777415144874616,0.32388710045554187,0.0,0.25821596244131456,0.23272971160295106,0.20053655264922868,0.0,0.3085177733065057,0.0,12.689642275858585,80.15394139505439,"{""type"":""MultiPoint"",""coordinates"":[]}"
3099,41.21887273426563,-0.3946364137552797,9.518670602093196E-4,0.3760469283041024,0.0,0.3279678068410463,0.14017437961099932,0.004024144869215292,0.0,0.527833668678739,0.0,12.707275163373595,80.1850449001472,"{""type"":""MultiPoint"",""coordinates"":[]}"
3100,29.017313497774047,0.2036032651332876,-0.028867247049817087,-0.05295327927847161,0.0,0.0,0.0,0.0,0.0,0.0,1.0,12.612157489325513,80.25810955093692,"{""type"":""MultiPoint"",""coordinates"":[]}"
3101,28.74916378308314,0.13912494632534758,0.021718534100565852,-0.0464310399878835,0.0,0.0,0.0,0.0,0.0,0.0,1.0,12.877857785643654,80.31483620516002,"{""type"":""MultiPoint"",""coordinates"":[]}"
3102,34.27410138698797,-0.39180603960158095,-0.27930269874795116,0.6999395219912933,0.0,0.0,1.0,0.0,0.0,0.0,0.0,13.154201155486756,79.95152728571811,"{""type"":""MultiPoint"",""coordinates"":[]}"
3103,41.62905584903616,-0.4601805096890451,-0.007695198011250342,0.4909414268447614,0.0,0.0,0.06358768406961178,0.0,0.0,0.9364123159303881,0.0,13.055940107965972,80.13014477456154,"{""type"":""MultiPoint"",""coordinates"":[]}"
3104,36.434551946774214,-0.520885136791038,-0.16235895596131625,0.6781966289386031,0.0,0.0,0.0,0.0,0.0,1.0,0.0,12.683407084153393,79.99857249289298,"{""type"":""MultiPoint"",""coordinates"":[]}"
3105,38.9644102416287,-0.3189360743202331,0.02808718852535143,0.23378755610109514,0.0,0.5871313672922253,0.07305630026809652,0.3398123324396783,0.0,0.0,0.0,13.020671877096555,80.27412422405348,"{""type"":""MultiPoint"",""coordinates"":[]}"
3106,40.5160753255131,-0.4646238020841441,-0.06650095917910359,0.5000593880887506,0.0,0.0,1.0,0.0,0.0,0.0,0.0,12.748610182184159,79.9397270929579,"{""type"":""MultiPoint"",""coordinates"":[]}"
3107,38.381781012761415,-0.4922901174413273,-0.08053245321620602,0.5497964590189831,0.0,0.0,0.0,0.0,0.0,1.0,0.0,12.874508374646886,80.2450881163546,"{""type"":""MultiPoint"",""coordinates"":[]}"
3108,38.63441733843376,-0.45732487664611,-0.0480497472657723,0.48963238297041806,0.0,0.6506024096385542,0.0,0.0,0.0,0.3493975903614458,0.0,13.025470316111921,80.2510336924894,"{""type"":""MultiPoint"",""coordinates"":[]}"
3109,41.132466971233264,-0.5454075787952687,0.01938243046842563,0.5173689328798946,0.0,0.0,0.022788203753351204,0.0,0.0,0.9772117962466488,0.0,12.892908591418262,80.01987208354062,"{""type"":""MultiPoint"",""coordinates"":[]}"
3110,28.533308489209126,0.17118569238351738,0.007782274505065336,-0.06057748340913531,0.0,0.0,0.0,0.0,0.0,0.0,1.0,12.843380459390323,80.28909980494778,"{""type"":""MultiPoint"",""coordinates"":[]}"
3111,35.54226389142667,-0.4141405561573918,-0.28190315908825625,0.7149738157199049,0.0,0.0,1.0,0.0,0.0,0.0,0.0,13.073107189153298,80.00089504425765,"{""type"":""MultiPoint"",""coordinates"":[]}"
3112,28.84788838641613,0.16465721736202799,-0.015200254959143171,-0.044839795757601136,0.0,0.0,0.0,0.0,0.0,0.0,1.0,12.61206742421679,80.29823267454387,"{""type"":""MultiPoint"",""coordinates"":[]}"
3113,28.835506627082523,0.16713840009243267,0.023510892553357383,-0.057455727202382005,0.0,0.0,0.0,0.0,0.0,0.0,1.0,12.6826921415903,80.29869146515482,"{""type"":""MultiPoint"",""coordinates"":[]}"
3114,38.37091871930967,-0.5603378674310432,0.09518962480094198,0.43920459332434825,0.0,0.0,0.0,0.0,0.8331099195710455,0.16689008042895442,0.0,12.663809652430583,80.03683496205886,"{""type"":""MultiPoint"",""coordinates"":[]}"
3115,37.24858689780687,-0.5752337629603244,-0.001924570222413153,0.5991291591797073,0.0,0.024144869215291753,0.0,0.0,0.0,0.9758551307847082,0.0,12.681034700766196,80.00606276781232,"{""type"":""MultiPoint"",""coordinates"":[]}"
3116,41.61674107097186,-0.49686126023684124,0.03522510853334089,0.4140843612432652,0.0,0.0,0.556970509383378,0.36126005361930297,0.0,0.08176943699731905,0.0,12.789314986278287,80.17621661643962,"{""type"":""MultiPoint"",""coordinates"":[]}"
3117,39.375352103614475,-0.4721042329522749,-0.07146225617673689,0.5312150217847846,0.0,0.0,0.32195448460508697,0.0,0.0,0.6780455153949131,0.0,13.090113848424473,79.96857326736443,"{""type"":""MultiPoint"",""coordinates"":[]}"
3118,32.702349395885925,0.649133720568092,-0.5158484319937794,-0.09930615767577658,0.0,0.0,0.0,0.0,0.0,0.0,1.0,12.747477748732248,80.21995132526042,"{""type"":""MultiPoint"",""coordinates"":[]}"
3119,28.95597117481907,0.27280244740152565,-0.022121627849849577,-0.08769024648183812,0.0,0.0,0.0,0.0,0.0,0.0,1.0,12.631247523784532,80.2308283221554,"{""type"":""MultiPoint"",""coordinates"":[]}"
3120,28.64372936362419,0.23036805184561396,-0.01099561072323469,-0.0692521101194014,0.0,0.0,0.0,0.0,0.0,0.0,1.0,12.737948522094998,80.27057780955528,"{""type"":""MultiPoint"",""coordinates"":[]}"
3121,44.70077411014096,-0.4994631222537907,0.15367613561343624,0.24677559090705273,0.0,0.0,1.0,0.0,0.0,0.0,0.0,12.908460214150963,79.96100105933668,"{""type"":""MultiPoint"",""coordinates"":[]}"
3122,37.653634344518096,-0.4753866459603455,-0.16328310642173835,0.6652318020562086,0.0,0.0,0.0,0.0,0.0,1.0,0.0,13.086227556863205,79.94170296262531,"{""type"":""MultiPoint"",""coordinates"":[]}"
3123,37.169298462032216,-0.5136384411840702,-0.1048679694358415,0.6331309648430179,0.0,0.0,0.6794097920858486,0.008048289738430586,0.0,0.312541918175721,0.0,12.676272027985302,80.14896639545567,"{""type"":""MultiPoint"",""coordinates"":[]}"
3124,40.57909982984598,-0.4833941719356048,-0.05326659271354742,0.532553328766122,0.0,0.21701272605492294,0.2384460817146684,0.0,0.0,0.5445411922304085,0.0,13.103128322289157,79.95309767577257,"{""type"":""MultiPoint"",""coordinates"":[]}"
3125,38.34403342005372,-0.2976764515510109,-0.2579352777064294,0.5627454643621751,0.0,0.0,1.0,0.0,0.0,0.0,0.0,12.964650283278225,79.97808278972698,"{""type"":""MultiPoint"",""coordinates"":[]}"
3126,39.37845897855422,-0.5219803613580369,0.014811580284896235,0.47126726832519683,0.0,0.0,0.2034805890227577,0.0,0.0,0.7965194109772422,0.0,12.849118468974055,80.0376385856143,"{""type"":""MultiPoint"",""coordinates"":[]}"
3127,28.53339952710846,0.19517103621074314,-0.014980567259658557,-0.0635742794749436,0.0,0.0,0.0,0.0,0.0,0.0,1.0,13.06209128117562,80.31581110713118,"{""type"":""MultiPoint"",""coordinates"":[]}"
3128,42.33251292914766,-0.5299599234247903,0.07488967816735233,0.4132180087869731,0.0,0.0,0.9046979865771813,0.09463087248322148,0.0,6.711409395973155E-4,0.0,12.847105778071638,80.1693914588104,"{""type"":""MultiPoint"",""coordinates"":[]}"
3129,44.80057226523491,-0.3155781061919935,0.1460540407222077,0.10835094958806014,0.8060402684563758,0.074496644295302,0.11476510067114092,0.004697986577181208,0.0,0.0,0.0,12.81050686770692,79.95340920893841,"{""type"":""MultiPoint"",""coordinates"":[]}"
3130,41.10436456845281,-0.5543591739004748,0.10552081925060822,0.3893441036225723,0.0,0.23576691225720028,0.0,0.0,0.0,0.7642330877427996,0.0,12.896094919386469,80.12646696640972,"{""type"":""MultiPoint"",""coordinates"":[]}"
3131,42.91117203219318,-0.30627012685774285,0.008348165809323722,0.2572095826205191,0.0,0.9483568075117371,0.0,0.0,0.0,0.051643192488262914,0.0,12.905532900074082,80.15132885459902,"{""type"":""MultiPoint"",""coordinates"":[]}"
3132,28.22435289701945,0.13630551907636207,-0.01014365639101905,-0.031014282900328514,0.0,0.0,0.0,0.0,0.0,0.0,1.0,12.942538074017541,80.33881900924789,"{""type"":""MultiPoint"",""coordinates"":[]}"
3133,42.63078980082385,-0.3961823776983963,0.04089406194213129,0.3317694435580224,0.0,0.9698593436034827,0.0,0.0,0.0,0.03014065639651707,0.0,12.973779106990994,80.0889181580769,"{""type"":""MultiPoint"",""coordinates"":[]}"
3134,37.26592009567986,-0.5125128566372448,-0.07391678249836715,0.5969958795572404,0.0,0.0,0.4273275284661755,0.0,0.0,0.5726724715338246,0.0,12.88927393199735,80.1652839665931,"{""type"":""MultiPoint"",""coordinates"":[]}"
3135,40.92272150265416,-0.33481659552717496,0.05314626962785973,0.24487415167491586,0.0,0.6146112600536193,0.0,0.0,0.0,0.38538873994638073,0.0,12.995512509609354,80.09825335498394,"{""type"":""MultiPoint"",""coordinates"":[]}"
3136,28.447797280408874,0.13307144492390402,0.019052399162041676,-0.05312944097770727,0.0,0.0,0.0,0.0,0.0,0.0,1.0,12.669335842046351,80.3383082565181,"{""type"":""MultiPoint"",""coordinates"":[]}"
3137,40.44723173799331,-0.5575534689341671,0.04644075625090126,0.4718265057411377,0.0,0.0,0.8791946308724833,0.03154362416107383,0.0,0.08926174496644296,0.0,12.646035033901375,79.9256059130172,"{""type"":""MultiPoint"",""coordinates"":[]}"
3138,28.920914727812093,0.14113481752251264,0.016515252135075594,-0.04264362149267476,0.0,0.0,0.0,0.0,0.0,0.0,1.0,12.724184740979792,80.31445990448563,"{""type"":""MultiPoint"",""coordinates"":[]}"
3139,37.51537479701075,-0.4890066766185596,-0.05310077681779943,0.5268252466784696,0.0,0.0,0.09986595174262734,0.0,0.0,0.9001340482573725,0.0,12.810543913704501,80.04267274078339,"{""type"":""MultiPoint"",""coordinates"":[]}"
3140,41.3583923643001,-0.35051903519736505,-0.002966142259724551,0.3273987307837017,0.0,0.9973208305425318,0.0,0.0,0.0,0.002679169457468185,0.0,13.191735306517852,80.3050006424138,"{""type"":""MultiPoint"",""coordinates"":[]}"
3141,28.915686876769453,0.196390097346575,-0.0061701365320309,-0.06125828520690896,0.0,0.0,0.0,0.0,0.0,0.0,1.0,12.621642331548689,80.25614734561123,"{""type"":""MultiPoint"",""coordinates"":[]}"
3142,40.21612325216869,-0.5074910337730435,0.03775616326210438,0.4648093909238963,0.0,0.0,1.0,0.0,0.0,0.0,0.0,13.126195647981051,79.97611776490898,"{""type"":""MultiPoint"",""coordinates"":[]}"
3143,39.8547259768675,-0.37081946891495515,0.036196831972292606,0.2985118009680436,0.0,0.7637215528781794,0.0,0.0,0.0,0.23627844712182064,0.0,13.152814048361424,80.03870298337644,"{""type"":""MultiPoint"",""coordinates"":[]}"
3144,38.543277438653725,-0.49695801156092595,-0.07564289180504091,0.5728853337627863,0.0,0.04353650368385799,0.07501674480910915,0.0,0.0,0.8814467515070327,0.0,13.179374815117225,80.00975199911572,"{""type"":""MultiPoint"",""coordinates"":[]}"
3145,41.063477761951745,-0.4312181758548485,0.05074663939924985,0.3408560435519267,0.0,0.8095238095238095,0.0,0.0,0.0,0.19047619047619052,0.0,12.884206989342799,80.11152675554887,"{""type"":""MultiPoint"",""coordinates"":[]}"
3146,39.79266397650604,-0.3373898291519037,0.036693419350613835,0.2681933664973512,0.0,1.0,0.0,0.0,0.0,0.0,0.0,13.050057670442767,80.14051996950204,"{""type"":""MultiPoint"",""coordinates"":[]}"
3147,28.81842230124834,0.19640553844531658,-0.012172285235700813,-0.059309346169116046,0.0,0.0,0.0,0.0,0.0,0.0,1.0,12.604612835871125,80.25309250988464,"{""type"":""MultiPoint"",""coordinates"":[]}"
3148,45.93896544797182,-0.45646842864192533,0.19409814263406594,0.19951449625751708,0.0,0.0,0.0,0.8885157824042983,0.0,0.0,0.0,12.695225460674957,80.21288427026755,"{""type"":""MultiPoint"",""coordinates"":[]}"
3149,41.89239789350303,-0.4536251873845008,0.0898356452690414,0.32181342098631077,0.0,0.0,0.0,0.027461486939048898,0.173476222371065,0.7990622906898862,0.0,13.193959208188577,80.24033756452118,"{""type"":""MultiPoint"",""coordinates"":[]}"
3150,29.044737749852576,0.20562043140082134,0.00841840501439815,-0.06972050255025665,0.0,0.0,0.0,0.0,0.0,0.0,1.0,12.810002490598352,80.27387278448766,"{""type"":""MultiPoint"",""coordinates"":[]}"
3151,39.61256731180539,-0.48815410099851025,0.017877836532034428,0.4205976586063356,0.0,0.0,0.8288590604026846,0.0,0.0,0.17114093959731547,0.0,12.703485596931069,80.10065888637679,"{""type"":""MultiPoint"",""coordinates"":[]}"
3152,41.66083595110815,-0.5441308744356391,-2.62125354275639E-4,0.5468498067247539,0.0,0.0,0.0,1.0,0.0,0.0,0.0,12.65193419494097,80.18136928610166,"{""type"":""MultiPoint"",""coordinates"":[]}"
3153,38.7166900407229,-0.5554315028652613,-0.00967051272851549,0.5784764608577517,0.0,0.0,0.0,0.4444444444444444,0.0,0.5555555555555555,0.0,12.919960419874274,80.05305252937711,"{""type"":""MultiPoint"",""coordinates"":[]}"
3154,40.53295541516411,-0.44192140279876707,0.023190257029092547,0.39095774547953943,0.0,0.4842598794373744,0.04956463496316142,0.0,0.0,0.46617548559946415,0.0,13.127736421129415,79.9960695018705,"{""type"":""MultiPoint"",""coordinates"":[]}"
3155,37.242004257816504,-0.43232721675285024,-0.11135540055763592,0.5522296041680685,0.0,0.002009377093101139,0.036838580040187544,0.0,0.0,0.9611520428667114,0.0,12.940828420881294,80.16904847892195,"{""type"":""MultiPoint"",""coordinates"":[]}"
3156,38.51453154524099,-0.4473011076052598,-0.07823127974907844,0.5228462672920113,0.0,0.0,0.0,0.0,0.0,1.0,0.0,12.995201295588585,80.0718316256222,"{""type"":""MultiPoint"",""coordinates"":[]}"
3157,28.742864759718323,0.19198899953234932,-0.018753579212214294,-0.04469094756936493,0.0,0.0,0.0,0.0,0.0,0.0,1.0,12.888763536835778,80.27588194754567,"{""type"":""MultiPoint"",""coordinates"":[]}"
3158,37.40764214475905,-0.309491785673697,-0.19846691357545865,0.5608754333717387,0.0,0.0,0.3179384203480589,0.0,0.0,0.6820615796519411,0.0,13.150058087779854,80.26005854482665,"{""type"":""MultiPoint"",""coordinates"":[]}"
3159,42.01186254400404,-0.48806143763538257,0.07791569445973753,0.38957334050194425,0.0,0.0,0.029510395707578806,0.9704896042924211,0.0,0.0,0.0,12.728880597594815,80.1481483715107,"{""type"":""MultiPoint"",""coordinates"":[]}"
3160,40.86289584361263,-0.4505613692799975,0.04617528596550761,0.35231047042299785,0.0,0.0,1.0,0.0,0.0,0.0,0.0,12.902866349124075,79.93954738140617,"{""type"":""MultiPoint"",""coordinates"":[]}"
3161,40.256973341477305,-0.31533066398770543,0.08307489002268809,0.1946123686353292,0.0,1.0,0.0,0.0,0.0,0.0,0.0,13.130878215298297,80.14832780696274,"{""type"":""MultiPoint"",""coordinates"":[]}"
3162,44.16306647229685,-0.5298342995729144,0.1291601635923408,0.34395182812539665,0.0,0.0,0.3888515782404297,0.0,0.0,0.6111484217595702,0.0,12.609361717876716,79.94388175765717,"{""type"":""MultiPoint"",""coordinates"":[]}"
3163,40.15599464124833,-0.5020416367831804,-0.08790261155041477,0.5454610679226193,0.0,0.5120805369127517,0.0,0.0,0.0,0.4879194630872483,0.0,12.756812650208715,80.01833601427136,"{""type"":""MultiPoint"",""coordinates"":[]}"
3164,38.35725075569513,-0.45756337629633115,-0.11965223602091805,0.6089125708146016,0.0,0.0,0.8072531900604433,0.0,0.0,0.19274680993955676,0.0,12.699035187425425,79.93895345690808,"{""type"":""MultiPoint"",""coordinates"":[]}"
3165,37.54180303873242,-0.5518038863761993,0.08348216875106024,0.43690544920163316,0.0,0.0,0.0,0.0,0.9362843729040913,0.06371562709590879,0.0,12.80081993932686,80.01683007408707,"{""type"":""MultiPoint"",""coordinates"":[]}"
3166,35.2358507681928,-0.4508202811259973,-0.0426014042906479,0.5055815835491918,0.0,0.0,0.9551539491298527,0.0,0.04484605087014726,0.0,0.0,13.169631846993795,79.90139091437288,"{""type"":""MultiPoint"",""coordinates"":[]}"
3167,40.56857178840911,-0.5287380610069521,0.11944638009976391,0.3782927714742864,0.0,0.0,0.21323529411764705,0.6691176470588235,0.0,0.1176470588235294,0.0,13.182415563273901,79.91332614708247,"{""type"":""MultiPoint"",""coordinates"":[]}"
3168,41.806435720716685,-0.36725017841378466,0.042817440499082045,0.2829817263140936,0.0,0.9892833221701272,0.0,0.0,0.0,0.010716677829872737,0.0,12.924739436568794,80.20315635457276,"{""type"":""MultiPoint"",""coordinates"":[]}"
3169,38.15435575503685,-0.48644171634438604,-0.06240245100000669,0.5629871450397939,0.0,0.0,0.0,0.0,0.0,1.0,0.0,12.748867441063986,80.18599528061533,"{""type"":""MultiPoint"",""coordinates"":[]}"
3170,28.785381398169033,0.11754470725869452,0.018458761293715348,-0.05506668255955056,0.0,0.0,0.0,0.0,0.0,0.0,1.0,12.623919745085201,80.33827229905563,"{""type"":""MultiPoint"",""coordinates"":[]}"
3171,39.36485592937628,-0.5181858286217682,-0.046001721000295995,0.5626640604208373,0.0,0.0,0.0,0.0,0.0026827632461435278,0.9973172367538565,0.0,12.959522543319524,80.04661757177412,"{""type"":""MultiPoint"",""coordinates"":[]}"
3172,39.96818803915494,-0.4475968932319541,-0.009941260891237702,0.44813863853352603,0.0,0.0,0.05097250167672703,0.8229376257545272,0.0,0.12608987256874582,0.0,12.876027995021136,80.18647896687575,"{""type"":""MultiPoint"",""coordinates"":[]}"
3173,37.47190164534092,-0.5066033010650095,-0.028549096942610878,0.5421003896877019,0.0,0.0,0.0,0.0,0.009358288770053477,0.9906417112299464,0.0,13.123769460935309,79.95769494131274,"{""type"":""MultiPoint"",""coordinates"":[]}"
3174,34.945647536281896,0.008878460462262098,-0.389296971971383,0.5106443438621437,0.0,0.0,0.0,1.0,0.0,0.0,0.0,12.801911602753089,79.95804331005212,"{""type"":""MultiPoint"",""coordinates"":[]}"
3175,39.8946350290958,-0.3474780734607351,0.04829590239551351,0.2522674900239021,0.0,0.9899531145344943,0.0,0.0,0.0,0.010046885465505693,0.0,13.031437163435822,80.25697645633538,"{""type"":""MultiPoint"",""coordinates"":[]}"
3176,28.642014618691288,0.13966873710952454,0.03510112237549446,-0.06996831939172833,0.0,0.0,0.0,0.0,0.0,0.0,1.0,12.751213984263899,80.30211360763427,"{""type"":""MultiPoint"",""coordinates"":[]}"
3177,44.92095039765419,-0.5732545653522034,0.17208162553368853,0.3476917100969373,0.0,0.0,0.2855227882037534,0.7144772117962467,0.0,0.0,0.0,12.99544177595714,79.95695831181868,"{""type"":""MultiPoint"",""coordinates"":[]}"
3178,41.12724681699329,-0.5145153371126493,0.06901444456299322,0.4143856648395366,0.0,0.06711409395973153,0.0,0.0013422818791946308,0.2442953020134228,0.6872483221476511,0.0,12.892894184954924,80.1337436408799,"{""type"":""MultiPoint"",""coordinates"":[]}"
3179,28.54345945879359,0.18220327058834415,-0.007555601073792426,-0.07037089403925795,0.0,0.0,0.0,0.0,0.0,0.0,1.0,12.823177291117672,80.31577107612148,"{""type"":""MultiPoint"",""coordinates"":[]}"
3180,41.523900009087264,-0.5600493837078381,0.13359634969340956,0.3552611066060406,0.0,0.0,0.2610738255033557,0.12013422818791947,0.5906040268456376,0.028187919463087248,0.0,12.626933155182936,80.01039140413982,"{""type"":""MultiPoint"",""coordinates"":[]}"
3181,37.03909073338256,0.016624011608724593,-0.05161934267028241,0.10449156369131304,0.0,0.0,0.02416107382550335,0.9758389261744966,0.0,0.0,0.0,12.856775007404536,80.10320724051313,"{""type"":""MultiPoint"",""coordinates"":[]}"
3182,41.31345091190606,-0.4925917289033973,0.012849057419846334,0.4819413731484701,0.0,0.0,0.6530201342281879,0.34630872483221475,0.0,6.711409395973155E-4,0.0,13.024238350718232,79.97088957002317,"{""type"":""MultiPoint"",""coordinates"":[]}"
3183,28.53319410563381,0.2104617560380554,-0.018894131514422676,-0.051213746027083,0.0,0.0,0.0,0.0,0.0,0.0,1.0,12.83678147908272,80.27296916348253,"{""type"":""MultiPoint"",""coordinates"":[]}"
3184,39.81950416915493,-0.4619179158003442,-0.035788355796878,0.49151070414155706,0.0,0.5895372233400401,0.0,0.0,0.0,0.4104627766599597,0.0,12.669538665367384,79.98514400906053,"{""type"":""MultiPoint"",""coordinates"":[]}"
3185,31.93972461147356,0.43830634678265806,0.038937165477854384,-0.32637838476588266,0.0,0.0,0.0,0.0,0.0,0.0,1.0,12.908944903408544,80.04012309177962,"{""type"":""MultiPoint"",""coordinates"":[]}"
3186,39.28804026922098,-0.5941845000889955,0.02137963294629673,0.5921508730535198,0.0,0.0,0.0,0.0,0.0,1.0,0.0,12.63814517150683,79.98247694985405,"{""type"":""MultiPoint"",""coordinates"":[]}"
3187,40.47723345359252,-0.41761069887425795,0.018769747460390476,0.3516479929580834,0.0,0.7895442359249331,0.0,0.0,0.0,0.21045576407506708,0.0,13.017027290982636,80.24792201439811,"{""type"":""MultiPoint"",""coordinates"":[]}"
3188,36.5580611619303,-0.425198583826763,-0.3071253985309481,0.723332379863288,0.0,0.0,0.7017426273458444,0.0,0.0,0.2982573726541555,0.0,12.838041773189355,80.0724356671978,"{""type"":""MultiPoint"",""coordinates"":[]}"
3189,29.544726291388336,0.3491866296515394,0.046111627609173006,-0.1873333181305532,0.0,0.0,0.0,0.0,0.0,0.0,1.0,12.786639845892687,80.25891575121594,"{""type"":""MultiPoint"",""coordinates"":[]}"
3190,41.74284558261366,-0.3964705518605135,-0.07691934309683097,0.4470916478209973,0.0,0.0,0.4405080213903744,0.37165775401069523,0.0,0.18783422459893054,0.0,13.17654167423883,80.26403220945727,"{""type"":""MultiPoint"",""coordinates"":[]}"
3191,41.75921447211269,-0.30445068368784534,0.10644431012237444,0.14319189506059415,0.0,1.0,0.0,0.0,0.0,0.0,0.0,13.03671218945347,80.15360907050773,"{""type"":""MultiPoint"",""coordinates"":[]}"
3192,38.39633440173039,-0.2012535255937947,-0.23021290893976376,0.5141378582468534,0.0,0.0,0.23742454728370221,0.0,0.0,0.7625754527162979,0.0,12.91562326930527,79.96436244188456,"{""type"":""MultiPoint"",""coordinates"":[]}"
3193,38.85130270633313,-0.41736981145571306,-0.08864698478329826,0.49803346804833093,0.0,0.0,0.8052384150436533,0.0,0.0,0.19476158495634655,0.0,12.601200385264114,79.97334667364923,"{""type"":""MultiPoint"",""coordinates"":[]}"
3194,40.071320669611275,-0.46386915079198837,-0.009200074502466718,0.4299600870134969,0.0,0.0,1.0,0.0,0.0,0.0,0.0,12.803561619993442,80.12942432462214,"{""type"":""MultiPoint"",""coordinates"":[]}"
3195,37.43848407640941,-0.4427482935285868,-0.03211050173600562,0.461249440079862,0.0,0.13087248322147652,0.0,0.0,0.0,0.8691275167785235,0.0,12.61712565082197,79.97486891197964,"{""type"":""MultiPoint"",""coordinates"":[]}"
3196,28.73246627633804,0.2280092870890151,-0.005989486868592391,-0.06396634169752258,0.0,0.0,0.0,0.0,0.0,0.0,1.0,12.757921518934722,80.26841047312625,"{""type"":""MultiPoint"",""coordinates"":[]}"
3197,31.862822893597354,0.5838707514650446,-0.25468421039845884,-0.14929491152827376,0.0,0.0,0.0,0.0,0.0,0.0,1.0,12.720003007668197,79.9921027412984,"{""type"":""MultiPoint"",""coordinates"":[]}"
3198,28.712923974895922,0.11686323726477192,-0.0011024057559055431,-0.036675993207437856,0.0,0.0,0.0,0.0,0.0,0.0,1.0,12.628392885873396,80.33626698738146,"{""type"":""MultiPoint"",""coordinates"":[]}"
3199,38.821099610181086,-0.47303919486675405,-0.1647478607842082,0.6526577336100506,0.0,0.0,0.14151576123407109,0.0,0.0,0.8584842387659288,0.0,12.816606574401417,79.90507859067098,"{""type"":""MultiPoint"",""coordinates"":[]}"
3200,28.593048052371085,0.22951636832733652,-0.015409614396569358,-0.0759028989814378,0.0,0.0,0.0,0.0,0.0,0.0,1.0,13.14780408078767,80.32044618122877,"{""type"":""MultiPoint"",""coordinates"":[]}"
3201,38.88719666583113,-0.5156345600055351,-0.018052062372367172,0.5064814987560375,0.0,0.17761394101876682,0.0,0.0,0.0,0.8223860589812332,0.0,13.15449770550658,80.09352473807017,"{""type"":""MultiPoint"",""coordinates"":[]}"
3202,28.750088403729862,0.11841479134170774,0.010265468679600216,-0.03379632280414821,0.0,0.0,0.0,0.0,0.0,0.0,1.0,12.688055011706846,80.33962402353647,"{""type"":""MultiPoint"",""coordinates"":[]}"
3203,39.41709894484932,-0.5053693340139598,-0.020805526568669123,0.4984620321775954,0.0,0.15539182853315472,0.0,0.0,0.0,0.8446081714668454,0.0,12.867813570507096,80.08253454935264,"{""type"":""MultiPoint"",""coordinates"":[]}"
3204,39.22690593039547,-0.5195146226407558,-0.08680096286633332,0.5934639211344225,0.0,0.0,0.0,0.0,0.0,1.0,0.0,13.096928804283142,80.04373207887815,"{""type"":""MultiPoint"",""coordinates"":[]}"
3205,28.794236942281888,0.11234753658565805,0.027161371266167224,-0.059340882643144854,0.0,0.0,0.0,0.0,0.0,0.0,1.0,12.614921476665412,80.34096953071464,"{""type"":""MultiPoint"",""coordinates"":[]}"
3206,38.182816427724866,-0.5407402706778942,-0.022993675264725393,0.5274714375033738,0.0,0.0,0.0,0.0,0.323489932885906,0.676510067114094,0.0,12.818456488433513,80.09614909159079,"{""type"":""MultiPoint"",""coordinates"":[]}"
3207,41.48253685625002,-0.3342510369655986,0.07904630024418093,0.19153467401722096,0.0,0.7332887700534758,0.0,0.0,0.0,0.266711229946524,0.0,13.135308179594295,80.17303481232994,"{""type"":""MultiPoint"",""coordinates"":[]}"
3208,28.38988681219842,0.19057570277539607,-0.002260282883523421,-0.05735399385196761,0.0,0.0,0.0,0.0,0.0,0.0,1.0,12.896962539884365,80.29276478083457,"{""type"":""MultiPoint"",""coordinates"":[]}"
3209,41.42628611004024,-0.4488335874193227,-0.022361560080561452,0.4285944733111656,0.0,0.0,1.0,0.0,0.0,0.0,0.0,12.757228951094378,80.06238324092955,"{""type"":""MultiPoint"",""coordinates"":[]}"
3210,28.7768096282282,0.2375548619346994,-0.012754610239880707,-0.06351795150823618,0.0,0.0,0.0,0.0,0.0,0.0,1.0,12.717923679467779,80.25611406633436,"{""type"":""MultiPoint"",""coordinates"":[]}"
3211,44.535196371709134,-0.5576213792991709,0.17942702679868808,0.27378362375052695,0.0,0.0,0.41823056300268097,0.581769436997319,0.0,0.0,0.0,12.740415931266897,80.05745373773263,"{""type"":""MultiPoint"",""coordinates"":[]}"
3212,39.3058999713463,-0.5430347458692759,-0.13810628821018128,0.6758121379872764,0.0,0.0,0.11989283322170127,0.0,0.0,0.8801071667782987,0.0,13.13027896438661,80.06858557555755,"{""type"":""MultiPoint"",""coordinates"":[]}"
3213,41.57115459907447,-0.4148296792976288,0.007455477626710434,0.3925908945846338,0.0,0.14755197853789404,0.8162307176391684,0.03286384976525821,0.0,0.0033534540576794095,0.0,12.910081243738016,80.10898695453004,"{""type"":""MultiPoint"",""coordinates"":[]}"
3214,40.04111153024147,-0.548149327009386,-0.0011115173204119787,0.5496974208558906,0.0,0.0,0.0,1.0,0.0,0.0,0.0,12.814312140157321,80.22360535299272,"{""type"":""MultiPoint"",""coordinates"":[]}"
3215,28.662204301830997,0.21361050617417315,0.023118759303551013,-0.07365308862212518,0.0,0.0,0.0,0.0,0.0,0.0,1.0,12.714288895629071,80.25874675783984,"{""type"":""MultiPoint"",""coordinates"":[]}"
3216,39.53256300292032,-0.39368977441104025,0.09979037543685654,0.2598130021986751,0.0,0.9959812458137978,0.0,0.0,0.0,0.004018754186202278,0.0,12.88165899801484,80.0193250412902,"{""type"":""MultiPoint"",""coordinates"":[]}"
3217,41.166175393722355,-0.5256725312459443,0.05643383945398715,0.44959762543537296,0.0,0.02548625083836352,0.16230717639168343,0.0,0.11535881958417171,0.6968477531857814,0.0,12.774090178987821,80.0803569823788,"{""type"":""MultiPoint"",""coordinates"":[]}"
3218,40.58302702444669,-0.5536928745084562,0.05345510547606784,0.4817446733690304,0.0,0.0,0.18779342723004697,0.0013413816230717639,0.0,0.8108651911468814,0.0,12.992243553685999,79.98737988520236,"{""type"":""MultiPoint"",""coordinates"":[]}"
3219,43.054551114785546,-0.5132824028527619,0.05284562450179637,0.442271347755536,0.0,0.0,0.0,0.5227882037533511,0.0,0.4772117962466487,0.0,13.005364281341981,79.93342214058089,"{""type"":""MultiPoint"",""coordinates"":[]}"
3220,40.364243171747,-0.35495438025063797,0.04352863243655988,0.2456314119867178,0.0,1.0,0.0,0.0,0.0,0.0,0.0,13.121382140615845,80.20457062739297,"{""type"":""MultiPoint"",""coordinates"":[]}"
3221,28.539630329223062,0.2049016228845515,-0.01603971210897316,-0.06118657846377554,0.0,0.0,0.0,0.0,0.0,0.0,1.0,12.953928760071248,80.27828540059481,"{""type"":""MultiPoint"",""coordinates"":[]}"
3222,40.455291041098505,-0.48606807393733203,-0.058119695951829094,0.5227622829197435,0.0,0.0,0.5411922304085734,0.0,0.0,0.4588077695914268,0.0,13.063270368685107,80.05189563648884,"{""type"":""MultiPoint"",""coordinates"":[]}"
3223,40.493383139912886,-0.4706181791130446,-0.026060540380134445,0.4606195548118002,0.0,0.0,0.0,0.8699731903485255,0.0,0.13002680965147453,0.0,12.866430232339548,80.2009574926332,"{""type"":""MultiPoint"",""coordinates"":[]}"
3224,41.79734185783134,-0.4434928032976619,-0.08820376057895456,0.5327809178058283,0.0,0.0,0.9243641231593038,6.693440428380187E-4,0.0,0.07496653279785809,0.0,13.111582510756099,79.90686148315828,"{""type"":""MultiPoint"",""coordinates"":[]}"
3225,42.88955781249499,-0.5339574495953168,0.09904615515145966,0.37707788785907015,0.0,0.0,0.9530516431924881,0.0,0.046948356807511735,0.0,0.0,12.797465797487625,79.90809727609191,"{""type"":""MultiPoint"",""coordinates"":[]}"
3226,40.36035755858579,-0.5493688494380944,0.08852592801959219,0.3798869189536991,0.0,0.0,0.3264075067024128,0.47386058981233237,0.0,0.19973190348525469,0.0,12.807363813161842,80.06110408068642,"{""type"":""MultiPoint"",""coordinates"":[]}"
3227,39.15061100474533,-0.523936212451409,0.07017287842552929,0.44581424478076775,0.0,0.07238605898123325,0.3203753351206435,0.0,0.026139410187667564,0.5810991957104559,0.0,13.116824652674271,80.03862302733664,"{""type"":""MultiPoint"",""coordinates"":[]}"
3228,42.180905930843394,-0.3238265925637009,0.12157333544581718,0.1352948286849661,0.0,0.999330655957162,0.0,0.0,0.0,6.693440428380187E-4,0.0,13.119291005656832,80.24693245786352,"{""type"":""MultiPoint"",""coordinates"":[]}"
3229,28.67397136867205,0.32533950682571483,-0.05571023045120239,-0.07372103735803226,0.0,0.0,0.0,0.0,0.0,0.0,1.0,12.662734835142471,80.22745882127306,"{""type"":""MultiPoint"",""coordinates"":[]}"
3230,38.10939780769438,-0.5125965520248389,-0.1530559707762129,0.655812577370582,0.0,0.0,0.0,0.06032171581769439,0.0,0.9396782841823057,0.0,12.731516627939742,80.0029024431455,"{""type"":""MultiPoint"",""coordinates"":[]}"
3231,38.177707205633816,-0.5223811942947246,-0.014441682755186673,0.544386356254995,0.0,0.0,0.0,0.0,0.18443997317236752,0.8155600268276324,0.0,12.806578758374553,80.05717617643815,"{""type"":""MultiPoint"",""coordinates"":[]}"
3232,44.367949134939785,-0.41135680807983915,0.150807159409716,0.19000105311564877,0.0,0.0,0.7597054886211514,0.24029451137884872,0.0,0.0,0.0,13.100312202196747,80.03000739517184,"{""type"":""MultiPoint"",""coordinates"":[]}"
3233,45.34823633923544,-0.4041739454479238,0.09260141355379747,0.25004477410386106,0.0,0.7538564721663313,0.24614352783366866,0.0,0.0,0.0,0.0,12.87108462433344,79.95566245273932,"{""type"":""MultiPoint"",""coordinates"":[]}"
3234,40.442169579866224,-0.460180385907137,0.08184733062393855,0.3443784349608038,0.0,0.0,0.20468227424749164,0.5344481605351171,0.2608695652173913,0.0,0.0,13.17507665485074,79.92395033429416,"{""type"":""MultiPoint"",""coordinates"":[]}"
3235,39.30152519783225,-0.44686832155717127,0.020228044487409634,0.3708170584977796,0.0,0.42013422818791935,0.023489932885906045,0.0,0.0,0.5563758389261745,0.0,12.79444111364204,80.03767356159109,"{""type"":""MultiPoint"",""coordinates"":[]}"
3236,28.594024465987967,0.17109392808453655,-0.013200128028935368,-0.04666113847899105,0.0,0.0,0.0,0.0,0.0,0.0,1.0,12.651207586130475,80.32620146568254,"{""type"":""MultiPoint"",""coordinates"":[]}"
3237,39.463180742132835,-0.484759925151709,-0.041028974788697485,0.5187530640569049,0.0,0.0,0.0,0.18376928236083168,0.0,0.8162307176391685,0.0,12.639441198294932,79.90487177591903,"{""type"":""MultiPoint"",""coordinates"":[]}"
3238,45.10191087276512,-0.3915346923763998,0.06793573821935839,0.26053952931009716,0.0,0.3979865771812081,0.0,0.602013422818792,0.0,0.0,0.0,12.87412342920129,79.98073602646143,"{""type"":""MultiPoint"",""coordinates"":[]}"
3239,41.44244545524098,-0.32197407025579783,0.025005454184469127,0.24791793483695393,0.0,1.0,0.0,0.0,0.0,0.0,0.0,12.968469474905127,80.1869731634895,"{""type"":""MultiPoint"",""coordinates"":[]}"
3240,36.78963292621224,-0.585783442784852,0.032002219828123686,0.585546697498102,0.0,0.0,0.0,0.0,0.0,1.0,0.0,12.67939707006195,80.03421256922027,"{""type"":""MultiPoint"",""coordinates"":[]}"
3241,41.953004824758736,-0.5388345101086273,0.03605695838081796,0.4823223546461532,0.0,0.029490616621983917,0.6762734584450402,0.1099195710455764,0.0,0.18431635388739948,0.0,12.827983301220296,79.98101362694551,"{""type"":""MultiPoint"",""coordinates"":[]}"
3242,28.526039521634313,0.2200464223064875,-0.022219836394201567,-0.0652587449434355,0.0,0.0,0.0,0.0,0.0,0.0,1.0,13.05837529023787,80.30895767849341,"{""type"":""MultiPoint"",""coordinates"":[]}"
3243,38.24269085329539,-0.4347473186872954,-0.035755025141720284,0.43880885420787563,0.0,0.0,0.21902210314802414,0.13663764233087744,0.0,0.6443402545210986,0.0,13.073126102781474,80.06519682244894,"{""type"":""MultiPoint"",""coordinates"":[]}"
3244,38.89592103457833,-0.39441978444688025,-0.14595407055552892,0.5529699558773347,0.0,0.0,0.9431057563587685,0.0,0.0,0.056894243641231586,0.0,13.171439965220012,79.99342579672891,"{""type"":""MultiPoint"",""coordinates"":[]}"
3245,44.13904395918234,-0.4427833071819146,0.02930439999143732,0.37833213651860065,0.0,0.7024128686327079,0.0,0.0,0.0,0.2975871313672922,0.0,12.963126179507551,80.1349882596617,"{""type"":""MultiPoint"",""coordinates"":[]}"
3246,42.34008077046341,-0.49959384683237407,0.009029947797873698,0.45108296869751413,0.0,0.0,0.2108797850906649,0.7206178643384823,0.0,0.06850235057085292,0.0,12.640050734766849,80.12852031551903,"{""type"":""MultiPoint"",""coordinates"":[]}"
3247,37.70012091597718,-0.43224782518684923,-0.0227028231769333,0.4276812714072638,0.0,0.07320349227669576,0.30758898589657485,0.0,0.0,0.6192075218267293,0.0,12.692467146043898,79.9356173255041,"{""type"":""MultiPoint"",""coordinates"":[]}"
3248,28.90855047098594,0.15882279445113118,0.023172912481374142,-0.06704003751814998,0.0,0.0,0.0,0.0,0.0,0.0,1.0,12.678837643254857,80.29276379112962,"{""type"":""MultiPoint"",""coordinates"":[]}"
3249,28.48237953302951,0.1486338718906738,0.02846299457680332,-0.07084734473401641,0.0,0.0,0.0,0.0,0.0,0.0,1.0,12.826228182882867,80.30687081349916,"{""type"":""MultiPoint"",""coordinates"":[]}"
3250,38.66231527329983,-0.4417340922455141,-0.09679175108780935,0.48776578576891183,0.0,0.0,1.0,0.0,0.0,0.0,0.0,12.749746090334481,80.07499121933421,"{""type"":""MultiPoint"",""coordinates"":[]}"
3251,40.17448553934989,-0.49785958048080226,0.10188083612723299,0.3728359499164414,0.0,0.0,0.0,0.0,0.6829758713136729,0.31702412868632707,0.0,13.150307347494664,79.93058974375474,"{""type"":""MultiPoint"",""coordinates"":[]}"
3252,42.7148058492953,-0.5605612222522379,0.08961465382318873,0.42486534418169813,0.0,0.0,0.8261744966442953,0.016107382550335572,0.15771812080536912,0.0,0.0,12.665916689119452,79.97787214248206,"{""type"":""MultiPoint"",""coordinates"":[]}"
3253,33.73663456030834,-0.41231316658732475,-0.24656825709891952,0.6619534431955909,0.0,0.0,1.0,0.0,0.0,0.0,0.0,12.964890922597082,80.07284341770438,"{""type"":""MultiPoint"",""coordinates"":[]}"
3254,41.8588451315251,-0.33338389517392086,0.012094426636906427,0.27366755622628497,0.0,1.0,0.0,0.0,0.0,0.0,0.0,13.122220451140947,80.23701839923207,"{""type"":""MultiPoint"",""coordinates"":[]}"
3255,29.109946311346302,0.2674878829389704,-0.013479469232917804,-0.07572713330217624,0.0,0.0,0.0,0.0,0.0,0.0,1.0,12.757758618991105,80.25834955798548,"{""type"":""MultiPoint"",""coordinates"":[]}"
3256,39.94446302996653,-0.3374394062664175,0.005850271215823258,0.2784852863469121,0.0,1.0,0.0,0.0,0.0,0.0,0.0,13.083002806541224,80.22350771642945,"{""type"":""MultiPoint"",""coordinates"":[]}"
3257,28.70387158173595,0.15616679705191608,-0.0096182627825312,-0.05383820725473465,0.0,0.0,0.0,0.0,0.0,0.0,1.0,13.066794162896386,80.33223582981616,"{""type"":""MultiPoint"",""coordinates"":[]}"
3258,40.72605248056302,-0.5927845834723589,0.020135652523230463,0.5639754826951878,0.0,0.0,0.0,0.0,0.0,1.0,0.0,13.067802858207042,79.90907480157342,"{""type"":""MultiPoint"",""coordinates"":[]}"
3259,30.358236788800294,0.4298742791874975,0.0551487668897055,-0.2684143135167805,0.0,0.0,0.0,0.0,0.0,0.0,1.0,12.654779922769345,80.21191912985967,"{""type"":""MultiPoint"",""coordinates"":[]}"
3260,37.16810588703284,-0.3935202122179794,-0.11102339341081785,0.5195237107147457,0.0,0.0,1.0,0.0,0.0,0.0,0.0,13.191252010654996,79.92170549782635,"{""type"":""MultiPoint"",""coordinates"":[]}"
3261,28.967814380382823,0.14160515770454768,0.017568775772184,-0.03505263030905724,0.0,0.0,0.0,0.0,0.0,0.0,1.0,12.710789137241555,80.30825961996229,"{""type"":""MultiPoint"",""coordinates"":[]}"
3262,38.9558025273338,-0.5149572794408899,-0.04437226871130196,0.5392553442030844,0.0,0.0,0.0,0.0,0.0,1.0,0.0,12.657569184088912,80.02175569503324,"{""type"":""MultiPoint"",""coordinates"":[]}"
3263,39.41023085068458,-0.5419656488793431,0.07374367195460961,0.4166738453619898,0.0,0.0,0.0,0.0,0.9234899328859062,0.07651006711409397,0.0,12.724607613233948,80.0370972204473,"{""type"":""MultiPoint"",""coordinates"":[]}"
3264,40.26597897824517,-0.4533799586965266,-0.02944571698264252,0.4792784848918789,0.0,0.1507032819825854,0.0,0.0,0.0,0.8492967180174147,0.0,12.945777845194973,80.10921219969079,"{""type"":""MultiPoint"",""coordinates"":[]}"
3265,28.572977015814903,0.20336463124458246,0.013057183667266896,-0.0689254859803681,0.0,0.0,0.0,0.0,0.0,0.0,1.0,12.716225329842509,80.2688807975326,"{""type"":""MultiPoint"",""coordinates"":[]}"
3266,50.35063513416835,-0.3527135017352858,0.3060423134248934,0.004513695928230902,0.0,1.0,0.0,0.0,0.0,0.0,0.0,13.184340251099478,80.30627964796413,"{""type"":""MultiPoint"",""coordinates"":[]}"
3267,28.61552037574498,0.1723007480766222,-1.2151682006033735E-4,-0.050243359105511046,0.0,0.0,0.0,0.0,0.0,0.0,1.0,12.842625627951206,80.30198830525353,"{""type"":""MultiPoint"",""coordinates"":[]}"
3268,41.310173343253034,-0.336440024101493,0.08336175882046157,0.18947722800696537,0.0,1.0,0.0,0.0,0.0,0.0,0.0,13.05037112928859,80.115950507758,"{""type"":""MultiPoint"",""coordinates"":[]}"
3269,39.032690460194395,-0.17149226597326112,6.015053639304018E-4,0.15329086445165638,0.0,0.7600536193029491,0.22989276139410192,0.00804289544235925,0.0,0.0020107238605898124,0.0,13.16319190411696,80.26588166818745,"{""type"":""MultiPoint"",""coordinates"":[]}"
3270,39.281638922908876,-0.399619784050854,-0.09411205826131272,0.41506863271954775,0.0,0.0,0.9101876675603218,0.0060321715817694375,0.0,0.08378016085790886,0.0,12.737794884580156,80.16197316533513,"{""type"":""MultiPoint"",""coordinates"":[]}"
3271,39.58441614635816,-0.5913853658479877,0.0861432044538432,0.4987758616425797,0.0,0.0,0.0,0.0,0.5499664654594233,0.4500335345405768,0.0,12.744190097348131,79.99609565356573,"{""type"":""MultiPoint"",""coordinates"":[]}"
3272,35.564351160040346,-0.46039791509278427,-0.09262482541503227,0.598909460073391,0.0,0.0,0.0020161290322580645,0.0,0.0,0.997983870967742,0.0,12.63420476537228,79.96405579789361,"{""type"":""MultiPoint"",""coordinates"":[]}"
3273,39.17028149996654,-0.479347034925807,-0.019063062082042444,0.4909247285359119,0.0,0.0,0.0,0.0,0.0,1.0,0.0,13.045232374880742,79.91098359126819,"{""type"":""MultiPoint"",""coordinates"":[]}"
3274,41.55737687170458,-0.3728670223460572,0.1443718257039505,0.12660600456948917,0.0,1.0,0.0,0.0,0.0,0.0,0.0,13.110526721214748,80.29560536511393,"{""type"":""MultiPoint"",""coordinates"":[]}"
3275,40.66855213758877,-0.4205650798111245,0.036194953932485716,0.35278703600497424,0.0,0.13931681178834562,0.06965840589417281,0.0,0.0,0.7910247823174815,0.0,13.13345722378305,79.95183936112701,"{""type"":""MultiPoint"",""coordinates"":[]}"
3276,43.00879386111933,-0.36432749859604907,0.008837610218721741,0.31039726739579093,0.0,0.371313672922252,0.21380697050938338,0.0,0.0,0.4148793565683646,0.0,12.927253088979377,80.19013880947607,"{""type"":""MultiPoint"",""coordinates"":[]}"
3277,35.680510232831345,-0.4842926630884963,-0.19295450377345702,0.6973249834318952,0.0,0.0,1.0,0.0,0.0,0.0,0.0,13.061961706367464,79.94597410434818,"{""type"":""MultiPoint"",""coordinates"":[]}"
3278,45.28585610522791,-0.5840838413956593,0.1783778736648553,0.3555068449007065,0.0,0.0,0.0,1.0,0.0,0.0,0.0,13.045861456037942,79.98866595195929,"{""type"":""MultiPoint"",""coordinates"":[]}"
3279,41.94931948778971,-0.320014944167938,0.07436579524169036,0.20255077328716997,0.0,1.0,0.0,0.0,0.0,0.0,0.0,13.115449874964153,80.09658399180785,"{""type"":""MultiPoint"",""coordinates"":[]}"
3280,44.28911382254693,-0.5069568609085209,0.1203298630150177,0.29150959195035664,0.16085790884718498,0.0,0.0,0.839142091152815,0.0,0.0,0.0,12.71988137244594,80.14630968825665,"{""type"":""MultiPoint"",""coordinates"":[]}"
3281,28.871130922416114,0.16883101588982208,0.006190507526221405,-0.06780358893517226,0.0,0.0,0.0,0.0,0.0,0.0,1.0,12.621515604666747,80.26400014567946,"{""type"":""MultiPoint"",""coordinates"":[]}"
3282,40.55326094561875,-0.4154323932381085,-0.13637568475070017,0.5593501051825026,0.0,0.0,0.9157190635451505,0.0,0.0,0.08428093645484949,0.0,13.10237865170442,79.97919605338998,"{""type"":""MultiPoint"",""coordinates"":[]}"
3283,42.244499634277126,-0.41124509576609747,0.10392948349597689,0.21190098408794417,0.0,0.3386880856760374,0.18072289156626506,0.3520749665327978,0.0,0.1285140562248996,0.0,13.132019038063325,80.1874658776089,"{""type"":""MultiPoint"",""coordinates"":[]}"
3284,28.408687883194933,0.1435107634680631,0.013343267827276782,-0.05107992845682152,0.0,0.0,0.0,0.0,0.0,0.0,1.0,13.17551135826821,80.34651097258663,"{""type"":""MultiPoint"",""coordinates"":[]}"
3285,39.74355305062292,-0.31596107145556285,0.024989709858689677,0.2419751334297482,0.0,1.0,0.0,0.0,0.0,0.0,0.0,13.047194011696341,80.18460596394807,"{""type"":""MultiPoint"",""coordinates"":[]}"
3286,40.670555902780414,-0.5119714061699552,0.11663823579286656,0.3887774188955631,0.0,0.0,0.1746138347884486,0.8253861652115514,0.0,0.0,0.0,12.63793381725782,80.05936729147022,"{""type"":""MultiPoint"",""coordinates"":[]}"
3287,46.227926260602416,-0.3838737267351218,0.18814183722361397,0.13937711671536224,0.0,0.6224899598393572,0.0,0.3775100401606425,0.0,0.0,0.0,12.909878521227409,80.12376032010037,"{""type"":""MultiPoint"",""coordinates"":[]}"
3288,40.43217983314097,-0.5851166691487083,0.1157792880119369,0.4638911508072061,0.0,0.0,0.03154362416107383,0.4335570469798657,0.5348993288590603,0.0,0.0,12.729961352362423,79.96170788258561,"{""type"":""MultiPoint"",""coordinates"":[]}"
3289,28.704429050302647,0.17989552637620357,0.003114050224780526,-0.05638456700972416,0.0,0.0,0.0,0.0,0.0,0.0,1.0,12.670498406182233,80.2834144505404,"{""type"":""MultiPoint"",""coordinates"":[]}"
3290,40.31694912259039,-0.35730847045584885,-0.09031802113654494,0.4487718236326018,0.0,0.3125836680053547,0.0,0.08701472556894242,0.0,0.6004016064257028,0.0,13.133238087156304,80.28002184530816,"{""type"":""MultiPoint"",""coordinates"":[]}"
3291,28.325184976501358,0.13682809261492124,0.00946089233975046,-0.04638619176734333,0.0,0.0,0.0,0.0,0.0,0.0,1.0,12.959175316303432,80.32093997516557,"{""type"":""MultiPoint"",""coordinates"":[]}"
3292,28.449265782213292,0.18505161844196308,-0.0404313955577094,-0.049348625773241075,0.0,0.0,0.0,0.0,0.0,0.0,1.0,13.035799225458302,80.32494750268313,"{""type"":""MultiPoint"",""coordinates"":[]}"
3293,28.595656862201366,0.19456576426594188,0.0076352201280809485,-0.0643233874646842,0.0,0.0,0.0,0.0,0.0,0.0,1.0,12.716565659469028,80.27798121855305,"{""type"":""MultiPoint"",""coordinates"":[]}"
3294,42.53798929867383,-0.37699072405004164,0.04391568259863508,0.29632969132367,0.048894842598794376,0.3831212324179504,0.16878767582049567,0.3991962491627596,0.0,0.0,0.0,12.8877869865989,80.20938456347136,"{""type"":""MultiPoint"",""coordinates"":[]}"
3295,42.759324597831345,-0.40859456052899884,0.09738896263323855,0.2645763239703416,0.1244979919678715,0.10508701472556896,0.2228915662650602,0.3768406961178046,0.0,0.1706827309236948,0.0,12.995956553854977,80.11804942336182,"{""type"":""MultiPoint"",""coordinates"":[]}"
3296,43.0308000175084,-0.5881393974331159,0.1739259467683793,0.37241301992238246,0.0,0.0,0.22237106496985928,0.3074346952444742,0.1667782987273945,0.3034159410582719,0.0,13.089468573443952,79.9835039697052,"{""type"":""MultiPoint"",""coordinates"":[]}"
3297,44.36012017614462,-0.5121976240932697,0.2413013151427616,0.1422557479185791,0.1291834002677376,0.0,0.0,0.8708165997322623,0.0,0.0,0.0,13.028741860713358,80.04431340180027,"{""type"":""MultiPoint"",""coordinates"":[]}"
3298,38.82861074915666,-0.5772867760778504,0.13560933678343579,0.42688037631767134,0.0,0.0,0.0,0.0,0.4799196787148595,0.5200803212851407,0.0,13.127087979027051,80.10870859252849,"{""type"":""MultiPoint"",""coordinates"":[]}"
3299,39.83911996626758,-0.4011871383357109,0.024683025826818163,0.33131617220297876,0.0,0.6916387959866221,0.0,0.0,0.0,0.3083612040133779,0.0,13.104010627327959,80.13268582326216,"{""type"":""MultiPoint"",""coordinates"":[]}"
3300,41.46545216823846,-0.29605168336966753,0.0615440375135889,0.18116250730369485,0.0,1.0,0.0,0.0,0.0,0.0,0.0,12.957435734224243,80.18334539045578,"{""type"":""MultiPoint"",""coordinates"":[]}"
3301,42.85365660336915,-0.4768020006545732,0.010472460902213328,0.43475985942303136,0.0,0.0,0.2550335570469799,0.38993288590604025,0.0,0.35503355704697986,0.0,12.621332169122416,80.1390984257272,"{""type"":""MultiPoint"",""coordinates"":[]}"
3302,31.447554914474225,0.4277766136585155,-0.15679104897719137,-0.1799769857763403,0.0,0.0,0.0,0.0,1.0,0.0,0.0,13.059303057879966,79.99928722432828,"{""type"":""MultiPoint"",""coordinates"":[]}"
3303,38.38829667380443,-0.4868392455670962,0.0955254203831403,0.3172954533828274,0.0,0.0,0.0,0.7193569993302076,0.202947086403215,0.07769591426657736,0.0,12.878590907485403,80.09885426828411,"{""type"":""MultiPoint"",""coordinates"":[]}"
3304,28.696492158795195,0.20141182040907155,-0.04143318091960535,-0.04927079190448218,0.0,0.0,0.0,0.0,0.0,0.0,1.0,12.910710644422762,80.32134576699748,"{""type"":""MultiPoint"",""coordinates"":[]}"
3305,43.98427234820686,-0.5202704475923725,0.06873403184787748,0.4120142902959861,0.0,0.0,0.41504365345869715,0.002014775016789792,0.13901947615849566,0.44392209536601757,0.0,12.65349580320269,80.03074794212586,"{""type"":""MultiPoint"",""coordinates"":[]}"
3306,40.17529919000002,-0.5421716441021422,0.04963124521128843,0.46856325992354686,0.0,0.0,0.0,0.0,0.0,1.0,0.0,12.609923893281962,80.01233805269348,"{""type"":""MultiPoint"",""coordinates"":[]}"
3307,38.82922938795975,-0.5121250912860323,0.04793432905494504,0.45790799442665386,0.0,0.0,0.0,0.0,0.0,1.0,0.0,12.80375097756658,79.98408781676781,"{""type"":""MultiPoint"",""coordinates"":[]}"
3308,41.734642142888745,-0.5776953225956728,0.1871339595721162,0.3691149374565986,0.0,0.0,0.48123324396782835,0.5093833780160858,0.00938337801608579,0.0,0.0,12.948696860837018,79.95667055788458,"{""type"":""MultiPoint"",""coordinates"":[]}"
3309,37.841364252484944,-0.5060733868769663,-0.15409864833704434,0.6854843595914812,0.0,0.0,0.0,0.0,0.0,1.0,0.0,13.031125175094074,79.91173506575653,"{""type"":""MultiPoint"",""coordinates"":[]}"
3310,40.77722030627768,-0.3587679322666121,-0.01383114154323463,0.3425193959737026,0.0,0.6539235412474849,0.07176391683433936,0.06438631790744466,0.0,0.20992622401073105,0.0,12.939642805295186,80.11118559938038,"{""type"":""MultiPoint"",""coordinates"":[]}"
3311,41.46933382354126,-0.5707576770521505,0.2434395287857679,0.31947017910522396,0.0,0.0,0.0,1.0,0.0,0.0,0.0,12.677188389393324,79.90582380746734,"{""type"":""MultiPoint"",""coordinates"":[]}"
3312,39.59641544682553,-0.44200627547091054,-0.11860845964540173,0.5811065630828711,0.0,0.004026845637583893,0.5979865771812081,0.3684563758389263,0.0,0.029530201342281886,0.0,12.608702484921128,80.16308746114026,"{""type"":""MultiPoint"",""coordinates"":[]}"
3313,39.88628940998662,-0.45666069120617675,0.04208778819771783,0.36948704889761896,0.0,0.0,0.002010723860589812,0.9195710455764075,0.0,0.07841823056300268,0.0,12.772685108471634,80.17822147128578,"{""type"":""MultiPoint"",""coordinates"":[]}"
3314,40.934561081752534,-0.33370171046592056,0.04410869521438811,0.24605551186938082,0.0,0.9123745819397994,0.0,0.0,0.0,0.08762541806020067,0.0,13.125385791376166,80.13335375077907,"{""type"":""MultiPoint"",""coordinates"":[]}"
3315,28.623156619035523,0.22579434392121533,-0.025450410901640456,-0.07474210981513339,0.0,0.0,0.0,0.0,0.0,0.0,1.0,13.04758752570485,80.29917875099463,"{""type"":""MultiPoint"",""coordinates"":[]}"
3316,42.585395653072304,-0.3763103036170389,0.047219290288743866,0.3004792169610692,0.0,0.48460508701472554,0.21887550200803213,0.07295850066934405,0.0,0.22356091030789826,0.0,13.13406052863269,80.19790396622668,"{""type"":""MultiPoint"",""coordinates"":[]}"
3317,42.190656868827105,-0.4882363328952379,0.05731148562361111,0.41031077110031056,0.0,0.13270777479892762,0.1648793565683646,0.004021447721179625,0.0,0.6983914209115282,0.0,13.118099093518476,79.9926674441993,"{""type"":""MultiPoint"",""coordinates"":[]}"
3318,41.596596058324415,-0.537426861803993,-0.020966193087427837,0.5509017607483334,0.0,0.0,0.0,0.0,0.0,1.0,0.0,12.615080704025354,80.17108813618859,"{""type"":""MultiPoint"",""coordinates"":[]}"
3319,42.7551261482708,-0.2812312912783361,0.07315644891365178,0.14898383614420369,0.0,0.8860589812332438,0.0,0.0,0.0,0.11394101876675601,0.0,13.089794787778093,80.29127692942988,"{""type"":""MultiPoint"",""coordinates"":[]}"
3320,28.408501300053604,0.18979805101945368,-0.020138599524156604,-0.05587278707611496,0.0,0.0,0.0,0.0,0.0,0.0,1.0,13.122019513276477,80.34525435802345,"{""type"":""MultiPoint"",""coordinates"":[]}"
3321,42.30176635016791,-0.5328368676038496,0.05614521980497072,0.46561274012067827,0.0,0.0,0.8509066487575555,0.1383478844862324,0.0,0.010745466756212223,0.0,12.622330313817598,80.07582325881198,"{""type"":""MultiPoint"",""coordinates"":[]}"
3322,41.378610229195736,-0.32754997864354246,0.040597625250796014,0.23240594915769386,0.0,1.0,0.0,0.0,0.0,0.0,0.0,12.968231909090868,80.1870620797611,"{""type"":""MultiPoint"",""coordinates"":[]}"
3323,44.010880436506056,-0.44686856582839124,-0.005127422336549105,0.43450914851206723,0.0,0.3888888888888889,0.056224899598393566,0.008032128514056224,0.0,0.5468540829986613,0.0,13.148552141682623,80.22008721780216,"{""type"":""MultiPoint"",""coordinates"":[]}"
3324,40.78015920744469,-0.35028306497171197,0.06566670760479373,0.2387975411671836,0.0,0.9664654594232058,0.0,0.0335345405767941,0.0,0.0,0.0,13.170552476304497,80.20532204719869,"{""type"":""MultiPoint"",""coordinates"":[]}"
3325,40.67591218681881,-0.5520676365931921,0.00245372825639099,0.5281385525595877,0.0,0.0,0.33959731543624166,0.0,0.0,0.6604026845637584,0.0,12.668905373334844,80.12588808972221,"{""type"":""MultiPoint"",""coordinates"":[]}"
3326,43.49599044008049,-0.48397690843733243,0.06315852232669487,0.39007949578742424,0.0,0.0,0.2796780684104627,0.0,0.0,0.7203219315895372,0.0,12.85924052242132,80.02476333643533,"{""type"":""MultiPoint"",""coordinates"":[]}"
3327,28.695866785476532,0.16901806642321704,0.011383960343733015,-0.05763158276850758,0.0,0.0,0.0,0.0,0.0,0.0,1.0,12.625319183726267,80.27914985977596,"{""type"":""MultiPoint"",""coordinates"":[]}"
3328,34.72827376077697,-0.44784439460994774,-0.23565868415362043,0.7156851769663608,0.0,0.0,1.0,0.0,0.0,0.0,0.0,12.977062123870597,80.0120099363292,"{""type"":""MultiPoint"",""coordinates"":[]}"
3329,40.587615332313895,-0.48366135091820145,-0.04112228008088785,0.5336329080029726,0.0,0.13145539906103285,0.0,0.0,0.060362173038229376,0.8081824279007377,0.0,12.760169447467801,80.1063358947705,"{""type"":""MultiPoint"",""coordinates"":[]}"
3330,28.485839779355718,0.14981367904629872,-4.166283592902867E-4,-0.05782891183023162,0.0,0.0,0.0,0.0,0.0,0.0,1.0,12.635974354933929,80.32630521540285,"{""type"":""MultiPoint"",""coordinates"":[]}"
3331,33.712675202285546,-0.19706475549704736,-0.3529796107419349,0.6563413538397126,0.0,0.0,0.9624664879356569,0.0,0.0,0.03753351206434317,0.0,13.017210154240582,80.03670711113728,"{""type"":""MultiPoint"",""coordinates"":[]}"
3332,41.62134066579373,-0.29402977786530493,0.018998152124053452,0.24754801331587334,0.0,0.8191560616208975,0.0,0.0,0.0,0.18084393837910248,0.0,13.033625807883261,80.10285939909963,"{""type"":""MultiPoint"",""coordinates"":[]}"
3333,28.67393699520431,0.1331771666610167,0.014689937927777334,-0.05887306806883215,0.0,0.0,0.0,0.0,0.0,0.0,1.0,12.773628656082519,80.32074449713996,"{""type"":""MultiPoint"",""coordinates"":[]}"
3334,40.830109655120665,-0.4351080377456983,0.027784367439916146,0.3538670929324449,0.0,0.274798927613941,0.0,0.5107238605898123,0.0,0.21447721179624663,0.0,12.797487197597242,80.21646498028997,"{""type"":""MultiPoint"",""coordinates"":[]}"
3335,30.859976695831115,0.4180176046056366,0.016867466396523433,-0.3239299301139665,0.0,0.0,0.0,0.0,0.0,0.0,1.0,12.993791869777928,80.0599960354309,"{""type"":""MultiPoint"",""coordinates"":[]}"
3336,38.54549702438927,-0.18497898418152722,-0.18858638921640145,0.42409814126541606,0.0,0.0,0.43422818791946305,0.12416107382550336,0.0,0.44161073825503344,0.0,12.748672067615937,79.99186698371186,"{""type"":""MultiPoint"",""coordinates"":[]}"
3337,37.82504236903487,-0.45924096708005235,-0.068707150298678,0.5611783119927479,0.0,0.11327077747989277,0.0,0.0,0.0,0.8867292225201072,0.0,12.762845561270565,79.99837724683064,"{""type"":""MultiPoint"",""coordinates"":[]}"
3338,41.62868379985266,-0.1574854963171983,0.09154790716809402,0.02633823201459915,0.0,0.9906229068988613,0.0,0.0,0.0,0.009377093101138647,0.0,13.089424576153917,80.1147118183019,"{""type"":""MultiPoint"",""coordinates"":[]}"
3339,36.13022267446681,-0.5023058804383234,-0.13956391363075013,0.7339477464283704,0.0,0.0,0.0,0.0,0.0,1.0,0.0,12.784811342811036,80.0509563025491,"{""type"":""MultiPoint"",""coordinates"":[]}"
3340,29.38399233554217,0.297955015871907,0.07804661326035031,-0.16666407848678533,0.0,0.0,0.0,0.0,0.0,0.0,1.0,12.98792950445502,80.27393148009354,"{""type"":""MultiPoint"",""coordinates"":[]}"
3341,41.34301425415553,-0.37385804563092057,0.09438361892085695,0.23113371308526065,0.0,0.1541554959785523,0.5060321715817696,0.33981233243967834,0.0,0.0,0.0,13.154298425740986,80.10767911462328,"{""type"":""MultiPoint"",""coordinates"":[]}"
3342,39.89971072498997,-0.4435566805710132,0.10770979494385789,0.28652602943418287,0.0,0.0,0.1562709590878605,0.8437290409121396,0.0,0.0,0.0,12.810814531786523,80.01378936218214,"{""type"":""MultiPoint"",""coordinates"":[]}"
3343,47.10156124897455,-0.47144570014985077,0.20531149656074021,0.1888047776525589,0.0,0.10656836461126006,0.17091152815013405,0.7225201072386058,0.0,0.0,0.0,12.99502147375264,80.18079552413744,"{""type"":""MultiPoint"",""coordinates"":[]}"
3344,32.62510735263584,0.23060106081544346,-0.24789568775836318,0.1450868515370888,0.0,0.0,0.0,0.0,0.0,0.0,0.6968477531857814,12.776749501609785,80.18599331492311,"{""type"":""MultiPoint"",""coordinates"":[]}"
3345,37.33567534233402,-0.34494219249745034,-0.2133186207827431,0.4979684226268811,0.0,0.0,1.0,0.0,0.0,0.0,0.0,12.694943436599711,79.91268307369299,"{""type"":""MultiPoint"",""coordinates"":[]}"
3346,42.17997516965172,-0.545198040638281,0.14580706020160253,0.31848963251475354,0.0,0.0,1.0,0.0,0.0,0.0,0.0,13.080197385854765,80.03076120697817,"{""type"":""MultiPoint"",""coordinates"":[]}"
3347,40.70120418732085,-0.4137578239738603,-0.04804893025875683,0.40723817565918397,0.0,0.563965170797053,0.0,0.08439383791024783,0.0,0.35164099129269927,0.0,12.88323813482952,80.24880570596804,"{""type"":""MultiPoint"",""coordinates"":[]}"
3348,28.657261812816923,0.26212386479453137,-0.033259586842780534,-0.06416752570504711,0.0,0.0,0.0,0.0,0.0,0.0,1.0,12.649570780025993,80.24010225522184,"{""type"":""MultiPoint"",""coordinates"":[]}"
3349,41.03826262574013,-0.3478018987909597,0.09235126085311672,0.18540125216930375,0.0,1.0,0.0,0.0,0.0,0.0,0.0,13.12476694383774,80.25691957353865,"{""type"":""MultiPoint"",""coordinates"":[]}"
3350,28.49250759363272,0.16599533975043054,0.019938088915088317,-0.05880848297115179,0.0,0.0,0.0,0.0,0.0,0.0,1.0,12.854918865095106,80.28643250568871,"{""type"":""MultiPoint"",""coordinates"":[]}"
3351,28.479212876570692,0.226047947184408,-0.028136428309256726,-0.06201600414360948,0.0,0.0,0.0,0.0,0.0,0.0,1.0,13.004591025809967,80.29205552541988,"{""type"":""MultiPoint"",""coordinates"":[]}"
3352,37.47018165050302,-0.5345114177091201,-0.056984649576770734,0.5928450927992043,0.0,0.0,0.0,0.0,0.0,1.0,0.0,12.885103396857565,80.09731408326755,"{""type"":""MultiPoint"",""coordinates"":[]}"
3353,33.828229371747,-0.4086289120821752,-0.30603325000016374,0.7249882310959981,0.0,0.0,1.0,0.0,0.0,0.0,0.0,13.185625928153465,79.98188904642113,"{""type"":""MultiPoint"",""coordinates"":[]}"
3354,42.28851487306302,-0.5923969822959353,0.1652055278014515,0.41789714187469873,0.0,0.0,0.0,1.0,0.0,0.0,0.0,13.023568822841357,79.99096879901714,"{""type"":""MultiPoint"",""coordinates"":[]}"
3355,40.91283169545577,-0.3780343374804848,0.0513549585875579,0.28393526245017026,0.0,0.670911528150134,0.08646112600536192,0.0,0.0,0.24262734584450402,0.0,13.030074187690834,80.12589130912696,"{""type"":""MultiPoint"",""coordinates"":[]}"
3356,42.986842390738275,-0.5030272470091236,0.07797103754445166,0.3845833185229565,0.0,0.0,1.0,0.0,0.0,0.0,0.0,12.601204624474734,79.91070906784681,"{""type"":""MultiPoint"",""coordinates"":[]}"
3357,43.60219839542284,-0.3913365456998694,0.08112577295522735,0.2733956762572478,0.0,0.41946308724832215,0.5805369127516778,0.0,0.0,0.0,0.0,12.87194969884741,79.95957269233922,"{""type"":""MultiPoint"",""coordinates"":[]}"
3358,29.25083368891569,0.2911578349183173,-0.050751170499039176,-0.07350300258931239,0.0,0.0,0.0,0.0,0.0,0.0,1.0,12.816521405119731,80.26720730015806,"{""type"":""MultiPoint"",""coordinates"":[]}"
3359,34.41472108311707,-0.17030533127056505,-0.275429767672262,0.5890210286156312,0.0,0.0,0.4260869565217391,0.5739130434782608,0.0,0.0,0.0,13.116252168838994,80.01457161425546,"{""type"":""MultiPoint"",""coordinates"":[]}"
3360,40.28335130906837,-0.45159381543552435,0.023599157295693975,0.4038428498517913,0.0,0.4195710455764075,0.21581769436997317,0.0,0.0,0.36461126005361927,0.0,13.090470728030338,79.90652304053059,"{""type"":""MultiPoint"",""coordinates"":[]}"
3361,30.895757464367914,0.42474614781002434,-0.11083385619287098,-0.15840243275534338,0.0,0.0,0.0,0.0,0.0,0.0,1.0,13.142813849178616,80.1680451876627,"{""type"":""MultiPoint"",""coordinates"":[]}"
3362,38.6057024544467,-0.4949478553914803,-0.03547375345081846,0.4853727132001015,0.0,0.0,0.6921529175050303,0.0,0.0,0.3078470824949699,0.0,12.746371905306793,80.04938685671851,"{""type"":""MultiPoint"",""coordinates"":[]}"
3363,39.95500211574685,-0.3398098219763563,0.04669361571263015,0.2831337783750135,0.0,0.5150703281982587,0.0,0.12659075686537177,0.0,0.3583389149363698,0.0,12.959175411048962,80.23269698625518,"{""type"":""MultiPoint"",""coordinates"":[]}"
3364,28.632043885915518,0.1275026322319263,0.0080091686569842,-0.04013930197851645,0.0,0.0,0.0,0.0,0.0,0.0,1.0,12.857590046638574,80.32246720504162,"{""type"":""MultiPoint"",""coordinates"":[]}"
3365,34.92028715072436,-0.5481847270743103,-0.052197770978989144,0.6385480262177042,0.0,0.0,0.0,0.0,0.0,1.0,0.0,12.671400757283845,80.03600322725588,"{""type"":""MultiPoint"",""coordinates"":[]}"
3366,39.18348653826409,-0.3116431531018107,0.031081336495060893,0.23787756578088326,0.0,1.0,0.0,0.0,0.0,0.0,0.0,13.024517712204414,80.25940765292412,"{""type"":""MultiPoint"",""coordinates"":[]}"
3367,41.0024969671591,-0.3545653548017977,0.06869179674441077,0.22420911704954097,0.0,0.9004010695187167,0.0,0.0,0.0,0.09959893048128342,0.0,13.114083980063874,80.09366024446001,"{""type"":""MultiPoint"",""coordinates"":[]}"
3368,28.583511230683666,0.16141181571801477,-0.03284339740045189,-0.03288713964695968,0.0,0.0,0.0,0.0,0.0,0.0,1.0,12.882565264127793,80.34938901105183,"{""type"":""MultiPoint"",""coordinates"":[]}"
3369,36.82330828987954,-0.4640563956757694,-0.009796366210608115,0.49700743973373224,0.0,0.0,0.9665327978580992,0.0,0.0,0.033467202141900944,0.0,13.191322852951101,79.9156243267127,"{""type"":""MultiPoint"",""coordinates"":[]}"
3370,41.3992202741745,-0.5115298385436046,0.028607758883825884,0.47383124068951127,0.0,0.0,0.2355704697986577,0.7644295302013422,0.0,0.0,0.0,12.712872376907601,80.13424123764058,"{""type"":""MultiPoint"",""coordinates"":[]}"
3371,40.94426642951173,-0.5444179126715274,0.08614916301819989,0.40905672418041855,0.0,0.0,0.6769230769230771,0.09431438127090302,0.0,0.2287625418060201,0.0,13.113596662406117,79.92068880336322,"{""type"":""MultiPoint"",""coordinates"":[]}"
3372,38.017449175167584,-0.502129050460767,4.4605223176610815E-4,0.5170293016266669,0.0,0.0,0.03820375335120643,0.9617962466487937,0.0,0.0,0.0,12.768654463007,79.93345629347314,"{""type"":""MultiPoint"",""coordinates"":[]}"
3373,39.44989422385542,-0.4976455312512645,-0.0689696317942486,0.5725704768696807,0.0,0.0,0.03346720214190094,0.0,0.0,0.966532797858099,0.0,13.109966912121248,79.95588329075198,"{""type"":""MultiPoint"",""coordinates"":[]}"
3374,28.53899855006037,0.17798509404119855,-0.019714897980052156,-0.04371060121534089,0.0,0.0,0.0,0.0,0.0,0.0,1.0,13.095784885087813,80.342242780819,"{""type"":""MultiPoint"",""coordinates"":[]}"
3375,39.86931614579091,-0.3367199747867135,0.06808039299714723,0.22629086329820386,0.0,0.953083109919571,0.0,0.0,0.0,0.046916890080428965,0.0,12.997531737805987,80.25547242549304,"{""type"":""MultiPoint"",""coordinates"":[]}"
3376,43.105749115879625,-0.33872597709619656,0.11597021050000496,0.17326319962360884,0.0,1.0,0.0,0.0,0.0,0.0,0.0,13.126677814284012,80.28404010645636,"{""type"":""MultiPoint"",""coordinates"":[]}"
3377,28.40135619595447,0.17242422715957312,-0.02406869598203205,-0.037249275476266996,0.0,0.0,0.0,0.0,0.0,0.0,1.0,12.921342628543918,80.32216006697222,"{""type"":""MultiPoint"",""coordinates"":[]}"
3378,38.25512833458195,-0.5447671903118091,0.05941525232113713,0.44596857752867497,0.0,0.0,0.5224080267558527,0.0,0.0,0.47759197324414715,0.0,13.178004061724371,79.90755264841653,"{""type"":""MultiPoint"",""coordinates"":[]}"
3379,28.850751264912763,0.23129655731735765,-0.00709353478753199,-0.0768559705368876,0.0,0.0,0.0,0.0,0.0,0.0,1.0,12.782214081084403,80.28232393984872,"{""type"":""MultiPoint"",""coordinates"":[]}"
3380,39.23865259981858,-0.46432317984981497,-0.05890531240936684,0.505836931962765,0.0,0.3071236559139785,0.0,0.0,0.0,0.6928763440860215,0.0,12.673567241114409,79.93874885109167,"{""type"":""MultiPoint"",""coordinates"":[]}"
3381,38.78172360714289,-0.5769879807526892,0.008896067692569192,0.594765005255528,0.0,0.0,0.0,0.0,0.0,1.0,0.0,12.782175588737433,80.109436578719,"{""type"":""MultiPoint"",""coordinates"":[]}"
3382,41.257590099483934,-0.33180497679966314,0.10070183269856571,0.19157450597049233,0.0,0.9812332439678285,0.0,0.0,0.0,0.018766756032171584,0.0,12.988367334520376,80.13008893925786,"{""type"":""MultiPoint"",""coordinates"":[]}"
3383,39.55312212152919,-0.5966973298834338,0.20235048697897598,0.3383679029234714,0.0,0.0,0.0,0.9463447350771294,0.0,0.05365526492287055,0.0,12.72732779620239,80.12201549850118,"{""type"":""MultiPoint"",""coordinates"":[]}"
3384,42.84394426851208,-0.5647628782938111,0.10916087253556629,0.4396828101838381,0.0,0.0,0.17627345844504022,0.0026809651474530827,0.8210455764075066,0.0,0.0,13.037101818670996,79.97688782194942,"{""type"":""MultiPoint"",""coordinates"":[]}"
3385,33.575552811527146,0.05360399943016197,0.3080941765227299,-0.15549324777211407,0.0,0.0,0.0,0.0,0.0,0.0,1.0,12.966734417701272,80.2386528793993,"{""type"":""MultiPoint"",""coordinates"":[]}"
3386,45.03610442545456,-0.45039579392047263,0.14681888193170545,0.22521103737185802,0.0,0.08489304812834225,0.5340909090909092,0.3810160427807487,0.0,0.0,0.0,13.089085537807946,80.0186106223374,"{""type"":""MultiPoint"",""coordinates"":[]}"
3387,39.93637867686749,-0.5326353285776864,-0.010651561676027179,0.5324834533248736,0.0,0.0,0.5562248995983935,0.0,0.0,0.4437751004016064,0.0,13.064548882471568,80.06217626300716,"{""type"":""MultiPoint"",""coordinates"":[]}"
3388,28.58621449046918,0.1909748592553803,-0.003406825102070248,-0.06245543678305461,0.0,0.0,0.0,0.0,0.0,0.0,1.0,12.901342934421878,80.29185878077598,"{""type"":""MultiPoint"",""coordinates"":[]}"
3389,39.95608620310995,-0.4336871649997397,0.10137217444780289,0.28568305083041273,0.0,0.08310991957104558,0.4919571045576407,0.4168900804289544,0.0,0.00804289544235925,0.0,12.924392209287255,79.99659894631213,"{""type"":""MultiPoint"",""coordinates"":[]}"
3390,37.148301899812346,-0.36108631617853104,-0.04503447004616572,0.4814566923133699,0.0,0.0,0.11729222520107234,0.0,0.0931635388739946,0.7895442359249328,0.0,12.975370950506274,80.03441456825193,"{""type"":""MultiPoint"",""coordinates"":[]}"
3391,45.21856362943663,-0.523154085175582,0.1654123656757399,0.2659643611852909,0.0,0.0,0.5700871898054997,0.42991281019450034,0.0,0.0,0.0,12.883721675272348,80.11933949543065,"{""type"":""MultiPoint"",""coordinates"":[]}"
3392,40.01997769152046,-0.5781812566195575,0.12188494219421023,0.38915585058632624,0.0,0.0,0.2880107166778299,0.025452109845947757,0.0,0.6865371734762225,0.0,12.729778253232185,79.97748949173754,"{""type"":""MultiPoint"",""coordinates"":[]}"
3393,33.561175607508396,0.28949743311495696,0.12134389935779859,-0.25243120763478627,0.0,0.0,0.0,0.009377093101138647,0.01071667782987274,0.0,0.5023442732752846,12.90106266714949,80.07300098770166,"{""type"":""MultiPoint"",""coordinates"":[]}"
3394,38.57835496258045,-0.5596357767549262,0.025990577799460624,0.5124330007958355,0.0,0.0,0.0,0.0,0.18029490616621982,0.8197050938337801,0.0,12.687994831608634,79.99984200383366,"{""type"":""MultiPoint"",""coordinates"":[]}"
3395,38.13484624949736,-0.48915469012345586,-0.12503113911318908,0.621009032889804,0.0,0.0,0.0,0.0,0.0,1.0,0.0,13.01075834203345,80.08150769619168,"{""type"":""MultiPoint"",""coordinates"":[]}"
3396,38.44029326175286,-0.5247863060251753,-0.08218411019649476,0.6587615103202841,0.0,0.0,0.0,0.0,0.0,1.0,0.0,12.91507135623284,80.12225302845468,"{""type"":""MultiPoint"",""coordinates"":[]}"
3397,42.04389669673156,-0.3910603604347222,0.013528116011600968,0.3475144206865223,0.0,0.5100671140939597,0.13422818791946306,0.016778523489932883,0.0,0.33892617449664425,0.0,12.938214372391661,80.20236426693448,"{""type"":""MultiPoint"",""coordinates"":[]}"
3398,28.535743713914226,0.13627421590979422,0.006131203927086066,-0.042305993628363535,0.0,0.0,0.0,0.0,0.0,0.0,1.0,13.07287760303175,80.33373088423873,"{""type"":""MultiPoint"",""coordinates"":[]}"
3399,44.832632273973275,-0.43993207718392624,0.21082011736039782,0.2922329571527234,0.0,1.0,0.0,0.0,0.0,0.0,0.0,13.108418945141997,80.21799290072155,"{""type"":""MultiPoint"",""coordinates"":[]}"
3400,39.15575865282844,-0.33717471990554815,0.024195581671693712,0.26256272453425084,0.0,0.04959785522788204,0.3565683646112601,0.10723860589812333,0.0,0.48525469168900803,0.0013404825737265416,12.959765293497885,80.1922531877209,"{""type"":""MultiPoint"",""coordinates"":[]}"
3401,40.35167796249498,-0.5565553074787077,0.03075911441898089,0.5198618109782788,0.0,0.0,0.0026827632461435273,0.0,0.42723004694835687,0.5700871898054997,0.0,12.60816451847641,80.02784012999142,"{""type"":""MultiPoint"",""coordinates"":[]}"
3402,28.50974058591307,0.22483374767133962,-0.025118874595650258,-0.07105530607577487,0.0,0.0,0.0,0.0,0.0,0.0,1.0,13.033483959090859,80.30244645884927,"{""type"":""MultiPoint"",""coordinates"":[]}"
3403,41.557289992953805,-0.42965669430964676,-0.10151262586959411,0.5391581277601579,0.0,0.0,1.0,0.0,0.0,0.0,0.0,12.921914390188007,80.21763186178245,"{""type"":""MultiPoint"",""coordinates"":[]}"
3404,40.249277201006066,-0.4818274036315209,0.01883495433528808,0.4281928395404384,0.0,0.0,1.0,0.0,0.0,0.0,0.0,12.72919611035399,80.142058531671,"{""type"":""MultiPoint"",""coordinates"":[]}"
3405,29.002307715963862,0.23570925741307444,-0.02941934703793377,-0.06536701111160445,0.0,0.0,0.0,0.0,0.0,0.0,1.0,13.164774690466725,80.32282211599242,"{""type"":""MultiPoint"",""coordinates"":[]}"
3406,36.357787411642114,-0.5244485335619596,-0.08333409201844967,0.6507190222377038,0.0,0.0,0.0,0.0,0.0,1.0,0.0,12.879827317156836,80.09603962576945,"{""type"":""MultiPoint"",""coordinates"":[]}"
3407,28.470418753927632,0.17785921719999256,-0.002913064794147787,-0.0604520586835574,0.0,0.0,0.0,0.0,0.0,0.0,1.0,12.969694800850842,80.31008970616571,"{""type"":""MultiPoint"",""coordinates"":[]}"
3408,28.740558570503037,0.19805306317087293,-0.005221604809318414,-0.07067969945911542,0.0,0.0,0.0,0.0,0.0,0.0,1.0,12.638954948182834,80.28065924288408,"{""type"":""MultiPoint"",""coordinates"":[]}"
3409,36.031173984711415,0.00169624551161268,0.22254467194253325,-0.107878053563601,0.02416107382550335,0.0,0.0,0.012080536912751676,0.0,0.0,0.963758389261745,12.81542918107971,80.11216022686367,"{""type"":""MultiPoint"",""coordinates"":[]}"
3410,36.71125260861654,-0.4433071480180027,-0.14492078434933175,0.6220320972355866,0.0,0.0,0.4748153122901275,0.0,0.0,0.5251846877098725,0.0,12.711057103373994,80.10685215468327,"{""type"":""MultiPoint"",""coordinates"":[]}"
3411,38.5086727143633,-0.5310329095397658,0.041957645923997276,0.47573192423151917,0.0,0.0,0.0,0.01809651474530831,0.9249329758713136,0.05697050938337802,0.0,12.682168696674836,80.0177749358371,"{""type"":""MultiPoint"",""coordinates"":[]}"
3412,39.56773449740122,-0.5867975127080124,-0.03480506713667603,0.6324781839130563,0.0,0.0,0.0,0.0,0.18620227729403888,0.8137977227059612,0.0,13.186296542732627,79.9342447417924,"{""type"":""MultiPoint"",""coordinates"":[]}"
3413,28.455300258125018,0.11972180248025278,0.01667548457152413,-0.04372530847439062,0.0,0.0,0.0,0.0,0.0,0.0,1.0,12.64361590826557,80.33999587558807,"{""type"":""MultiPoint"",""coordinates"":[]}"
3414,28.421467451684588,0.1601012294808696,-0.008707343223763644,-0.04171817925810463,0.0,0.0,0.0,0.0,0.0,0.0,1.0,12.913287385487148,80.33040418037253,"{""type"":""MultiPoint"",""coordinates"":[]}"
3415,32.95698729793962,0.506974626140164,0.06434557905527005,-0.4137354149236283,0.0,0.0,0.0,0.046308724832214765,0.0,0.0,0.9489932885906041,12.72650530331054,80.15823244343011,"{""type"":""MultiPoint"",""coordinates"":[]}"
3416,38.58393081450773,-0.36499749238122775,-0.14380777088287303,0.5086417479194222,0.0,0.5070328198258539,0.45947756195579365,0.0,0.0,0.03348961821835231,0.0,13.08100775676446,80.0910323133041,"{""type"":""MultiPoint"",""coordinates"":[]}"
3417,46.028723348780176,-0.545495443710429,0.21818565808982968,0.2141723291048668,0.0,0.0,0.4758713136729222,0.5241286863270777,0.0,0.0,0.0,13.008242999552662,79.94346861275703,"{""type"":""MultiPoint"",""coordinates"":[]}"
3418,35.52067717659093,-0.21967079248159316,-0.23979378183953992,0.5874333757177198,0.0,0.0,0.7052139037433156,0.2947860962566845,0.0,0.0,0.0,12.929373584434343,79.92521957476661,"{""type"":""MultiPoint"",""coordinates"":[]}"
3419,28.50208118313886,0.17538149479430432,0.029963232145882205,-0.07103962063278886,0.0,0.0,0.0,0.0,0.0,0.0,1.0,12.768041671270758,80.28137139313563,"{""type"":""MultiPoint"",""coordinates"":[]}"
3420,28.664404084768947,0.21540739155427396,-0.023518750582767978,-0.06573269250630238,0.0,0.0,0.0,0.0,0.0,0.0,1.0,12.992986819692293,80.29079307258307,"{""type"":""MultiPoint"",""coordinates"":[]}"
3421,39.29546678398125,-0.5099952773144264,-0.07576333538037641,0.6231760848517761,0.0,0.0,0.0,0.0,0.0,1.0,0.0,13.036985544963107,79.92112397543521,"{""type"":""MultiPoint"",""coordinates"":[]}"
3422,42.1921619888941,-0.4466311944601477,0.10731831531967473,0.2765555593251327,0.0,0.006032171581769437,0.9819034852546916,0.0,0.0,0.012064343163538873,0.0,12.8471126903147,80.15176736695201,"{""type"":""MultiPoint"",""coordinates"":[]}"
3423,34.13021446402417,0.332855143807747,-0.007464988393048711,-0.21391294005422826,0.0,0.0,0.0,0.0,0.0,0.0,1.0,12.805208702418023,80.0962449181715,"{""type"":""MultiPoint"",""coordinates"":[]}"
3424,39.813825402182694,-0.5875194558977872,-0.027818163934668898,0.619936515730929,0.0,0.0,0.0,0.03559435862995299,0.0,0.964405641370047,0.0,12.637222498209919,79.95173249020787,"{""type"":""MultiPoint"",""coordinates"":[]}"
3425,28.753333272906918,0.17055934749453733,-0.014113932614188208,-0.04252605809299449,0.0,0.0,0.0,0.0,0.0,0.0,1.0,12.882025675899527,80.30222608073261,"{""type"":""MultiPoint"",""coordinates"":[]}"
3426,40.69086542086405,-0.5677621590238094,-0.013216095528876414,0.5769676831022066,0.0,0.0,0.12391158740790353,0.0,0.0,0.8760884125920965,0.0,12.71258765849749,79.94901906775122,"{""type"":""MultiPoint"",""coordinates"":[]}"
3427,40.14145186945786,-0.49378929858518317,0.08338808302631498,0.37233085066933874,0.0,0.0,0.6305220883534137,0.0,0.0,0.36947791164658633,0.0,13.127183014055985,79.9847908704088,"{""type"":""MultiPoint"",""coordinates"":[]}"
3428,39.497976430903634,-0.4595139555732272,-2.0299720158348348E-4,0.427636084961699,0.0,0.0,0.9036144578313253,0.0,0.0,0.0963855421686747,0.0,13.064259692876183,80.03712873248958,"{""type"":""MultiPoint"",""coordinates"":[]}"
3429,45.2017348669819,-0.4198573824298645,0.1802742450640398,0.12875677580095743,0.0,0.0,0.0,1.0,0.0,0.0,0.0,12.628204430398505,79.94169055860539,"{""type"":""MultiPoint"",""coordinates"":[]}"
3430,39.730393801919476,-0.4964761975273001,-0.08069752333654644,0.5705869565310264,0.0,0.0,0.9422818791946308,0.0,0.0,0.05771812080536912,0.0,12.66829293473275,80.06844513374692,"{""type"":""MultiPoint"",""coordinates"":[]}"
3431,30.180618755050258,0.3586210021731727,0.07081682943868756,-0.2306408606565365,0.0,0.0,0.0,0.0,0.0,0.0,1.0,12.879475046249246,80.25329362556658,"{""type"":""MultiPoint"",""coordinates"":[]}"
3432,43.022486559202434,-0.39864232035050834,0.0729857573068758,0.27853362002217474,0.0,0.7124664879356568,0.2781501340482574,0.0,0.0,0.009383378016085792,0.0,12.980548992867417,80.13089364330615,"{""type"":""MultiPoint"",""coordinates"":[]}"
3433,28.829942380228353,0.182719511548735,-0.024870556864173055,-0.037811640173786173,0.0,0.0,0.0,0.0,0.0,0.0,1.0,12.615912479529367,80.30430545794296,"{""type"":""MultiPoint"",""coordinates"":[]}"
3434,42.0743273530228,-0.35419339712741316,0.07603720763470932,0.23462829528065238,0.0,1.0,0.0,0.0,0.0,0.0,0.0,13.028383800902189,80.22154773338487,"{""type"":""MultiPoint"",""coordinates"":[]}"
3435,42.007538873002034,-0.5203051778930157,0.04126382737425642,0.45554339055944093,0.0,0.009402283411685695,0.5083948959032909,0.0,0.0,0.48220282068502357,0.0,12.980284291109838,80.05058022475555,"{""type"":""MultiPoint"",""coordinates"":[]}"
3436,39.33612574347828,-0.5518660642386451,0.04711501674646968,0.5244776199253585,0.0,0.0,0.06889632107023412,0.0,0.0,0.9311036789297659,0.0,13.186575342428375,80.20772191064387,"{""type"":""MultiPoint"",""coordinates"":[]}"
3437,28.883117178150147,0.2479982806401495,0.01268629848239958,-0.09329945924291365,0.0,0.0,0.0,0.0,0.0,0.0,1.0,12.865254500398587,80.2572529851734,"{""type"":""MultiPoint"",""coordinates"":[]}"
3438,44.4090797526962,-0.5333415896836184,0.1714412579617155,0.2732617734496596,0.0,0.0,0.0,1.0,0.0,0.0,0.0,12.721237782515644,80.15844386370456,"{""type"":""MultiPoint"",""coordinates"":[]}"
3439,40.62769396655936,-0.4587215135855714,-0.08268046593592014,0.4906296666035254,0.0,0.0,1.0,0.0,0.0,0.0,0.0,12.649946670928424,80.08872442455326,"{""type"":""MultiPoint"",""coordinates"":[]}"
3440,43.31099279704821,-0.44020552268553537,0.07103829331222339,0.308623714736772,0.0,0.3761713520749666,0.23427041499330659,0.0,0.0,0.3895582329317269,0.0,13.138391536480327,79.95193859430101,"{""type"":""MultiPoint"",""coordinates"":[]}"
3441,36.79233624623745,-0.43830313477241534,-0.06831306856044204,0.5523712173413956,0.0,0.0,0.0,0.0,0.0,1.0,0.0,12.759905043149935,79.94017597579973,"{""type"":""MultiPoint"",""coordinates"":[]}"
3442,43.55970294042171,-0.3194784754655413,0.12591047196355504,0.13730107190233426,0.0,1.0,0.0,0.0,0.0,0.0,0.0,13.145270055192318,79.90774285687992,"{""type"":""MultiPoint"",""coordinates"":[]}"
3443,40.440261368426015,-0.2527129576964442,0.004793692202752334,0.21311894533099554,0.0,0.9343603482920295,0.0,0.0,0.0,0.06563965170797055,0.0,13.000286944171176,80.21344256935384,"{""type"":""MultiPoint"",""coordinates"":[]}"
3444,41.23339477895444,-0.539489404621155,0.0629237251925795,0.4615663591172641,0.0,0.0,0.7285522788203752,0.2714477211796246,0.0,0.0,0.0,12.793951104873909,80.00102384755822,"{""type"":""MultiPoint"",""coordinates"":[]}"
3445,40.5567212621873,-0.41966834272676207,0.002401517951018983,0.34759491739244514,0.0,0.0,0.0,0.15384615384615383,0.0,0.8461538461538461,0.0,13.168684629864362,80.26480972657707,"{""type"":""MultiPoint"",""coordinates"":[]}"
3446,42.20418576769438,-0.5031374757837117,0.06764749992922506,0.37765599473744327,0.0,0.0,0.19906166219839141,0.7687667560321715,0.0,0.03217158176943699,0.0,12.767546600324488,80.18430377757892,"{""type"":""MultiPoint"",""coordinates"":[]}"
3447,42.50056358122904,-0.5553615719103735,0.03053018072291978,0.5282757850769355,0.0,0.0,0.0,0.1598388179986568,0.0,0.8401611820013432,0.0,12.641179098438702,80.16338706137005,"{""type"":""MultiPoint"",""coordinates"":[]}"
3448,41.856312721504395,-0.4283646526768916,0.0231211207770679,0.3439640081831211,0.0,0.0,1.0,0.0,0.0,0.0,0.0,12.623865166560721,80.00319988074807,"{""type"":""MultiPoint"",""coordinates"":[]}"
3449,28.413998062290716,0.1604200723119798,-0.024764786436243243,-0.04406003792244951,0.0,0.0,0.0,0.0,0.0,0.0,1.0,13.042300259222039,80.34107738405669,"{""type"":""MultiPoint"",""coordinates"":[]}"
3450,38.6715658799732,-0.3806958533246578,0.030025903440194898,0.3565557797162147,0.0,0.0,0.2010723860589812,0.5630026809651475,0.0,0.0,0.23592493297587133,12.858576386159944,80.22487856430978,"{""type"":""MultiPoint"",""coordinates"":[]}"
3451,41.40231186117965,-0.45737467596942355,0.1160550637026807,0.32625164300629406,0.0,0.0,0.2660857908847185,0.0,0.0,0.7339142091152815,0.0,13.005983910098232,80.10752055794184,"{""type"":""MultiPoint"",""coordinates"":[]}"
3452,28.304872728290903,0.15333508141559773,-0.01514768219991138,-0.032661794758409905,0.0,0.0,0.0,0.0,0.0,0.0,1.0,12.945171128071792,80.32841456699543,"{""type"":""MultiPoint"",""coordinates"":[]}"
3453,41.20875387873997,-0.3124405038528243,0.05458184927447752,0.21091770043759311,0.0,1.0,0.0,0.0,0.0,0.0,0.0,13.105298687110816,80.0952031857783,"{""type"":""MultiPoint"",""coordinates"":[]}"
3454,28.569445116206452,0.17224323209676648,-0.01921796197613062,-0.048732716185820014,0.0,0.0,0.0,0.0,0.0,0.0,1.0,12.875415860844795,80.30204250940669,"{""type"":""MultiPoint"",""coordinates"":[]}"
3455,32.248649997228924,0.09115412676619228,-0.22191021362707755,0.2568008997763961,0.0,0.0,0.13319946452476572,0.0,0.7737617135207497,0.09303882195448458,0.0,13.065030349124406,80.00571719721741,"{""type"":""MultiPoint"",""coordinates"":[]}"
3456,41.11718545073826,-0.4499482730742932,0.041136465176301575,0.3915701811673896,0.0,0.05771812080536912,0.1892617449664429,0.0,0.0,0.7530201342281879,0.0,13.003635112909242,79.99752018801249,"{""type"":""MultiPoint"",""coordinates"":[]}"
3457,39.05913315178288,-0.574997972025015,-0.0055241591587074455,0.5579919307821287,0.0,0.0,0.0,0.0,0.0,1.0,0.0,13.064303699945425,79.90335450354839,"{""type"":""MultiPoint"",""coordinates"":[]}"
3458,36.26800138694373,-0.1941216370698911,-0.25894924450115614,0.4653734674556501,0.0,0.0,0.0,1.0,0.0,0.0,0.0,12.962199221882804,79.92864379047255,"{""type"":""MultiPoint"",""coordinates"":[]}"
3459,37.89178195861264,-0.45264552194797253,-0.029166474800677706,0.47676214766783687,0.0,0.6575067024128688,0.0,0.0,0.0,0.34249329758713143,0.0,12.791964390838048,80.03952714193281,"{""type"":""MultiPoint"",""coordinates"":[]}"
3460,46.34579258201346,-0.30434113248885175,0.15454472702424535,0.11719632099412204,0.15302013422818794,0.8469798657718121,0.0,0.0,0.0,0.0,0.0,12.895296812232548,79.92731154369766,"{""type"":""MultiPoint"",""coordinates"":[]}"
3461,41.002792433018136,-0.36281043747953773,0.09713266026454158,0.21904160400408684,0.0,1.0,0.0,0.0,0.0,0.0,0.0,12.698235519351513,79.97034440901292,"{""type"":""MultiPoint"",""coordinates"":[]}"
3462,41.41949514895375,-0.5589810858367256,0.10790696971008563,0.3955215523131138,0.0,0.0,0.3118712273641851,0.13413816230717637,0.5539906103286385,0.0,0.0,12.762361856416888,80.03722458509722,"{""type"":""MultiPoint"",""coordinates"":[]}"
3463,44.59615273263583,-0.4026726352617339,0.09215211621648628,0.27650414419254243,0.0,0.8289738430583501,0.0,0.0,0.0,0.1710261569416499,0.0,12.994095528062832,80.02530071563051,"{""type"":""MultiPoint"",""coordinates"":[]}"
3464,39.11989757936243,-0.5107241512171553,0.054531735371902666,0.4394862190823014,0.0,0.0,0.5570469798657718,0.44295302013422816,0.0,0.0,0.0,12.694273542065178,80.04068539830502,"{""type"":""MultiPoint"",""coordinates"":[]}"
3465,41.26601779818915,-0.35619923775163703,0.05524192421900323,0.2402616188614798,0.0,0.6606304493628438,0.014084507042253521,0.32528504359490273,0.0,0.0,0.0,12.902150641793071,80.23529243321165,"{""type"":""MultiPoint"",""coordinates"":[]}"
3466,41.05146425839036,-0.49242397940993354,0.06915578537386083,0.3934035232778235,0.0,0.0,0.03085177733065057,0.0,0.0,0.9691482226693495,0.0,12.800220154766304,80.19923873450841,"{""type"":""MultiPoint"",""coordinates"":[]}"
3467,38.63607070445043,-0.558637418517548,0.0648868320580149,0.4781372260504952,0.0,0.0,0.06166219839142092,0.39611260053619307,0.020107238605898123,0.522117962466488,0.0,12.978369538170469,79.90515919344969,"{""type"":""MultiPoint"",""coordinates"":[]}"
3468,28.36971951041472,0.1952126869026291,-0.02593490870836923,-0.06421109331943825,0.0,0.0,0.0,0.0,0.0,0.0,1.0,12.96409185292245,80.30356809667148,"{""type"":""MultiPoint"",""coordinates"":[]}"
3469,39.11650366909701,-0.2529675899622699,-0.1628716904927648,0.4740812127951168,0.0,0.31103678929765893,0.4535117056856188,0.0,0.0,0.23545150501672243,0.0,13.188822019727073,80.30950222329179,"{""type"":""MultiPoint"",""coordinates"":[]}"
3470,41.46682344192773,-0.5676476709540437,0.16117752799067062,0.3627065326410053,0.0,0.0,0.40026773761713524,0.4156626506024097,0.02275769745649264,0.16131191432396252,0.0,12.998354812514746,80.08254738314623,"{""type"":""MultiPoint"",""coordinates"":[]}"
3471,38.906752771987954,-0.3722295528055831,-0.20885442393936318,0.5728514086268905,0.0,0.17336010709504682,0.8266398929049531,0.0,0.0,0.0,0.0,13.083758496198692,80.05158766425897,"{""type"":""MultiPoint"",""coordinates"":[]}"
3472,42.657774628795195,-0.35532895301559403,0.08570263226612476,0.2335809455560543,0.0,0.8681392235609103,0.0,0.0,0.0,0.1318607764390897,0.0,12.899110863992295,80.17421762574307,"{""type"":""MultiPoint"",""coordinates"":[]}"
3473,38.85362017728918,-0.4714856243659219,-0.07796888740286234,0.5523529412782521,0.0,0.0,0.0,0.0,0.0,1.0,0.0,12.996234945499666,80.1477793802147,"{""type"":""MultiPoint"",""coordinates"":[]}"
3474,42.033863759632126,-0.32336076941112685,0.10560738415166002,0.17854610081088854,0.0,1.0,0.0,0.0,0.0,0.0,0.0,13.048507742147905,80.15352038528032,"{""type"":""MultiPoint"",""coordinates"":[]}"
3475,33.159914907777036,-0.3477284943657078,-0.31864402340071213,0.6805036875437873,0.0,0.0,1.0,0.0,0.0,0.0,0.0,12.628748507389716,79.96911656686318,"{""type"":""MultiPoint"",""coordinates"":[]}"
3476,46.12338009985266,-0.5869002031504447,0.11705790916803166,0.4203576894281756,0.0,0.0,1.0,0.0,0.0,0.0,0.0,12.831478540378129,80.13595530213865,"{""type"":""MultiPoint"",""coordinates"":[]}"
3477,32.91769309475906,-0.29850362668164115,-0.3530448934803991,0.7024127795070944,0.0,0.0,1.0,0.0,0.0,0.0,0.0,13.177975322052097,79.90090059334088,"{""type"":""MultiPoint"",""coordinates"":[]}"
3478,28.631183624442976,0.21767237978028886,-0.01710950497212014,-0.07403494331937163,0.0,0.0,0.0,0.0,0.0,0.0,1.0,12.641010392559682,80.26015189058425,"{""type"":""MultiPoint"",""coordinates"":[]}"
3479,38.88874362436621,-0.38290319140226403,-0.05782301192930147,0.42232375900731034,0.0,0.6854460093896714,0.0,0.0,0.0,0.3145539906103287,0.0,12.790653454952187,80.24843938233397,"{""type"":""MultiPoint"",""coordinates"":[]}"
3480,45.946489560140876,-0.5923567939541615,0.21593055988775312,0.3109346374338373,0.0,0.0,0.08048289738430583,0.9195171026156942,0.0,0.0,0.0,12.902302983761231,80.13181495998963,"{""type"":""MultiPoint"",""coordinates"":[]}"
3481,28.394664291626523,0.17579204968278822,-0.009488636211248404,-0.05350797273462027,0.0,0.0,0.0,0.0,0.0,0.0,1.0,12.936233273110197,80.30181498623794,"{""type"":""MultiPoint"",""coordinates"":[]}"
3482,39.45738002791278,-0.44846621221122895,-0.05270810003364747,0.4908153934063643,0.0,0.0,0.6335570469798657,0.1953020134228188,0.0,0.17114093959731544,0.0,12.849411276795944,80.01293220628622,"{""type"":""MultiPoint"",""coordinates"":[]}"
3483,39.74630824067788,-0.5370392335610242,0.054601134210877075,0.4705844461678373,0.0,0.0,0.4288590604026846,0.5671140939597317,0.0,0.004026845637583893,0.0,12.644269532961873,79.96421984105213,"{""type"":""MultiPoint"",""coordinates"":[]}"
3484,45.158883533078495,-0.4309507564306546,0.10840354749387618,0.29312734597349804,0.0,0.5070422535211268,0.0,0.49295774647887325,0.0,0.0,0.0,12.704640906198934,80.19826107722129,"{""type"":""MultiPoint"",""coordinates"":[]}"
3485,39.81806382619561,-0.42186889744555395,0.04404718439527319,0.3468418498669021,0.0,0.8278633623576691,0.0,0.16811788345612863,0.0,0.004018754186202278,0.0,13.051433748043298,80.24377964911008,"{""type"":""MultiPoint"",""coordinates"":[]}"
3486,40.7556072327968,-0.44903423247781293,-0.04200638312131172,0.5311974730908768,0.0,0.0,0.13346747149564053,0.0,0.0,0.8665325285043595,0.0,12.97882037123028,79.98679708384496,"{""type"":""MultiPoint"",""coordinates"":[]}"
3487,37.6081803418182,-0.3694770971966523,-0.2588683694271274,0.6350364885949101,0.0,0.0,1.0,0.0,0.0,0.0,0.0,13.199495609748515,79.95398645684558,"{""type"":""MultiPoint"",""coordinates"":[]}"
3488,40.49073933822939,-0.510848266585657,-0.03241784482351796,0.5335281984306823,0.0,0.0,0.0,0.0,0.119382964453387,0.880617035546613,0.0,12.675415022876491,79.9796330606974,"{""type"":""MultiPoint"",""coordinates"":[]}"
3489,40.71833444478554,-0.5497603914809609,0.038159432638524886,0.5240821724683203,0.0,0.0,0.128686327077748,0.044906166219839144,0.0,0.8264075067024129,0.0,12.792732430325273,80.2022425906055,"{""type"":""MultiPoint"",""coordinates"":[]}"
3490,40.764849300301236,-0.4520177530446334,0.05577742055344437,0.3818850709525106,0.0,0.006693440428380187,0.2838018741633199,0.0,0.0,0.7095046854082998,0.0,12.95743575401514,80.09271820463289,"{""type"":""MultiPoint"",""coordinates"":[]}"
3491,42.07316032762894,-0.5429465157964574,0.10560881875682274,0.3939887385618638,0.0,0.0,0.0,0.537173476222371,6.697923643670462E-4,0.46215673141326186,0.0,12.770640458106596,80.11407128266956,"{""type"":""MultiPoint"",""coordinates"":[]}"
3492,40.651490584004044,-0.3297064214246396,0.12770124659515267,0.15059497916381842,0.0,1.0,0.0,0.0,0.0,0.0,0.0,12.996383341144579,80.25597447681074,"{""type"":""MultiPoint"",""coordinates"":[]}"
3493,40.02025884134049,-0.568545135671529,0.03019105382868217,0.5329123310391942,0.0,0.0,0.0,0.0,0.25201072386058987,0.7479892761394104,0.0,12.924029117133914,79.92046065216093,"{""type"":""MultiPoint"",""coordinates"":[]}"
3494,42.46536494342282,-0.2592837493105352,0.08914089645447408,0.12049859672547922,0.0,0.7563758389261744,0.0,0.24228187919463082,0.0,0.0013422818791946308,0.0,12.95534442881708,80.26174231239422,"{""type"":""MultiPoint"",""coordinates"":[]}"
3495,37.60531379331994,-0.4789118437372069,-0.025397836388886316,0.5051247228199273,0.0,0.0,0.0,0.0,0.3400402414486922,0.659959758551308,0.0,13.02741603291821,79.94981830520591,"{""type"":""MultiPoint"",""coordinates"":[]}"
3496,43.10263427867473,-0.46778406528326133,0.05110525426891936,0.38623611879966835,0.0,0.32663989290495316,0.06358768406961178,0.0,0.0,0.6097724230254351,0.0,12.890150548415445,80.02070387764252,"{""type"":""MultiPoint"",""coordinates"":[]}"
3497,44.433071569718514,-0.36839871795481954,0.21774666622840552,0.13150163580373667,0.0,1.0,0.0,0.0,0.0,0.0,0.0,12.824465060293697,79.9431632642876,"{""type"":""MultiPoint"",""coordinates"":[]}"
3498,29.55313844317696,0.33465525473959723,0.012771957538255531,-0.1496461800722928,0.0,0.0,0.0,0.0,0.0,0.0,1.0,12.807227254433291,80.25300799270241,"{""type"":""MultiPoint"",""coordinates"":[]}"
3499,44.349921131434336,-0.5801589237694836,0.1944244168144961,0.32500082846399925,0.0,0.0,0.17091152815013402,0.829088471849866,0.0,0.0,0.0,13.042470796795355,79.95973610138529,"{""type"":""MultiPoint"",""coordinates"":[]}"
3500,33.388911734108596,0.07798190715961584,0.0018357868908183265,-0.064234547717801,0.016756032171581767,0.16152815013404823,0.0,0.0,0.0,0.0,0.82171581769437,13.183882812868308,80.31724649098501,"{""type"":""MultiPoint"",""coordinates"":[]}"
3501,38.53665661649902,-0.43386942520071087,0.05120092093031017,0.408100997790879,0.0,0.0,0.008718980549966466,0.9912810194500336,0.0,0.0,0.0,12.831423096303384,80.12781511590943,"{""type"":""MultiPoint"",""coordinates"":[]}"
3502,42.043505054976585,-0.46509549064026967,0.08515743628197787,0.33731723605407543,0.0,0.0984594775619558,0.3965170797052915,0.0,0.0,0.505023442732753,0.0,12.982961037530938,80.01988488159239,"{""type"":""MultiPoint"",""coordinates"":[]}"
3503,31.84232804663986,0.5176588542737774,0.1073765034374884,-0.44231476154670807,0.0,0.0,0.0,0.0,0.0,0.0,1.0,12.905180029258437,80.03781067781291,"{""type"":""MultiPoint"",""coordinates"":[]}"
3504,41.83858543553323,-0.5303568371087505,0.11291767804672732,0.36574106638611326,0.0,0.0,0.002012072434607646,0.34004024144869216,0.0,0.6579476861167003,0.0,12.84408919159972,80.20333217905635,"{""type"":""MultiPoint"",""coordinates"":[]}"
3505,35.251697125187675,-0.4107979714478821,-0.23019428626894062,0.6920602551965636,0.0,0.0,0.0,0.0,0.0,1.0,0.0,13.012055393811119,80.01933020284554,"{""type"":""MultiPoint"",""coordinates"":[]}"
3506,37.89788975687041,-0.41596474792539023,-0.15142024233576284,0.5734400087537479,0.0,0.0,1.0,0.0,0.0,0.0,0.0,12.632332652386701,80.12890458733725,"{""type"":""MultiPoint"",""coordinates"":[]}"
3507,42.799421808934326,-0.4429389598011979,0.06024700352297225,0.3577244638530995,0.0,0.20710455764075067,0.7928954423592495,0.0,0.0,0.0,0.0,13.04341535714084,80.08795763778103,"{""type"":""MultiPoint"",""coordinates"":[]}"
3508,42.661572272702365,-0.3448786663436925,0.09061338981780934,0.21708058895028085,0.0,1.0,0.0,0.0,0.0,0.0,0.0,13.067527039083618,80.03690295182737,"{""type"":""MultiPoint"",""coordinates"":[]}"
3509,44.07103797414717,-0.5759929359848457,0.15687518005030388,0.3906429888033937,0.0,0.0,0.015384615384615384,0.6441471571906354,0.0,0.34046822742474914,0.0,13.072644208801231,79.9168456737773,"{""type"":""MultiPoint"",""coordinates"":[]}"
3510,39.711996461419986,-0.5423776289149139,0.0979354742606377,0.412049979739557,0.0,0.0,1.0,0.0,0.0,0.0,0.0,13.101805321785445,80.03852150293676,"{""type"":""MultiPoint"",""coordinates"":[]}"
3511,40.25020068364367,-0.5765340950605207,0.031115957851821273,0.5577640715103891,0.0,0.0,0.0,0.2337575351640991,0.7628935030140656,0.0033489618218352306,0.0,12.9868061080933,79.9367644486001,"{""type"":""MultiPoint"",""coordinates"":[]}"
3512,40.87973841329548,-0.433713742145042,0.04235959266454177,0.3589138532093267,0.0,0.500668449197861,0.0,0.0,0.0,0.49933155080213903,0.0,13.117403619032144,80.05954187616676,"{""type"":""MultiPoint"",""coordinates"":[]}"
3513,39.805985682273665,-0.5174156171173171,0.13772037790888772,0.35496207195736335,0.0,0.0,0.0,1.0,0.0,0.0,0.0,12.670960379707575,80.10867648808383,"{""type"":""MultiPoint"",""coordinates"":[]}"
3514,28.706561288322185,0.19004412953214633,-0.0188377616305183,-0.07542829646518166,0.0,0.0,0.0,0.0,0.0,0.0,1.0,12.6305889863472,80.30717739036434,"{""type"":""MultiPoint"",""coordinates"":[]}"
3515,40.28414627760565,-0.4791740743445774,-0.028189395243167575,0.5061689428715337,0.0,0.0,0.8423876592890677,0.0,0.0,0.15761234071093225,0.0,12.649399887342001,79.92517848677797,"{""type"":""MultiPoint"",""coordinates"":[]}"
3516,42.12040189607911,-0.41504416494327784,-0.06586024638304469,0.4614609342951446,0.0,0.12265415549597856,0.3592493297587131,0.0,0.0,0.5180965147453084,0.0,12.921075706360268,80.10130738106204,"{""type"":""MultiPoint"",""coordinates"":[]}"
3517,38.96141020626509,-0.22278759286206654,-0.10276968677554721,0.3754526620880581,0.0,0.07028112449799197,0.9297188755020082,0.0,0.0,0.0,0.0,13.080660908350236,80.05094877963228,"{""type"":""MultiPoint"",""coordinates"":[]}"
3518,41.46649513813255,-0.4757262095916327,-0.025788564323382362,0.47533335328697474,0.0,0.23627844712182058,0.0,0.0,0.0,0.7637215528781793,0.0,13.136869107800702,80.08329173530052,"{""type"":""MultiPoint"",""coordinates"":[]}"
3519,43.41736122022179,-0.5051980446542709,0.09295877276327326,0.3434655828819682,0.0,0.1323924731182796,0.0,0.7788978494623657,0.0,0.08870967741935486,0.0,12.673670189690021,80.10652627156539,"{""type"":""MultiPoint"",""coordinates"":[]}"
3520,28.642291042456385,0.17793365808826547,0.006436005748111593,-0.05812727114681902,0.0,0.0,0.0,0.0,0.0,0.0,1.0,12.724314320697715,80.29032317959566,"{""type"":""MultiPoint"",""coordinates"":[]}"
3521,41.97823529596787,-0.3056531807254593,0.09608811441100754,0.15538888921907812,0.0,1.0,0.0,0.0,0.0,0.0,0.0,13.04515971444346,80.11960293518662,"{""type"":""MultiPoint"",""coordinates"":[]}"
3522,28.583026362786367,0.18259091139073427,0.012679863314414758,-0.056549638676338464,0.0,0.0,0.0,0.0,0.0,0.0,1.0,12.75856798070478,80.29584913597456,"{""type"":""MultiPoint"",""coordinates"":[]}"
3523,28.82756289865954,0.14826642559416575,0.008685168727623814,-0.060190755463867665,0.0,0.0,0.0,0.0,0.0,0.0,1.0,12.671284028474796,80.30795204849267,"{""type"":""MultiPoint"",""coordinates"":[]}"
3524,40.83300764124668,-0.5759344395684884,0.12032250247897311,0.427833003479746,0.0,0.0,0.8545576407506703,0.1454423592493298,0.0,0.0,0.0,13.140615775896727,80.00369883577342,"{""type"":""MultiPoint"",""coordinates"":[]}"
3525,28.75410569136366,0.2332304887125887,-0.02606635904542269,-0.06670105944457977,0.0,0.0,0.0,0.0,0.0,0.0,1.0,13.049053423042361,80.29950028836886,"{""type"":""MultiPoint"",""coordinates"":[]}"
3526,39.006666339444834,-0.5042161163885209,-0.01933313197945942,0.5126643006784023,0.0,0.0,0.4541806020066889,0.2762541806020067,0.0,0.2695652173913043,0.0,13.19261500740662,80.04539231550851,"{""type"":""MultiPoint"",""coordinates"":[]}"
3527,28.888769052756558,0.09756566058167639,0.04550808627881179,-0.05297022903945237,0.0,0.0,0.0,0.0,0.0,0.0,1.0,12.712527929429694,80.34841919140119,"{""type"":""MultiPoint"",""coordinates"":[]}"
3528,35.806105925522814,0.1729848540052036,-0.3604668548919744,0.2751546990415615,0.0,0.0,0.0,0.9906166219839142,0.009383378016085792,0.0,0.0,12.929069232564276,79.98379743298476,"{""type"":""MultiPoint"",""coordinates"":[]}"
3529,44.84827658396646,-0.5444805376349432,0.15913386789766468,0.33264325191242594,0.0,0.0,0.9832214765100672,0.005369127516778523,0.0,0.011409395973154362,0.0,13.024367855159243,79.96060622708899,"{""type"":""MultiPoint"",""coordinates"":[]}"
3530,35.45382160987954,-0.07042606164878067,-0.1489577646278049,0.23894722793251394,0.35073627844712174,0.0,0.0,0.0609103078982597,0.0,0.5649263721552877,0.023427041499330656,12.885584412085986,80.25272928802416,"{""type"":""MultiPoint"",""coordinates"":[]}"
3531,42.55033016508715,-0.3860109872641501,0.06733040426366864,0.3040962875860326,0.36662198391420914,0.0,0.31367292225201077,0.17091152815013405,0.0,0.14879356568364613,0.0,12.98244653744373,80.02302804730253,"{""type"":""MultiPoint"",""coordinates"":[]}"
3532,40.63061593420456,-0.37313392493233877,0.05885271583328197,0.26279121632841745,0.0,0.8155080213903744,0.18449197860962563,0.0,0.0,0.0,0.0,13.136301974395064,79.91300240190051,"{""type"":""MultiPoint"",""coordinates"":[]}"
3533,28.6024906082282,0.2513493855247322,-0.04153354260293457,-0.06616632821727249,0.0,0.0,0.0,0.0,0.0,0.0,1.0,12.648408088687829,80.26000028435476,"{""type"":""MultiPoint"",""coordinates"":[]}"
3534,45.95953351305835,-0.4958193461950516,0.15655844000060984,0.2579771899463112,0.0,0.0,0.0026827632461435273,0.9973172367538565,0.0,0.0,0.0,12.734082414194463,80.20835343935889,"{""type"":""MultiPoint"",""coordinates"":[]}"
3535,47.17521273171029,-0.622983219928375,0.24999617892045736,0.31974484542074316,0.0,0.0,0.0,1.0,0.0,0.0,0.0,12.698218708582,80.21940293450326,"{""type"":""MultiPoint"",""coordinates"":[]}"
3536,37.336077655388785,-0.3461528243889541,-0.22853302248993887,0.6155973902355847,0.0,0.0,0.10723860589812334,0.04892761394101877,0.0,0.18297587131367296,0.09852546916890081,12.85933534734261,80.23572880475714,"{""type"":""MultiPoint"",""coordinates"":[]}"
3537,38.41049634529215,-0.5577628122222444,-0.015096911170246334,0.5929394570432276,0.0,0.0,0.0,0.0,0.0,1.0,0.0,12.635971606767523,79.97866249809604,"{""type"":""MultiPoint"",""coordinates"":[]}"
3538,43.11187482939761,-0.5264891531763176,0.06783131010811091,0.4291631964228521,0.0,0.0,0.6666666666666667,0.2824631860776439,0.0,0.050870147255689425,0.0,12.936651764167527,80.00290239930278,"{""type"":""MultiPoint"",""coordinates"":[]}"
3539,29.878678663855432,0.35200457323635087,0.06979841102354341,-0.1926410957279487,0.0,0.0,0.0,0.0,0.0,0.0,1.0,13.103889455785351,80.30132745473233,"{""type"":""MultiPoint"",""coordinates"":[]}"
3540,38.08570222122148,-0.49849600680814127,-0.016099163579769395,0.5506406579486465,0.0,0.0,0.0,0.0,0.0,1.0,0.0,12.84678629110807,80.10298933106925,"{""type"":""MultiPoint"",""coordinates"":[]}"
3541,28.86044687689218,0.16716793651065584,0.01638163169765085,-0.05839533103970628,0.0,0.0,0.0,0.0,0.0,0.0,1.0,12.68122681740709,80.29298868951959,"{""type"":""MultiPoint"",""coordinates"":[]}"
3542,41.9871815255422,-0.46937440723206203,0.10864550996731129,0.3122567232267316,0.0,0.0,0.889558232931727,0.11044176706827312,0.0,0.0,0.0,13.143706042676419,79.99550318112843,"{""type"":""MultiPoint"",""coordinates"":[]}"
3543,37.80655940297588,-0.5038563995495918,-0.03498310013044322,0.5481200177275907,0.0,0.0,0.028150134048257374,0.0,0.0,0.9718498659517427,0.0,12.743346319832792,79.94197386261432,"{""type"":""MultiPoint"",""coordinates"":[]}"
3544,28.733208080483244,0.1953789261502262,-0.005101995087498842,-0.07670282666976214,0.0,0.0,0.0,0.0,0.0,0.0,1.0,12.650226831389018,80.28179077435095,"{""type"":""MultiPoint"",""coordinates"":[]}"
3545,38.43008608800672,-0.41432608945735644,0.04759561687641313,0.3614989527158575,0.0,0.5442953020134227,0.0,0.07785234899328858,0.0,0.37785234899328857,0.0,12.679108078070671,80.0836149004842,"{""type"":""MultiPoint"",""coordinates"":[]}"
3546,28.582332807409667,0.215764983691888,-0.022767911656362893,-0.06644846787745919,0.0,0.0,0.0,0.0,0.0,0.0,1.0,12.935795070374583,80.27848268363499,"{""type"":""MultiPoint"",""coordinates"":[]}"
3547,36.47159674387143,-0.06833734367478816,-0.06369408660147277,0.21052563330208363,0.0,0.0,0.0,0.0,0.9129269926322842,0.087073007367716,0.0,13.046459412297722,80.00825530743712,"{""type"":""MultiPoint"",""coordinates"":[]}"
3548,28.50223586259213,0.1630291410278903,0.018332352512533512,-0.07275855820887472,0.0,0.0,0.0,0.0,0.0,0.0,1.0,12.82850691375934,80.29977709582249,"{""type"":""MultiPoint"",""coordinates"":[]}"
3549,41.40186628149464,-0.42232067450661326,0.11892167570559986,0.2127329695116489,0.0,0.0,0.39879356568364605,0.5341823056300268,0.0,0.06702412868632707,0.0,13.084392300412107,80.12747142158328,"{""type"":""MultiPoint"",""coordinates"":[]}"
3550,40.46538827968523,-0.5722263106195601,-0.02393017068847162,0.6391025761880351,0.0,0.0,0.07702612190221034,0.0,0.0,0.9229738780977896,0.0,13.002517011127932,79.94846743258593,"{""type"":""MultiPoint"",""coordinates"":[]}"
3551,42.71958907257568,-0.5736106964179877,0.10648097331041834,0.45234230532773456,0.0,0.0,0.8480161398789509,0.0033624747814391394,0.0,0.14862138533960997,0.0,12.876630198462744,79.99272695466823,"{""type"":""MultiPoint"",""coordinates"":[]}"
3552,42.70697112708252,-0.5404880542865542,0.13122586854036608,0.3709105190723606,0.0,0.0,0.0,1.0,0.0,0.0,0.0,12.694342229049754,80.11519509355925,"{""type"":""MultiPoint"",""coordinates"":[]}"
3553,42.714785410194246,-0.3365224248326043,0.14768314694077342,0.08782720776404863,0.0,1.0,0.0,0.0,0.0,0.0,0.0,13.097478612559552,80.2764914501166,"{""type"":""MultiPoint"",""coordinates"":[]}"
3554,28.82049976973881,0.1270449323600341,0.003629823157819204,-0.04916046775561966,0.0,0.0,0.0,0.0,0.0,0.0,1.0,12.855659579682719,80.34109066961355,"{""type"":""MultiPoint"",""coordinates"":[]}"
3555,41.58478533304962,-0.41173837964482035,0.10962149463327776,0.24691112545809882,0.0,0.0,0.12533512064343166,0.8746648793565683,0.0,0.0,0.0,12.91152516230244,80.21002445145521,"{""type"":""MultiPoint"",""coordinates"":[]}"
3556,28.663877531118573,0.17966003561619565,0.007618231777872812,-0.059758021384661165,0.0,0.0,0.0,0.0,0.0,0.0,1.0,12.682002013210942,80.28061702419166,"{""type"":""MultiPoint"",""coordinates"":[]}"
3557,42.5671206056522,-0.3241407913000115,0.10198678635404017,0.17228958287737323,0.0,0.9979933110367893,0.0,0.0,0.0,0.0020066889632107026,0.0,13.085039100737808,80.19062372243751,"{""type"":""MultiPoint"",""coordinates"":[]}"
3558,34.07108318341139,-0.13208673869372903,-0.12682532770571614,0.39030198467501925,0.0,0.0,0.018060200668896326,0.0,0.6066889632107024,0.37525083612040144,0.0,13.104142532464868,79.91901882631345,"{""type"":""MultiPoint"",""coordinates"":[]}"
3559,40.35175599568183,-0.422604599282483,0.035618637234319905,0.37249258123892104,0.0,0.0,0.17780748663101603,0.5641711229946523,0.0,0.2580213903743315,0.0,13.174648881880618,80.16112805727,"{""type"":""MultiPoint"",""coordinates"":[]}"
3560,41.436656314426564,-0.5659252619655052,0.12424900197227515,0.3668155667422171,0.0,0.0,0.0,0.5305164319248826,0.4453386988598256,0.02414486921529175,0.0,12.720162747930663,80.13535376984973,"{""type"":""MultiPoint"",""coordinates"":[]}"
3561,39.5770287075987,-0.5357682211999135,0.012865331950037678,0.5092210090343199,0.0,0.0,0.02073578595317726,0.7591973244147158,0.0,0.22006688963210702,0.0,13.170962717997053,80.2168548434988,"{""type"":""MultiPoint"",""coordinates"":[]}"
3562,41.22024104771144,-0.5349599417694729,-0.026536976557232594,0.5599427171238077,0.0,0.0,0.08187919463087247,0.35100671140939593,0.0,0.5671140939597314,0.0,12.645836281159879,79.92867745643662,"{""type"":""MultiPoint"",""coordinates"":[]}"
3563,32.50463769527129,0.13408762572304625,-0.3027020945873501,0.3665811080615888,0.0,0.0,0.9464166108506363,0.0,0.0535833891493637,0.0,0.0,13.144438961741812,80.0445918149949,"{""type"":""MultiPoint"",""coordinates"":[]}"
3564,41.09129029143723,-0.5799147799565079,0.0815038657341444,0.5111963660632478,0.0,0.0,0.0,0.0,0.3297515110812626,0.6702484889187375,0.0,12.643702433781373,80.02953837375577,"{""type"":""MultiPoint"",""coordinates"":[]}"
3565,43.67329062532177,-0.3253957032727422,0.13350286722835036,0.1167253104575809,0.0,1.0,0.0,0.0,0.0,0.0,0.0,13.104377066609205,80.208821201667,"{""type"":""MultiPoint"",""coordinates"":[]}"
3566,40.28403967939639,-0.29167564043474525,0.02826525046472077,0.20499595165783233,0.0,1.0,0.0,0.0,0.0,0.0,0.0,12.972605688189494,80.13612842363094,"{""type"":""MultiPoint"",""coordinates"":[]}"
3567,39.06530387231081,-0.46262216602734285,0.013397593511641085,0.43759012698491107,0.0,0.0,0.9745478901540522,0.0,0.0,0.025452109845947753,0.0,13.178770188687691,80.03845669296562,"{""type"":""MultiPoint"",""coordinates"":[]}"
3568,37.47480871849197,-0.5469006742714035,-0.023139250759791046,0.5845317402004736,0.0,0.0,0.0,0.0,0.0,1.0,0.0,12.632613628588745,80.06153887396093,"{""type"":""MultiPoint"",""coordinates"":[]}"
3569,42.7698834964348,-0.3273227371084179,0.13530447214693134,0.11984232024563869,0.0,1.0,0.0,0.0,0.0,0.0,0.0,13.097324382854689,80.25956708499166,"{""type"":""MultiPoint"",""coordinates"":[]}"
3570,28.716912930529155,0.2713604333151722,-0.01919700822023776,-0.10251965908431651,0.0,0.0,0.0,0.0,0.0,0.0,1.0,13.118461728018996,80.31229021028231,"{""type"":""MultiPoint"",""coordinates"":[]}"
3571,35.89148426223192,-0.544629075653643,-0.13042956020139926,0.701528438088923,0.0,0.0,0.0,0.0,0.011394101876675602,0.9886058981233244,0.0,13.185794191281891,79.95604683971696,"{""type"":""MultiPoint"",""coordinates"":[]}"
3572,35.127743312977884,-0.47565759173820316,-0.143916349025364,0.6104154311687625,0.0,0.0,1.0,0.0,0.0,0.0,0.0,12.76960470630225,80.071132312343,"{""type"":""MultiPoint"",""coordinates"":[]}"
3573,40.77379586469881,-0.4084153036975868,-0.03410925254071518,0.4018174441127858,0.0,0.6198125836680054,0.0,0.0,0.0,0.3801874163319947,0.0,13.050289503733579,80.19698211989952,"{""type"":""MultiPoint"",""coordinates"":[]}"
3574,45.03523174626508,-0.5242220669155403,0.11010201259587912,0.34125920736086995,0.009370816599732263,0.0,0.6325301204819278,0.35809906291834,0.0,0.0,0.0,13.075043859810995,80.03377975626962,"{""type"":""MultiPoint"",""coordinates"":[]}"
3575,41.19181711700604,-0.5610464919148371,0.08606897919519989,0.4704358557392224,0.0,0.0,0.0,0.4688546550569323,0.0,0.5311453449430676,0.0,13.197333918636259,80.29332160231472,"{""type"":""MultiPoint"",""coordinates"":[]}"
3576,39.11065244060365,-0.4694767704913278,0.029559956197602745,0.3647521335259152,0.0,0.0,1.0,0.0,0.0,0.0,0.0,12.654507466222867,80.11061168238025,"{""type"":""MultiPoint"",""coordinates"":[]}"
3577,28.376770905909105,0.19756229941939019,-0.005098371075402374,-0.05836268293612511,0.0,0.0,0.0,0.0,0.0,0.0,1.0,13.137784679103028,80.32727121775092,"{""type"":""MultiPoint"",""coordinates"":[]}"
3578,40.46687871674701,-0.5311174274257682,-0.03372417942888131,0.5860460659133587,0.0,0.0,0.5629183400267737,0.0,0.0,0.4370816599732262,0.0,13.141908818079685,80.00375191135534,"{""type"":""MultiPoint"",""coordinates"":[]}"
3579,38.78630074054219,-0.4564401718162104,-0.15290450248317616,0.650018719782929,0.0,0.0,1.0,0.0,0.0,0.0,0.0,13.144168770641807,79.98827147806965,"{""type"":""MultiPoint"",""coordinates"":[]}"
3580,28.57706943844609,0.19431257303529445,-0.031201985433973685,-0.053544655055047255,0.0,0.0,0.0,0.0,0.0,0.0,1.0,12.993282383870623,80.31303271975612,"{""type"":""MultiPoint"",""coordinates"":[]}"
3581,44.98120674554291,-0.5036242316238081,0.1250274941671322,0.3048703749291625,0.0,0.0,1.0,0.0,0.0,0.0,0.0,12.890202048648666,79.95281126834466,"{""type"":""MultiPoint"",""coordinates"":[]}"
3582,39.22558364965796,-0.4357961007950986,-0.029290265005024303,0.4385447964507093,0.0,0.12005365526492287,0.01341381623071764,0.0,0.0,0.8665325285043595,0.0,12.644587233448005,80.10946099827845,"{""type"":""MultiPoint"",""coordinates"":[]}"
3583,28.602156269718332,0.19530473826727818,-0.012514062017044365,-0.06835938271298922,0.0,0.0,0.0,0.0,0.0,0.0,1.0,12.782309347773431,80.29003866671816,"{""type"":""MultiPoint"",""coordinates"":[]}"
3584,43.812937086356335,-0.5543374971104005,0.16237590626635282,0.3080221823300318,0.0,0.0,0.0,0.3375753516409913,0.6624246483590087,0.0,0.0,12.997157987172487,79.90942729267186,"{""type"":""MultiPoint"",""coordinates"":[]}"
3585,34.554526260449684,-0.5417342273318814,-0.18581968907237092,0.7818457907776647,0.0,0.0,0.0,0.0,0.0,1.0,0.0,12.654359422633382,79.9789918966363,"{""type"":""MultiPoint"",""coordinates"":[]}"
3586,38.426392830408595,-0.2918839382302014,-0.035581673110670564,0.34851478185657825,0.03750837240455458,0.11185532484929671,0.0,0.17079705291359676,0.0,0.6798392498325518,0.0,13.111850117183494,80.02475910493679,"{""type"":""MultiPoint"",""coordinates"":[]}"
3587,38.055302830308335,-0.46694030033433986,-0.06317276742885848,0.5393043105747758,0.0,0.0013404825737265416,0.0,0.0,0.0,0.9986595174262735,0.0,12.987424479748988,80.09205207666248,"{""type"":""MultiPoint"",""coordinates"":[]}"
3588,41.66226486463857,-0.32117676701419196,0.10751789674716307,0.14594655030923379,0.018741633199464522,0.9812583668005354,0.0,0.0,0.0,0.0,0.0,13.116084535895249,80.09296484788904,"{""type"":""MultiPoint"",""coordinates"":[]}"
3589,28.98746638613684,0.07817617186375064,0.0433508843864023,-0.025373515543209522,0.0,0.0,0.0,0.0,0.0,0.0,1.0,12.701485768331857,80.34232920111042,"{""type"":""MultiPoint"",""coordinates"":[]}"
3590,43.0451493806012,-0.5115593092008393,0.07840991477378463,0.4098975577949392,0.0,0.0,1.0,0.0,0.0,0.0,0.0,13.162303542294204,80.13681336486727,"{""type"":""MultiPoint"",""coordinates"":[]}"
3591,38.182195792595586,-0.5286269103858513,0.015931720946894004,0.5540309245203724,0.0,0.0,0.0,0.0,0.0,1.0,0.0,12.918888336979098,80.0084946657848,"{""type"":""MultiPoint"",""coordinates"":[]}"
3592,44.16471956739452,-0.3371117899138004,0.09263401391248212,0.18529018536750813,0.0,0.6182183523107836,0.38178164768921635,0.0,0.0,0.0,0.0,13.155460124793855,80.20585213250257,"{""type"":""MultiPoint"",""coordinates"":[]}"
3593,38.86251109310324,-0.38477436265956544,-0.10167931418327349,0.49291145411876774,0.0,0.0,0.19973190348525469,0.03619302949061662,0.0,0.7640750670241286,0.0,12.701803245685758,80.01153197595984,"{""type"":""MultiPoint"",""coordinates"":[]}"
3594,40.7246247067517,-0.40812770631636697,0.049079282709190916,0.25453568317605424,0.0,0.0,1.0,0.0,0.0,0.0,0.0,12.74557200094785,80.16451084799134,"{""type"":""MultiPoint"",""coordinates"":[]}"
3595,34.4685379531565,-0.54494019985514,-0.10569704760644126,0.7049072223032801,0.0,0.0,0.0,0.0,0.0,1.0,0.0,12.734504778364371,80.0333695213498,"{""type"":""MultiPoint"",""coordinates"":[]}"
3596,28.73246683135663,0.142854238239495,0.01661500235492131,-0.06055533313706293,0.0,0.0,0.0,0.0,0.0,0.0,1.0,12.756776283578834,80.31985655310878,"{""type"":""MultiPoint"",""coordinates"":[]}"
3597,41.10975703132533,-0.2628360702173748,0.08601325500623055,0.11265669285863701,0.0,0.8614457831325301,0.0,0.07028112449799195,0.0,0.06827309236947791,0.0,13.1689490441734,80.31081310345,"{""type"":""MultiPoint"",""coordinates"":[]}"
3598,39.58438405227367,-0.559364347127354,-0.025606944267739608,0.59153771055851,0.0,0.0,0.019450033534540577,0.7484909456740444,0.0,0.2320590207914152,0.0,12.81385708931143,80.21577038473924,"{""type"":""MultiPoint"",""coordinates"":[]}"
3599,45.363288458727396,-0.5567034324987187,0.1538108226532961,0.35511192229383454,0.0,0.0,0.6249162759544541,0.0,0.0,0.3750837240455458,0.0,13.067986156980277,79.978475854105,"{""type"":""MultiPoint"",""coordinates"":[]}"
3600,37.279387090428976,-0.48800075925092323,-0.07076618222462104,0.580834633747235,0.0,0.0,0.10388739946380698,0.4457104557640752,0.0,0.45040214477211804,0.0,12.90547412856363,79.91284766213246,"{""type"":""MultiPoint"",""coordinates"":[]}"
3601,28.688078216290343,0.18394467289291455,-0.00870724049717528,-0.06640694680630721,0.0,0.0,0.0,0.0,0.0,0.0,1.0,12.685376948610699,80.31078239009929,"{""type"":""MultiPoint"",""coordinates"":[]}"
3602,28.46176263152453,0.15784368382849442,0.004727170993842271,-0.05075714690976782,0.0,0.0,0.0,0.0,0.0,0.0,1.0,12.679949086847367,80.33430181080453,"{""type"":""MultiPoint"",""coordinates"":[]}"
3603,39.83645457690398,-0.4552505789453828,-0.11781935974106149,0.5652655470672959,0.0,0.0,0.6380120886501008,0.36198791134989927,0.0,0.0,0.0,12.621723257149135,80.02745885869417,"{""type"":""MultiPoint"",""coordinates"":[]}"
3604,28.811154994295322,0.321336497768624,-0.0462161162008172,-0.08337575586048732,0.0,0.0,0.0,0.0,0.0,0.0,1.0,12.659082348800634,80.22323997206713,"{""type"":""MultiPoint"",""coordinates"":[]}"
3605,37.42275722223194,-0.4263075779889132,-0.16965200105244746,0.6300492978262713,0.0,0.0,0.9564343163538874,0.0,0.0435656836461126,0.0,0.0,13.144281399984713,79.9423217598893,"{""type"":""MultiPoint"",""coordinates"":[]}"
3606,35.23764033563381,-0.36217793484156985,-0.26015673281887935,0.6440163111804686,0.0,0.0,0.9711602951039572,0.0,0.0,0.028839704896042928,0.0,12.726865124347645,80.10437206643678,"{""type"":""MultiPoint"",""coordinates"":[]}"
3607,40.6318541860791,-0.526727650282387,-0.072544327954441,0.5184884089717446,0.0,0.0,0.0,0.0,0.0,1.0,0.0,12.78631104153346,80.13160181509019,"{""type"":""MultiPoint"",""coordinates"":[]}"
3608,41.61814746927712,-0.3709080055990614,0.07890105094325223,0.23963757315598014,0.0,0.7041499330655957,0.2958500669344043,0.0,0.0,0.0,0.0,13.131596553193079,80.22645620146707,"{""type"":""MultiPoint"",""coordinates"":[]}"
3609,38.720384965137704,-0.08819547945194467,-0.044307265846645565,0.09116191499329518,6.71591672263264E-4,0.0,0.0,0.2384150436534587,0.0,0.27199462726662194,0.4889187374076562,12.70152809388176,80.17801515005259,"{""type"":""MultiPoint"",""coordinates"":[]}"
3610,28.316073039074464,0.13116799826237444,-0.005267732740857529,-0.037412484091692434,0.0,0.0,0.0,0.0,0.0,0.0,1.0,12.941278536273913,80.3396532863781,"{""type"":""MultiPoint"",""coordinates"":[]}"
3611,39.86868509158742,-0.48045782676890125,0.014576243450914784,0.43037117501329075,0.0,0.24179504353650366,0.26322839919624913,0.0,0.0,0.49497655726724715,0.0,13.141609328481739,80.08858632568626,"{""type"":""MultiPoint"",""coordinates"":[]}"
3612,38.40343394657067,-0.5870449360197973,-0.010852921970276593,0.6154994202893873,0.0,0.0,0.0,0.0,0.0,1.0,0.0,13.015298495307809,80.01156672305848,"{""type"":""MultiPoint"",""coordinates"":[]}"
3613,28.611908518849503,0.225734261251687,-0.019899544764065257,-0.07447848262678275,0.0,0.0,0.0,0.0,0.0,0.0,1.0,13.065961282884299,80.3052314547141,"{""type"":""MultiPoint"",""coordinates"":[]}"
3614,38.67768372341153,-0.5082082235487673,-0.01390463326296709,0.5458562884902727,0.0,0.0,0.0,0.0,0.36058981233243964,0.6394101876675602,0.0,12.820666173432707,80.17736488911912,"{""type"":""MultiPoint"",""coordinates"":[]}"
3615,28.378790847138088,0.13252825516061922,0.01865867477463817,-0.05856461319240006,0.0,0.0,0.0,0.0,0.0,0.0,1.0,12.653736801195885,80.33819045025214,"{""type"":""MultiPoint"",""coordinates"":[]}"
3616,37.086240005681844,-0.19190514392087624,0.02086592663827603,0.21911244765125373,0.0,0.0,0.28074866310160423,0.0,0.7192513368983955,0.0,0.0,13.034768023879403,79.97568915351677,"{""type"":""MultiPoint"",""coordinates"":[]}"
3617,35.140699007163,-0.3721339952667458,-0.26378852188363117,0.6643064169145461,0.0,0.0,1.0,0.0,0.0,0.0,0.0,13.054122018970235,80.0255675546274,"{""type"":""MultiPoint"",""coordinates"":[]}"
3618,43.88959299571334,-0.5571116239644164,0.1686646558725359,0.28622824110638273,0.0,0.0,0.41661085063630277,0.5833891493636971,0.0,0.0,0.0,12.961235075502417,80.03475399271625,"{""type"":""MultiPoint"",""coordinates"":[]}"
3619,39.59959779454729,-0.48737882020884404,0.0692830086360251,0.33696399865918913,0.0,0.0,1.0,0.0,0.0,0.0,0.0,12.6769093794236,80.08287773420982,"{""type"":""MultiPoint"",""coordinates"":[]}"
3620,28.473923301748172,0.17450931991731036,-0.038471929421235895,-0.031838925330239784,0.0,0.0,0.0,0.0,0.0,0.0,1.0,12.911875258122146,80.32080098756724,"{""type"":""MultiPoint"",""coordinates"":[]}"
3621,30.8638382790964,0.3894900437752193,-0.10922442193512033,-0.16626807203033267,0.0,0.0,0.0,0.0,0.0,0.0,1.0,13.143642251959179,80.15992706674743,"{""type"":""MultiPoint"",""coordinates"":[]}"
3622,28.716973261182027,0.2459348362481906,-0.03932156465947863,-0.054323449222547955,0.0,0.0,0.0,0.0,0.0,0.0,1.0,12.617493187269767,80.24206952227138,"{""type"":""MultiPoint"",""coordinates"":[]}"
3623,36.061232940475875,-0.4832410774770307,-0.1478823615214574,0.6728431342999921,0.0,0.0,0.0,0.0,0.0,1.0,0.0,13.09780402054908,80.08103886307678,"{""type"":""MultiPoint"",""coordinates"":[]}"
3624,39.203823986353925,-0.4526884454840252,-0.05181614788336801,0.4975669153147163,0.0,0.2600536193029491,0.0,0.0,0.0,0.7399463806970511,0.0,12.884721772991293,80.18180264400227,"{""type"":""MultiPoint"",""coordinates"":[]}"
3625,39.74288684578703,-0.41427330796878886,0.02074262598612947,0.35396621266723066,0.0,0.49497655726724726,0.18553248492967184,0.0,0.0,0.3194909578030811,0.0,13.067529519192972,80.12416387568553,"{""type"":""MultiPoint"",""coordinates"":[]}"
3626,43.143378464688155,-0.4812029721972698,0.1312581477638864,0.2804993721014687,0.0,0.0,0.18511066398390344,0.8148893360160967,0.0,0.0,0.0,12.858715841353376,80.16414025161706,"{""type"":""MultiPoint"",""coordinates"":[]}"
3627,45.28891216332441,-0.5354262707355589,0.11643231975433158,0.3560664936839663,0.0,0.0,0.11930294906166218,0.8806970509383378,0.0,0.0,0.0,12.779120918553852,80.07349613858992,"{""type"":""MultiPoint"",""coordinates"":[]}"
3628,41.823214748068196,-0.4378568327265754,0.09102183822927383,0.28785461339382473,0.0,0.6303475935828877,0.3696524064171122,0.0,0.0,0.0,0.0,13.189693357814825,80.09525568353743,"{""type"":""MultiPoint"",""coordinates"":[]}"
3629,28.756817652187937,0.2538995460886554,-0.013578446346013037,-0.07309952421046886,0.0,0.0,0.0,0.0,0.0,0.0,1.0,12.772828592981625,80.2670318478024,"{""type"":""MultiPoint"",""coordinates"":[]}"
3630,28.543726797710853,0.16199553099214548,0.007811682803018922,-0.05856796867238426,0.0,0.0,0.0,0.0,0.0,0.0,1.0,12.908639549155337,80.29894451291976,"{""type"":""MultiPoint"",""coordinates"":[]}"
3631,28.713457844933014,0.20587494461903405,-0.008909087877736479,-0.06929871331231727,0.0,0.0,0.0,0.0,0.0,0.0,1.0,12.806481637794615,80.28365528189909,"{""type"":""MultiPoint"",""coordinates"":[]}"
3632,40.26113890077853,-0.4627813094698589,-0.10360372507106567,0.5399599475986514,0.0,0.13288590604026845,0.8671140939597316,0.0,0.0,0.0,0.0,12.661618118889313,80.11403065764647,"{""type"":""MultiPoint"",""coordinates"":[]}"
3633,41.36085114091093,-0.365288053723245,0.09628853832262775,0.20995657565125458,0.0,0.8981915606162089,0.0,0.0,0.0,0.101808439383791,0.0,13.068887845698477,80.08604300908179,"{""type"":""MultiPoint"",""coordinates"":[]}"
3634,39.078976324428126,-0.33485543971246895,-0.04831290147431274,0.3583859730688418,0.13779264214046824,0.2715719063545151,0.5745819397993311,0.01605351170568562,0.0,0.0,0.0,13.167075479067378,80.20864410893215,"{""type"":""MultiPoint"",""coordinates"":[]}"
3635,41.4303535996582,-0.4334646326025056,-0.05876009248546972,0.4962971898199314,0.0,0.0,0.8679624664879356,0.11327077747989277,0.0,0.018766756032171584,0.0,12.807731746664086,80.14512185790164,"{""type"":""MultiPoint"",""coordinates"":[]}"
3636,40.70021628158955,-0.26308110298594023,0.041353444734763246,0.17709544841201458,0.0,0.6210596914822265,0.0,0.0,0.0,0.37894030851777327,0.0,13.195243516213967,80.17404381796463,"{""type"":""MultiPoint"",""coordinates"":[]}"
3637,34.32811702481582,-0.47641930527424237,-0.1935930883588889,0.6871366929247571,0.0,0.0,0.9135967849966509,0.0,0.0,0.08640321500334895,0.0,12.907671045444312,80.05277637388897,"{""type"":""MultiPoint"",""coordinates"":[]}"
3638,40.49839791590485,-0.32886867654304525,0.00747768453022443,0.29473648679323533,0.0,0.9376675603217157,0.0,0.06233243967828418,0.0,0.0,0.0,13.13186145533748,80.14681075706548,"{""type"":""MultiPoint"",""coordinates"":[]}"
3639,41.34592220024116,-0.4292472448402861,0.0483251586309023,0.3484826500436476,0.0,0.13060951105157403,0.8365706630944407,0.004018754186202278,0.0,0.02880107166778299,0.0,12.861190772585964,80.19193521608848,"{""type"":""MultiPoint"",""coordinates"":[]}"
3640,28.40400561733245,0.19960027262362934,-0.011979382349473358,-0.0576074032522299,0.0,0.0,0.0,0.0,0.0,0.0,1.0,12.911621676606648,80.28524371525243,"{""type"":""MultiPoint"",""coordinates"":[]}"
3641,36.55717315887476,-0.3707271107700763,-0.19002343079636994,0.5879212954101181,0.0,0.0,1.0,0.0,0.0,0.0,0.0,13.179947955972123,80.05745556470501,"{""type"":""MultiPoint"",""coordinates"":[]}"
3642,41.064095349819304,-0.48070848261971194,0.03306225804398579,0.41686145730382484,0.0,0.0,0.7275769745649264,0.04953145917001339,0.2228915662650602,0.0,0.0,13.134631323681925,79.98433277980885,"{""type"":""MultiPoint"",""coordinates"":[]}"
3643,37.2712037818182,-0.3609092158820123,-0.3029374617514303,0.6782935055913625,0.0,0.0,1.0,0.0,0.0,0.0,0.0,13.083307232850803,80.04513477743595,"{""type"":""MultiPoint"",""coordinates"":[]}"
3644,38.83305809531189,-0.43210648281336894,-0.02576815721628329,0.4723330417781974,0.0,0.0,1.0,0.0,0.0,0.0,0.0,12.734187311325787,79.90504648581661,"{""type"":""MultiPoint"",""coordinates"":[]}"
3645,39.57950427673156,-0.5188207426137412,-0.05897676343212257,0.5890641994832126,0.0,0.0,0.25570469798657713,0.7442953020134228,0.0,0.0,0.0,12.798175094417427,80.17066767567019,"{""type"":""MultiPoint"",""coordinates"":[]}"
3646,41.00977906768769,-0.29090572221469513,0.0223455904570767,0.2224804110899173,0.0,1.0,0.0,0.0,0.0,0.0,0.0,13.14406704039494,80.18646883766834,"{""type"":""MultiPoint"",""coordinates"":[]}"
3647,40.74097116324598,-0.4666867189155963,0.0688776784346796,0.31426977079988605,0.0,0.0,1.0,0.0,0.0,0.0,0.0,12.659858657639965,79.91660941260488,"{""type"":""MultiPoint"",""coordinates"":[]}"
3648,37.8579678626993,-0.4309856446956066,-0.227181306813192,0.6783913660101157,0.0,0.0,1.0,0.0,0.0,0.0,0.0,12.934732465486167,79.98839078591008,"{""type"":""MultiPoint"",""coordinates"":[]}"
3649,36.20872022030184,-0.3423132901682284,-0.31583698213891626,0.6474148050967544,0.0,0.0,1.0,0.0,0.0,0.0,0.0,12.63055610692615,79.99790509574197,"{""type"":""MultiPoint"",""coordinates"":[]}"
3650,28.742385640885338,0.12196248521613375,0.021046374758080147,-0.04752035694007986,0.0,0.0,0.0,0.0,0.0,0.0,1.0,12.845954935037833,80.32250514997779,"{""type"":""MultiPoint"",""coordinates"":[]}"
3651,28.277753449939734,0.12082571222152895,0.030187512374329817,-0.04675488215866079,0.0,0.0,0.0,0.0,0.0,0.0,1.0,13.055711441862561,80.34425755918912,"{""type"":""MultiPoint"",""coordinates"":[]}"
3652,41.956753562253525,-0.4918346086496073,-4.798066177590305E-4,0.48613450310276923,0.0,0.0,0.15895372233400404,0.0,0.0,0.8410462776659959,0.0,12.831710982371602,80.10680618482701,"{""type"":""MultiPoint"",""coordinates"":[]}"
3653,36.450470714036165,-0.5317125238072147,-0.08748636040959784,0.6202075835341098,0.0,0.0,0.5414993306559571,0.0,0.0,0.4585006693440428,0.0,13.153281074078114,79.98058081439862,"{""type"":""MultiPoint"",""coordinates"":[]}"
3654,29.30962971805631,0.28947203713568126,0.018053438683614215,-0.12719352474092507,0.0,0.0,0.0,0.0,0.0,0.0,1.0,12.821731575873809,80.25365994647578,"{""type"":""MultiPoint"",""coordinates"":[]}"
3655,38.34742097725873,-0.2862176857676528,-0.037141113913005216,0.2727195603523959,0.0,0.8203753351206434,0.0,0.0,0.0,0.17962466487935658,0.0,12.997227545329286,80.25973324411304,"{""type"":""MultiPoint"",""coordinates"":[]}"
3656,28.63749529541249,0.17286022110318125,0.04312424086190228,-0.07604676262382827,0.0,0.0,0.0,0.0,0.0,0.0,1.0,12.6688988959864,80.27234977470805,"{""type"":""MultiPoint"",""coordinates"":[]}"
3657,37.62602517482877,-0.5134989890573018,-0.1045185760042137,0.6336285470518722,0.0,0.0,1.0,0.0,0.0,0.0,0.0,12.748386755617698,80.11345661635957,"{""type"":""MultiPoint"",""coordinates"":[]}"
3658,43.15998689648323,-0.5943952952955351,0.15881721541282603,0.40935685780387465,0.0,0.0,0.31342281879194633,0.5597315436241611,0.1268456375838926,0.0,0.0,13.023404459138098,79.98461194210246,"{""type"":""MultiPoint"",""coordinates"":[]}"
3659,39.57220384093166,-0.583938048660635,0.07158830259945283,0.5059716136701365,0.0,0.0,0.0,0.0,0.12533512064343166,0.8746648793565684,0.0,12.849266081777946,79.95771572957186,"{""type"":""MultiPoint"",""coordinates"":[]}"
3660,28.671796440147382,0.224451656798843,-0.0268527056950447,-0.05386093147487736,0.0,0.0,0.0,0.0,0.0,0.0,1.0,12.912146789443762,80.27006659084142,"{""type"":""MultiPoint"",""coordinates"":[]}"
3661,41.56984219867473,-0.508984329117343,0.0760507741753697,0.394861638806723,0.0,0.0,0.4149933065595717,0.0,0.0,0.5850066934404284,0.0,12.96226087309806,80.09631641492352,"{""type"":""MultiPoint"",""coordinates"":[]}"
3662,44.134949826557275,-0.5350189794632445,0.1477068115969611,0.28654998705283635,0.0,0.0,0.0,0.44273275284661745,0.5452109845947756,0.012056262558606829,0.0,13.083166612028942,79.98335577208255,"{""type"":""MultiPoint"",""coordinates"":[]}"
3663,28.704188423373516,0.2009543384176786,-0.0167228703190231,-0.0628780140234883,0.0,0.0,0.0,0.0,0.0,0.0,1.0,12.995069649296825,80.29765494531443,"{""type"":""MultiPoint"",""coordinates"":[]}"
3664,33.07597422152921,0.37496142473318583,0.17800864367772581,-0.3769736218986586,0.0,0.0,0.0,0.007377598926894702,0.11133467471495641,0.0,0.881287726358149,12.772598667017087,79.90599230509244,"{""type"":""MultiPoint"",""coordinates"":[]}"
3665,42.21788593462779,-0.5410445859763566,0.044709966561581264,0.47832348275910425,0.0,0.0,0.5580147551978537,0.0,0.0,0.4419852448021462,0.0,12.760492055120558,80.11541030001382,"{""type"":""MultiPoint"",""coordinates"":[]}"
3666,45.76024841591154,-0.48850361832282024,0.19009171192039317,0.24129683598142182,0.0,0.0,0.0,1.0,0.0,0.0,0.0,12.695507945169814,80.2148220078377,"{""type"":""MultiPoint"",""coordinates"":[]}"
3667,43.29672195540217,-0.30235957292103977,0.08475739825988379,0.17165343462431532,0.0,1.0,0.0,0.0,0.0,0.0,0.0,12.9680197398425,80.03248878934605,"{""type"":""MultiPoint"",""coordinates"":[]}"
3668,28.488474527289203,0.19215168218318227,-0.021015125293283147,-0.046444341295506904,0.0,0.0,0.0,0.0,0.0,0.0,1.0,12.917499810169318,80.2951715723051,"{""type"":""MultiPoint"",""coordinates"":[]}"
3669,36.972550261831024,-0.4410159821749037,-0.028934690761982615,0.4866936093882286,0.0,0.0,0.0,0.4305835010060363,0.0,0.3802816901408452,0.18913480885311876,12.87780546194245,80.24139328985645,"{""type"":""MultiPoint"",""coordinates"":[]}"
3670,42.59119878466892,-0.5415193927552625,0.15525121279602017,0.3246945725174275,0.0,0.0,0.9953177257525084,0.0,0.0,0.004682274247491639,0.0,12.95024631308087,80.10037253118769,"{""type"":""MultiPoint"",""coordinates"":[]}"
3671,38.465843311468845,-0.5414547134811387,-0.030128816712231943,0.6217376651021961,0.0,0.0,0.0,0.0,0.0,1.0,0.0,12.780018093093659,79.9899639775858,"{""type"":""MultiPoint"",""coordinates"":[]}"
3672,43.69744525710846,-0.5688149780823221,0.17067396109308722,0.3544019061203203,0.0,0.0,0.2570281124497992,0.7429718875502008,0.0,0.0,0.0,12.94552830981799,80.0139596689602,"{""type"":""MultiPoint"",""coordinates"":[]}"
3673,41.136016759277126,-0.5485778166005872,0.030506529500593786,0.5259628063560455,0.0,0.0,0.0,0.0,0.0,1.0,0.0,12.966768578075584,80.03476784328772,"{""type"":""MultiPoint"",""coordinates"":[]}"
3674,29.87462711712275,0.40969968626689346,0.04538869573878931,-0.23710379656437847,0.0,0.0,0.0,0.0,0.0,0.0,1.0,12.660767309904951,80.2146899197976,"{""type"":""MultiPoint"",""coordinates"":[]}"
3675,41.79381630975905,-0.49710793912269585,0.04960274174514735,0.40863919242015395,0.0,0.03480589022757697,0.0,0.0,0.0,0.965194109772423,0.0,12.977113322674747,79.90912864472551,"{""type"":""MultiPoint"",""coordinates"":[]}"
3676,42.603217809160526,-0.5374054177734736,0.03573404446298291,0.45992869336099107,0.0,0.0,0.791806581598388,0.12693082605775688,0.08126259234385493,0.0,0.0,12.653658204860077,80.08101481132942,"{""type"":""MultiPoint"",""coordinates"":[]}"
3677,28.542883792558786,0.1723033042014476,0.008139958149197988,-0.08132376635242955,0.0,0.0,0.0,0.0,0.0,0.0,1.0,12.655022070230675,80.32452259240586,"{""type"":""MultiPoint"",""coordinates"":[]}"
3678,39.264065603199214,-0.48545081271119683,-0.0901908438738048,0.5488577737451463,0.0,0.0,0.20254862508383636,0.0,0.0,0.7974513749161638,0.0,12.621578731031407,80.00773180606376,"{""type"":""MultiPoint"",""coordinates"":[]}"
3679,28.50478218897592,0.12589761226648383,0.00905480760664779,-0.03807560418021624,0.0,0.0,0.0,0.0,0.0,0.0,1.0,12.881964477095883,80.32548628495167,"{""type"":""MultiPoint"",""coordinates"":[]}"
3680,33.24688031233091,-0.3942375822932295,-0.29682523558684243,0.7257128323817101,0.0,0.0,1.0,0.0,0.0,0.0,0.0,12.938144951723944,79.9843643133523,"{""type"":""MultiPoint"",""coordinates"":[]}"
3681,41.58752028973846,-0.5059013600375373,-0.014015100920206061,0.5133171347917157,0.0,0.06438631790744466,0.0,0.13749161636485577,0.0,0.7981220657276995,0.0,12.820062220573718,80.16147063060548,"{""type"":""MultiPoint"",""coordinates"":[]}"
3682,40.975872373420536,-0.5990647765299335,0.16497939856892202,0.4191178844012275,0.0,0.0,0.24010731052984577,0.7598926894701543,0.0,0.0,0.0,12.626088821634614,79.96065449865709,"{""type"":""MultiPoint"",""coordinates"":[]}"
3683,28.384668413621757,0.10880049540382496,0.030319515577526285,-0.059312570086523624,0.0,0.0,0.0,0.0,0.0,0.0,1.0,12.650718184988516,80.34687692030936,"{""type"":""MultiPoint"",""coordinates"":[]}"
3684,43.50265454748493,-0.5410316690333367,0.14151905974122747,0.32615176320370415,0.0,0.0,0.8826291079812207,0.09926224010731056,0.0,0.018108651911468817,0.0,12.742406208499558,79.92318024596172,"{""type"":""MultiPoint"",""coordinates"":[]}"
3685,38.21843070835461,-0.35937366303829693,-0.20589360104883708,0.5493138311392398,0.0,0.0,0.4150436534586971,0.0,0.0,0.5849563465413029,0.0,12.602558579589958,80.09329335772092,"{""type"":""MultiPoint"",""coordinates"":[]}"
3686,39.61061752770626,-0.47125601373364306,-2.7881699928592124E-4,0.44489406064195736,0.0,0.12273641851106641,0.4902749832327297,0.0,0.04560697518443998,0.34138162307176395,0.0,12.715892685990918,79.9361257604839,"{""type"":""MultiPoint"",""coordinates"":[]}"
3687,43.5543900865707,-0.38610945752799164,0.0150193435515087,0.3408054433748477,0.0,0.9236436704621567,0.0,0.0,0.0,0.07635632953784327,0.0,13.061502867184602,80.1475383647724,"{""type"":""MultiPoint"",""coordinates"":[]}"
3688,42.57986519474214,-0.5755019502677138,0.17080848070021454,0.377849039124266,0.0,0.0,0.9296718017414601,0.07032819825853984,0.0,0.0,0.0,13.096364150837758,79.94344647212108,"{""type"":""MultiPoint"",""coordinates"":[]}"
3689,28.44540979143144,0.23175574285033632,-0.034630057930576885,-0.057920895852051006,0.0,0.0,0.0,0.0,0.0,0.0,1.0,13.004831973180696,80.28989410821033,"{""type"":""MultiPoint"",""coordinates"":[]}"
3690,39.65552358241797,-0.3339206204676709,0.09568612165450166,0.18925812575214218,0.0,0.999330207635633,0.0,0.0,0.0,6.697923643670463E-4,0.0,12.82692024966843,80.07494931651021,"{""type"":""MultiPoint"",""coordinates"":[]}"
3691,28.412779757144815,0.15032468018528472,-0.0012472187586814278,-0.04483120514252699,0.0,0.0,0.0,0.0,0.0,0.0,1.0,13.043343085275264,80.33173633143616,"{""type"":""MultiPoint"",""coordinates"":[]}"
3692,41.46638737330879,-0.4086161620935922,0.04805405358814433,0.34166475963142207,0.0,0.5458807769591426,0.0,0.0,0.0,0.45411922304085744,0.0,13.039538729320107,80.02671116772596,"{""type"":""MultiPoint"",""coordinates"":[]}"
3693,39.73739786202677,-0.39315407907667166,0.10002015541962195,0.24375962850611158,0.0,0.8809364548494983,0.0,0.0,0.0,0.11906354515050166,0.0,13.123986270007139,79.96410965705405,"{""type"":""MultiPoint"",""coordinates"":[]}"
3694,45.18465568063003,-0.41243058326489024,0.1364425825799448,0.17366406625937572,0.0,0.0824396782841823,0.6655495978552278,0.2520107238605898,0.0,0.0,0.0,12.839792704175997,80.13932588419476,"{""type"":""MultiPoint"",""coordinates"":[]}"
3695,40.59611518365774,-0.4173594157003093,0.05758253576049948,0.32995042795746166,0.0,0.0,0.5523489932885906,0.39261744966442946,0.0,0.05503355704697986,0.0,12.86452460873043,80.10971539777395,"{""type"":""MultiPoint"",""coordinates"":[]}"
3696,46.533838815835026,-0.5521891950144224,0.18230734784470595,0.30117984717230384,0.0,0.0,0.051643192488262914,0.9483568075117372,0.0,0.0,0.0,12.766067470586044,80.23660724521577,"{""type"":""MultiPoint"",""coordinates"":[]}"
3697,28.451597426972565,0.11606855043938834,0.0058491773698542615,-0.03664038771058239,0.0,0.0,0.0,0.0,0.0,0.0,1.0,12.925848662818685,80.33914365026925,"{""type"":""MultiPoint"",""coordinates"":[]}"
3698,37.622028723745856,-0.513764415164348,-0.023036900996496475,0.5257162868574354,0.0,0.0,0.0,0.0,0.0,1.0,0.0,13.159372861603806,80.044815392403,"{""type"":""MultiPoint"",""coordinates"":[]}"
3699,43.651478255996,-0.5150042175910253,0.1052654310791757,0.36281620617142785,0.0,0.0,6.706908115358819E-4,0.0,0.9993293091884641,0.0,0.0,12.951450807229676,79.95622390228924,"{""type"":""MultiPoint"",""coordinates"":[]}"
3700,38.25009751335572,-0.47763527218705176,-0.06853722637012503,0.5208990696550638,0.0,0.0,1.0,0.0,0.0,0.0,0.0,12.696998579043877,79.933991900453,"{""type"":""MultiPoint"",""coordinates"":[]}"
3701,40.613456638012075,-0.41553299104450114,0.0374902423903677,0.3630629326297849,0.0,0.8286479250334672,0.0,0.0,0.0,0.17135207496653282,0.0,13.153997782851054,80.1991908273254,"{""type"":""MultiPoint"",""coordinates"":[]}"
3702,42.146160872966455,-0.5741087263873266,0.1686646062697987,0.36508197738609516,0.0,0.0,0.0,0.0,0.1563758389261745,0.8436241610738254,0.0,12.648395678381373,79.96215421910621,"{""type"":""MultiPoint"",""coordinates"":[]}"
3703,38.80551753648088,-0.5412863462568043,-0.10223643626877434,0.6490666505708012,0.0,0.0,0.0,0.45869711215580933,0.0,0.5413028878441908,0.0,12.602357438145408,80.1833168595952,"{""type"":""MultiPoint"",""coordinates"":[]}"
3704,28.508932123963795,0.18584536742455512,-0.01887709014789908,-0.07396701288785242,0.0,0.0,0.0,0.0,0.0,0.0,1.0,12.65509385085068,80.32681531391923,"{""type"":""MultiPoint"",""coordinates"":[]}"
3705,42.1885652788405,-0.3705955667042009,0.05348801215736717,0.2962878873368761,0.0,0.8324396782841823,0.04691689008042895,0.0,0.0,0.12064343163538875,0.0,12.76419641017553,80.00725612216756,"{""type"":""MultiPoint"",""coordinates"":[]}"
3706,46.41207994983916,-0.5580449322351855,0.2164174994221535,0.2520962172409351,0.0,0.0,0.9711796246648793,0.0,0.02882037533512065,0.0,0.0,12.949437554017623,79.94885218458835,"{""type"":""MultiPoint"",""coordinates"":[]}"
3707,28.57166579385545,0.16001291032680615,-0.017280862856732068,-0.05462474571913804,0.0,0.0,0.0,0.0,0.0,0.0,1.0,12.994889260056507,80.34079233730985,"{""type"":""MultiPoint"",""coordinates"":[]}"
3708,36.41914568152817,-0.270331291014766,-0.06576131881172412,0.42364428228396134,0.0,0.0,0.0,0.0,0.3404825737265416,0.6595174262734586,0.0,13.003600110692247,79.93608204390118,"{""type"":""MultiPoint"",""coordinates"":[]}"
3709,36.401226294796,-0.31626295577647395,-0.3352767817533487,0.6880475281756597,0.0,0.0,1.0,0.0,0.0,0.0,0.0,13.186704995876227,80.0726137949936,"{""type"":""MultiPoint"",""coordinates"":[]}"
3710,28.67959286821837,0.14943796968720302,0.012342978061031719,-0.06586240876674074,0.0,0.0,0.0,0.0,0.0,0.0,1.0,12.830656298364659,80.33208311407233,"{""type"":""MultiPoint"",""coordinates"":[]}"
3711,40.335178430040195,-0.5287077453078072,0.05738089440168086,0.43409273613863614,0.0,0.0,0.9631614199598123,0.0,0.0,0.03683858004018754,0.0,13.146497153419531,79.92554209099721,"{""type"":""MultiPoint"",""coordinates"":[]}"
3712,28.744556997173504,0.22665789200456468,-0.01853216287377612,-0.06767268043110417,0.0,0.0,0.0,0.0,0.0,0.0,1.0,13.107000591748303,80.3203823373203,"{""type"":""MultiPoint"",""coordinates"":[]}"
3713,36.72343543939599,-0.4018150569882602,-0.1685331466677957,0.6477060702155847,0.0,0.0,0.31006711409395976,0.274496644295302,0.0,0.41543624161073833,0.0,12.61274699081174,80.05186871739025,"{""type"":""MultiPoint"",""coordinates"":[]}"
3714,44.77586799266223,-0.5651133433039653,0.15571512874081161,0.30132969885041533,0.0,0.0,0.20668896321070238,0.57123745819398,0.22207357859531776,0.0,0.0,13.19760997656979,80.09552994037135,"{""type"":""MultiPoint"",""coordinates"":[]}"
3715,38.970968254234926,-0.4335899286664387,-0.044903675398826254,0.44697744670459255,0.0,0.0,0.19530201342281886,0.0,0.0,0.8046979865771813,0.0,12.705794533221265,79.924244187165,"{""type"":""MultiPoint"",""coordinates"":[]}"
3716,35.01509783626927,-0.3681783210033101,-0.3213154534753311,0.7098354759957444,0.0,0.0,1.0,0.0,0.0,0.0,0.0,13.150223998222124,80.0278431909499,"{""type"":""MultiPoint"",""coordinates"":[]}"
3717,29.519100278860595,0.33093895708783844,0.01282551891516467,-0.14637111929260802,0.0,0.0,0.0,0.0,0.0,0.0,1.0,12.807726071243659,80.25285052168896,"{""type"":""MultiPoint"",""coordinates"":[]}"
3718,35.92750290797589,-0.5679265619217615,-0.06528411086952081,0.6897841692813962,0.0,0.0,0.0,0.0,0.0,1.0,0.0,12.731265814319306,80.04265669204698,"{""type"":""MultiPoint"",""coordinates"":[]}"
3719,29.232414809106814,0.33426642334084444,-0.05369585219036843,-0.09091304356332354,0.0,0.0,0.0,0.0,0.0,0.0,1.0,12.60591545059792,80.21037260623415,"{""type"":""MultiPoint"",""coordinates"":[]}"
3720,43.75860710778153,-0.3410495812674711,0.06350246465795195,0.24220072709808205,0.0,1.0,0.0,0.0,0.0,0.0,0.0,12.939550033580675,80.15030288118035,"{""type"":""MultiPoint"",""coordinates"":[]}"
3721,40.52052837973846,-0.30892693471521276,0.094255415679875,0.15576416968826057,0.0,1.0,0.0,0.0,0.0,0.0,0.0,13.021226588863843,80.14607890991675,"{""type"":""MultiPoint"",""coordinates"":[]}"
3722,39.12073852487612,-0.35242218713318346,-0.009392391454397369,0.3365637121130336,0.0,0.7716008037508373,0.0,0.0,0.0,0.22839919624916277,0.0,13.047001713973692,80.23906835251846,"{""type"":""MultiPoint"",""coordinates"":[]}"
3723,41.93491353774649,-0.32132129822577976,0.1348034240300355,0.14166364918194385,0.0,1.0,0.0,0.0,0.0,0.0,0.0,12.958084577971078,80.24536477702335,"{""type"":""MultiPoint"",""coordinates"":[]}"
3724,41.65885053877264,-0.32450997152003863,0.06957011810790299,0.1869779815663245,0.0,0.8799463447350772,0.0,0.12005365526492286,0.0,0.0,0.0,12.909263071164833,80.06720809482577,"{""type"":""MultiPoint"",""coordinates"":[]}"
3725,47.37975155076563,-0.3172596441595092,0.1516305612117992,0.08942392673263731,0.07991940899932841,0.0,0.0,0.9200805910006717,0.0,0.0,0.0,12.70750826038635,80.2064377589784,"{""type"":""MultiPoint"",""coordinates"":[]}"
3726,41.46019101891568,-0.3313494946507197,0.038130964755192794,0.2438749270721771,0.0,1.0,0.0,0.0,0.0,0.0,0.0,13.046189477730996,80.2149638364371,"{""type"":""MultiPoint"",""coordinates"":[]}"
3727,28.60173245010069,0.15811879969363013,0.03053459000092725,-0.05788432278303221,0.0,0.0,0.0,0.0,0.0,0.0,1.0,12.683033558973367,80.26780682367227,"{""type"":""MultiPoint"",""coordinates"":[]}"
3728,40.5327241894307,-0.6070284813100995,0.0704687805171003,0.5266328162935284,0.0,0.0,6.697923643670463E-4,0.12056262558606834,0.4159410582719358,0.462826523777629,0.0,12.74472321644116,80.12303347809161,"{""type"":""MultiPoint"",""coordinates"":[]}"
3729,28.524914299377112,0.16307230034498657,-0.002715192774518731,-0.0521151446758097,0.0,0.0,0.0,0.0,0.0,0.0,1.0,13.156441230594293,80.33865771805452,"{""type"":""MultiPoint"",""coordinates"":[]}"
3730,42.057735739718694,-0.5771596065498672,0.18573801654764252,0.36218711221071825,0.0,0.0,0.07836570663094442,0.9216342933690559,0.0,0.0,0.0,12.929735486214478,80.06791568954955,"{""type"":""MultiPoint"",""coordinates"":[]}"
3731,41.66314303257048,-0.5064974298743198,-0.01862605662259227,0.48993339879214126,0.0,0.0,1.0,0.0,0.0,0.0,0.0,12.728472401305927,80.19803119623349,"{""type"":""MultiPoint"",""coordinates"":[]}"
3732,28.592348388669375,0.1935702914553808,0.004249912508971039,-0.06392898038711124,0.0,0.0,0.0,0.0,0.0,0.0,1.0,12.634304858975113,80.25555748636249,"{""type"":""MultiPoint"",""coordinates"":[]}"
3733,43.18497973400002,-0.5928297131152985,0.20029194510581586,0.34820626421495865,0.0,0.0,1.0,0.0,0.0,0.0,0.0,12.733458593421675,79.96579354551366,"{""type"":""MultiPoint"",""coordinates"":[]}"
3734,28.67150585525153,0.12885542188949636,0.03549049496258799,-0.0533521505767292,0.0,0.0,0.0,0.0,0.0,0.0,1.0,12.739288936616834,80.29382032712714,"{""type"":""MultiPoint"",""coordinates"":[]}"
3735,35.308703007032825,-0.27884379952397753,-0.17298706630209995,0.510494122273283,0.0,0.0,0.0053583389149363695,0.042866711319490956,0.0,0.9517749497655725,0.0,13.144784136905637,80.03932400213938,"{""type"":""MultiPoint"",""coordinates"":[]}"
3736,28.633983418677875,0.2504205039747607,-0.03586076321723264,-0.07261221819356678,0.0,0.0,0.0,0.0,0.0,0.0,1.0,12.80599050642728,80.27905637797937,"{""type"":""MultiPoint"",""coordinates"":[]}"
3737,38.873614679156645,-0.3526423395933256,-0.07744240089033586,0.43947025482218294,0.0,0.10977242302543508,0.0,0.0,0.0,0.8902275769745649,0.0,13.17674156706668,80.26958722165344,"{""type"":""MultiPoint"",""coordinates"":[]}"
3738,40.56862141220363,-0.32755394168761837,-0.007861817953666514,0.28134998242589815,0.0,1.0,0.0,0.0,0.0,0.0,0.0,13.12377227055354,80.26465957953911,"{""type"":""MultiPoint"",""coordinates"":[]}"
3739,41.80375922930828,-0.39117966780084185,0.07792948775727933,0.2788504737224665,0.0,0.8502350570852921,0.0,0.0,0.0,0.14976494291470782,0.0,12.693509498651428,79.97220884679388,"{""type"":""MultiPoint"",""coordinates"":[]}"
3740,42.21488164157191,-0.3853468978611077,0.06950712245589431,0.2648216518030812,0.0,1.0,0.0,0.0,0.0,0.0,0.0,12.979265116026582,80.14351963307246,"{""type"":""MultiPoint"",""coordinates"":[]}"
3741,39.331871446059,-0.4290971798391769,-0.0935511490910732,0.5535367715591002,0.0,0.0,0.0,0.0,0.0,1.0,0.0,12.85423533851769,80.13514176459542,"{""type"":""MultiPoint"",""coordinates"":[]}"
3742,41.62172075932217,-0.4428265064323065,-0.1272038035213273,0.5941691118856474,0.0,0.0,0.9818791946308726,0.0,0.0,0.018120805369127514,0.0,12.628992320678924,79.92061140798148,"{""type"":""MultiPoint"",""coordinates"":[]}"
3743,40.51168150300739,-0.38968833815482784,0.062147436560409094,0.29403671251876207,0.0,0.2886805090421969,0.5405224380442062,0.0,0.0,0.1707970529135968,0.0,12.942426390964116,80.0707605309326,"{""type"":""MultiPoint"",""coordinates"":[]}"
3744,39.698910936626525,-0.37367495435404197,-0.03414684337810749,0.40163636298448424,0.0,0.6251673360107094,0.0,0.0,0.0,0.37483266398929055,0.0,13.00626888638479,80.24672044654976,"{""type"":""MultiPoint"",""coordinates"":[]}"
3745,39.27571127695246,-0.4633811834095671,-0.03811102230528611,0.5011208736928157,0.0,0.3208305425318151,0.6476892163429336,0.0,0.0,0.03148024112525117,0.0,13.097245849383516,79.97262164347727,"{""type"":""MultiPoint"",""coordinates"":[]}"
3746,28.791206603744982,0.15288977389765146,-0.0014411068862413743,-0.042692015941500884,0.0,0.0,0.0,0.0,0.0,0.0,1.0,12.71610979580922,80.32929659845631,"{""type"":""MultiPoint"",""coordinates"":[]}"
3747,39.8257368661446,-0.4062473491785988,-0.035427412322671784,0.39432962311400543,0.0,0.31459170013386883,0.0,0.04685408299866132,0.0,0.6385542168674699,0.0,12.973906342002179,80.26291637936482,"{""type"":""MultiPoint"",""coordinates"":[]}"
3748,34.518153505783154,-0.3482151571842234,-0.2925740014998544,0.6850192138451943,0.0,0.0,1.0,0.0,0.0,0.0,0.0,13.075937243194065,80.00371007928776,"{""type"":""MultiPoint"",""coordinates"":[]}"
3749,41.05521833090303,-0.541784365456927,0.13412611702006597,0.35776501056130994,0.0,0.0,1.0,0.0,0.0,0.0,0.0,13.16900411559696,80.02041112319394,"{""type"":""MultiPoint"",""coordinates"":[]}"
3750,35.26975390583505,-0.28662699832899785,-0.03335109053252433,0.3558586165729847,0.0,0.0,0.5010060362173039,0.4989939637826963,0.0,0.0,0.0,12.645600831435532,80.00603185959947,"{""type"":""MultiPoint"",""coordinates"":[]}"
3751,38.01913950382296,-0.5324124696625177,0.017070605648733066,0.5198089048058937,0.0,0.0,0.4936284372904092,0.18175720992622404,0.0,0.3246143527833669,0.0,12.790002155252862,79.95628487131016,"{""type"":""MultiPoint"",""coordinates"":[]}"
3752,41.983954031221494,-0.34570358772602394,-0.040850868637762966,0.3689135676997238,0.0,0.5422818791946309,0.0,0.0,0.0,0.4577181208053691,0.0,12.626474943832816,80.1931051274245,"{""type"":""MultiPoint"",""coordinates"":[]}"
3753,40.251193122806455,-0.5593307460359881,0.02288227571009924,0.5214486956812828,0.0,0.0,0.231748158070998,0.3034159410582719,0.0,0.46483590087073007,0.0,12.812770284189176,80.21766910374039,"{""type"":""MultiPoint"",""coordinates"":[]}"
3754,43.4120457669303,-0.38006938802265844,-0.011599280692668986,0.32898347743785544,0.0,0.5630026809651474,0.0,0.0,0.0,0.43699731903485245,0.0,13.121901414445462,80.11463401911104,"{""type"":""MultiPoint"",""coordinates"":[]}"
3755,42.4686722469303,-0.47002429841394333,-0.06246411165219936,0.4975353030360474,0.0,0.0,0.6226541554959786,0.3773458445040215,0.0,0.0,0.0,12.67027770279283,80.07295556945631,"{""type"":""MultiPoint"",""coordinates"":[]}"
3756,41.591142575341834,-0.3566606298995423,0.013300711963921536,0.32070517756356026,0.0,0.44369973190348516,0.0,0.0,0.17292225201072384,0.38337801608579086,0.0,12.937991453820333,79.93578154681407,"{""type"":""MultiPoint"",""coordinates"":[]}"
3757,37.56255186436623,-0.43318058669315657,-0.0452869393436862,0.47280482462659673,0.0,0.0,0.42052313883299797,0.3098591549295775,0.0,0.26961770623742454,0.0,12.855201360994492,79.91978019008666,"{""type"":""MultiPoint"",""coordinates"":[]}"
3758,39.31434327901411,-0.08867507619266206,-0.1658618599667874,0.30724265207542373,0.0,0.0,0.28772635814889336,0.0013413816230717639,0.0,0.0,0.0,12.757962053831752,80.23003052398991,"{""type"":""MultiPoint"",""coordinates"":[]}"
3759,36.32185186818915,-0.18914689166710483,-0.0616679265702323,0.27036957837058456,0.391683433936955,0.0,0.0,0.41784037558685444,0.0,0.10932260228034874,0.0811535881958417,12.687855600401027,79.92747227524103,"{""type"":""MultiPoint"",""coordinates"":[]}"
3760,43.21976381474533,-0.5635664455494376,0.09765891665634253,0.45988272474025743,0.0,0.0,0.24865951742627343,0.0,0.15616621983914208,0.5951742627345843,0.0,12.934609239257448,79.90192516778635,"{""type"":""MultiPoint"",""coordinates"":[]}"
3761,28.291279684276162,0.16183570355018312,-0.01869351905890297,-0.04850819945607342,0.0,0.0,0.0,0.0,0.0,0.0,1.0,12.966700186755427,80.32887594703439,"{""type"":""MultiPoint"",""coordinates"":[]}"
3762,45.145184382349,-0.5864588600361905,0.2215406125779381,0.2953102797525894,0.0,0.0,0.45369127516778524,0.5463087248322147,0.0,0.0,0.0,12.76998207761284,80.23691016382041,"{""type"":""MultiPoint"",""coordinates"":[]}"
3763,31.06135018915665,0.4547311266274025,-0.19963406294715225,-0.14262751599650272,0.0,0.0,0.0,0.0,0.0,0.0,1.0,13.162664699796887,80.17227827061201,"{""type"":""MultiPoint"",""coordinates"":[]}"
3764,38.460180128337825,-0.2999172451538309,-2.812190650173138E-4,0.27609740786208603,0.0,1.0,0.0,0.0,0.0,0.0,0.0,12.996445021472034,80.26068064750807,"{""type"":""MultiPoint"",""coordinates"":[]}"
3765,41.859928992866735,-0.4447487258948813,-0.07706928815745889,0.4941378810880108,0.0,0.3697253851306096,0.002679169457468185,0.0,0.0,0.6275954454119224,0.0,13.122635005432308,80.23741711246105,"{""type"":""MultiPoint"",""coordinates"":[]}"
3766,46.829029889175054,-0.5666053474073144,0.2132398490413798,0.2733960930445637,0.0,0.0,1.0,0.0,0.0,0.0,0.0,12.793006284279265,79.9361235841618,"{""type"":""MultiPoint"",""coordinates"":[]}"
3767,28.606009284943084,0.21952266774674864,-0.023761327213063965,-0.06527342790119794,0.0,0.0,0.0,0.0,0.0,0.0,1.0,13.119788797498858,80.33194106340731,"{""type"":""MultiPoint"",""coordinates"":[]}"
3768,38.711365717386386,-0.4639244335294919,-0.07583844039884986,0.5521894942380413,0.0,0.0,0.8643048128342248,0.0,0.0,0.1356951871657754,0.0,13.151270114717251,80.01198654431671,"{""type"":""MultiPoint"",""coordinates"":[]}"
3769,40.19516204036195,-0.5421204711129923,0.03633398948542679,0.4725961791496298,0.0,0.0,0.0,0.0,0.3123324396782842,0.6876675603217158,0.0,12.909189133276728,80.01377174182392,"{""type"":""MultiPoint"",""coordinates"":[]}"
3770,39.733167934929504,-0.5162529205899848,0.1365046236195351,0.36117833082942924,0.0,0.0,0.0,1.0,0.0,0.0,0.0,12.772670223309364,80.13716138068249,"{""type"":""MultiPoint"",""coordinates"":[]}"
3771,28.56817297111856,0.220136348055396,-0.024774520372146,-0.06259800207796477,0.0,0.0,0.0,0.0,0.0,0.0,1.0,12.777064302759545,80.28800053621784,"{""type"":""MultiPoint"",""coordinates"":[]}"
3772,32.82205899568186,0.3636977470388439,-0.0942081434822107,-0.10495949434753128,0.0,0.0,0.18516042780748662,0.0,0.17045454545454547,0.0,0.1945187165775401,13.16353745746707,80.16525809396055,"{""type"":""MultiPoint"",""coordinates"":[]}"
3773,28.472760304989965,0.135057703126527,2.823507263760458E-4,-0.04110035281459785,0.0,0.0,0.0,0.0,0.0,0.0,1.0,12.923965707958926,80.3285362693709,"{""type"":""MultiPoint"",""coordinates"":[]}"
3774,28.39381961066311,0.15708950508796407,-0.024713662056188704,-0.034569841579329005,0.0,0.0,0.0,0.0,0.0,0.0,1.0,13.033003349420124,80.34516441003777,"{""type"":""MultiPoint"",""coordinates"":[]}"
3775,39.209691346740456,-0.378621721388519,-0.09588900921356741,0.4589164754686157,0.0,0.2287055667337358,0.0,0.0,0.0,0.7712944332662641,0.0,12.753489115255523,80.19613634517854,"{""type"":""MultiPoint"",""coordinates"":[]}"
3776,40.77250910237586,-0.47167847688122716,0.04227654392199818,0.37104505214010935,0.0,0.0,1.0,0.0,0.0,0.0,0.0,12.711634617068041,80.05294091021896,"{""type"":""MultiPoint"",""coordinates"":[]}"
3777,28.953826054486957,0.16891581053265173,-0.004726591069314876,-0.06604755213007571,0.0,0.0,0.0,0.0,0.0,0.0,1.0,12.620086637873266,80.30492535528768,"{""type"":""MultiPoint"",""coordinates"":[]}"
3778,40.9957870794716,-0.3252097119228124,0.026104252019226736,0.27620042691420715,0.0,0.9892976588628762,0.0,0.0,0.0,0.010702341137123749,0.0,13.04042823404317,80.21858402478763,"{""type"":""MultiPoint"",""coordinates"":[]}"
3779,28.27638884647455,0.19805388739042257,-0.01705397640763577,-0.055491104941570134,0.0,0.0,0.0,0.0,0.0,0.0,1.0,12.935432904092325,80.29225414194572,"{""type"":""MultiPoint"",""coordinates"":[]}"
3780,43.390531942654164,-0.49519904196777487,0.11935952307274261,0.3114278795242548,0.0,0.0,1.0,0.0,0.0,0.0,0.0,13.170142243373876,79.97276927989375,"{""type"":""MultiPoint"",""coordinates"":[]}"
3781,42.00781708695977,-0.39294714453414664,0.04247529995466933,0.32585547537376086,0.0,0.08053691275167786,0.0,0.9194630872483222,0.0,0.0,0.0,12.922112801131114,80.22719589539214,"{""type"":""MultiPoint"",""coordinates"":[]}"
3782,33.86796487702414,-0.4028139081925265,-0.3420313536916673,0.7475936522424455,0.0,0.0,1.0,0.0,0.0,0.0,0.0,12.939212537482382,80.03651402110377,"{""type"":""MultiPoint"",""coordinates"":[]}"
3783,40.09918486348527,-0.46408208732461526,-0.011996476168758973,0.43142664451047424,0.0,0.0,0.0,0.0,0.0,1.0,0.0,12.940429512915005,80.1286487130727,"{""type"":""MultiPoint"",""coordinates"":[]}"
3784,38.12677959698796,-0.4269041888843625,-0.06619680322529939,0.5160835518771402,0.0,0.0,1.0,0.0,0.0,0.0,0.0,13.083907724024483,80.0545649226409,"{""type"":""MultiPoint"",""coordinates"":[]}"
3785,34.27202189082388,-0.5141654690010622,-0.08120744040537325,0.5859340662395484,0.0,0.0,0.0,0.0,0.0,1.0,0.0,12.998735196783416,80.23040095814706,"{""type"":""MultiPoint"",""coordinates"":[]}"
3786,42.557950837694385,-0.3338720051625776,0.07772022778613838,0.20798212988352793,0.0,1.0,0.0,0.0,0.0,0.0,0.0,12.772320916765715,80.0080576478835,"{""type"":""MultiPoint"",""coordinates"":[]}"
3787,38.84241008229378,-0.14886580106086936,0.10177633308737823,0.12068148775583076,0.1482226693494299,0.004024144869215291,0.06841046277665996,0.4701542588866532,0.0,0.3091884641180416,0.0,12.763643858721151,80.04058878826129,"{""type"":""MultiPoint"",""coordinates"":[]}"
3788,45.05194604350102,-0.5520763451064653,0.2035506234523665,0.2682027633747591,0.0,0.0,0.2756539235412475,0.7243460764587526,0.0,0.0,0.0,12.669334224073825,80.20572733508922,"{""type"":""MultiPoint"",""coordinates"":[]}"
3789,37.19668922566267,-0.41104987403222254,-0.13286368660157907,0.5898907191107462,0.0,0.0,0.3045515394912986,0.014725568942436415,0.33935742971887556,0.34136546184738964,0.0,13.102698554584574,79.91916078430148,"{""type"":""MultiPoint"",""coordinates"":[]}"
3790,28.320388981280168,0.1289965811552024,-0.004232202441161783,-0.043681465950481384,0.0,0.0,0.0,0.0,0.0,0.0,1.0,13.04284213283636,80.3461092054404,"{""type"":""MultiPoint"",""coordinates"":[]}"
3791,42.97294856000002,-0.372797738264329,0.19780854143860704,0.08798667313455438,0.0,1.0,0.0,0.0,0.0,0.0,0.0,13.092938997384021,80.2810594619907,"{""type"":""MultiPoint"",""coordinates"":[]}"
3792,43.14010601428573,-0.5443558374513939,0.09081501324948865,0.38778965428940987,0.0,0.0,0.0,0.7585513078470824,0.14151576123407106,0.0999329309188464,0.0,12.635745488364314,79.98454044760678,"{""type"":""MultiPoint"",""coordinates"":[]}"
3793,37.69675436502682,-0.3943415103656115,-0.14015791753701207,0.5482698657280146,0.0,0.0,0.05026809651474531,0.0,0.05026809651474531,0.8994638069705094,0.0,12.830085111909433,80.0010727489407,"{""type"":""MultiPoint"",""coordinates"":[]}"
3794,36.83850457377855,-0.4917098337430476,-0.040157500790172315,0.5478582767193485,0.0,0.0,0.0,0.0,0.001342281879194631,0.9986577181208054,0.0,12.843585457221524,80.09937090447528,"{""type"":""MultiPoint"",""coordinates"":[]}"
3795,42.02079891903617,-0.3348538630739159,0.027647286994123756,0.2864945975059022,0.0,0.7971887550200801,0.0,0.0,0.0,0.20281124497991965,0.0,13.12206770508693,80.14990803113002,"{""type"":""MultiPoint"",""coordinates"":[]}"
3796,43.094197077012744,-0.46804925716103474,0.11956890611724383,0.2412110555119914,0.0,0.0,0.0,0.0,0.0,1.0,0.0,12.784189763689074,80.19617996762018,"{""type"":""MultiPoint"",""coordinates"":[]}"
3797,40.355677392585406,-0.5590787016305009,0.08372385000296179,0.40723737881584454,0.0,0.0,0.0,0.5043536503683858,0.0,0.49564634963161414,0.0,12.912244915523903,80.02834721861282,"{""type"":""MultiPoint"",""coordinates"":[]}"
3798,44.71139112792757,-0.33983756926358094,-0.00352944547145051,0.3338366754493477,0.0,1.0,0.0,0.0,0.0,0.0,0.0,12.945703969516654,80.1209107909808,"{""type"":""MultiPoint"",""coordinates"":[]}"
3799,44.816757153581506,-0.5504418478396501,0.14500200067653204,0.34473367605599514,0.0,0.0,0.0,0.26291079812206575,0.7370892018779345,0.0,0.0,13.014481393375828,79.95627322839907,"{""type"":""MultiPoint"",""coordinates"":[]}"
3800,35.525504787967826,-0.5695404818218858,-0.11776786030866854,0.7428561304284012,0.0,0.0,0.0,0.0,0.0,1.0,0.0,12.731260283296145,80.04183966352595,"{""type"":""MultiPoint"",""coordinates"":[]}"
3801,32.79298463138836,0.24841407919995667,-0.1277440596998091,0.06070581219726075,0.0,0.0,0.0,0.0,0.0,0.0,0.0,12.895354517038403,80.15068339559676,"{""type"":""MultiPoint"",""coordinates"":[]}"
3802,42.888346455938354,-0.22976730572197157,0.09182646607959412,0.09956763134240214,0.0,1.0,0.0,0.0,0.0,0.0,0.0,12.927909596250478,80.23151519922449,"{""type"":""MultiPoint"",""coordinates"":[]}"
3803,43.26667430391829,-0.5200176584988847,0.07227020082992203,0.37285243537665913,0.0,0.0,0.697253851306095,0.24581379772270595,0.0,0.05693235097119892,0.0,12.645329845622065,80.07538288125716,"{""type"":""MultiPoint"",""coordinates"":[]}"
3804,28.41817500635634,0.17567683729257744,-0.013616869788936255,-0.053401320916906095,0.0,0.0,0.0,0.0,0.0,0.0,1.0,12.939768822757483,80.3058711075283,"{""type"":""MultiPoint"",""coordinates"":[]}"
3805,29.02434025915381,0.09938514284453792,0.02564849467983937,-0.04518888641323851,0.0,0.0,0.0,0.0,0.0,0.0,1.0,12.611083867997719,80.32163643898753,"{""type"":""MultiPoint"",""coordinates"":[]}"
3806,39.42251851788592,-0.5201687874625347,0.04709304038378821,0.41077576894244866,0.0,0.0,0.28590604026845634,0.0,0.0,0.7140939597315435,0.0,12.6933241687257,80.02987888830052,"{""type"":""MultiPoint"",""coordinates"":[]}"
3807,38.302242964114114,-0.47096496016825845,-0.08390685437088996,0.5844994397691661,0.0,0.0,0.022818791946308727,0.0,0.0,0.9771812080536914,0.0,12.734843761758908,80.16177393594494,"{""type"":""MultiPoint"",""coordinates"":[]}"
3808,32.44893719169015,0.32682862404226287,0.049434191811648064,-0.2520833380024564,0.0,0.0,0.0,0.0,0.6498993963782697,0.0,0.35010060362173034,13.031151914805292,79.97534755434023,"{""type"":""MultiPoint"",""coordinates"":[]}"
3809,38.483813033378055,-0.5450169757533493,-0.044962819512213904,0.6084257635368235,0.0,0.0,0.36193029490616624,0.0,0.0,0.6380697050938338,0.0,12.800494555036995,80.03560285147728,"{""type"":""MultiPoint"",""coordinates"":[]}"
3810,36.232510273536924,-0.37459054688957444,-0.31820433018454763,0.7007841407524023,0.0,0.0,1.0,0.0,0.0,0.0,0.0,12.701988408511092,79.91135107612683,"{""type"":""MultiPoint"",""coordinates"":[]}"
3811,37.99922961559279,-0.3277924421966755,-0.1108685729604388,0.413302188083306,0.0,0.8526456798392499,0.0,0.0,0.0,0.14735432016075017,0.0,12.995773737767903,80.26637517008866,"{""type"":""MultiPoint"",""coordinates"":[]}"
3812,44.03535561922255,-0.32614606112297556,0.16551755535224466,0.10603577002720792,0.0,1.0,0.0,0.0,0.0,0.0,0.0,12.974241320539427,80.25176998117196,"{""type"":""MultiPoint"",""coordinates"":[]}"
3813,44.66194603762735,-0.5258472601570297,0.0362401295061908,0.42132600029750655,0.0,0.05630026809651474,0.0,0.3947721179624664,0.0,0.5489276139410186,0.0,12.69360110369342,79.99877344919067,"{""type"":""MultiPoint"",""coordinates"":[]}"
3814,28.646119185495987,0.20686348677341568,-0.011709693103961154,-0.058006959791346346,0.0,0.0,0.0,0.0,0.0,0.0,1.0,12.91464924937946,80.27393190531801,"{""type"":""MultiPoint"",""coordinates"":[]}"
3815,37.61374192915495,-0.5351566970127297,-0.001041500256332534,0.5263037908715554,0.0,0.0,0.0,0.0,0.5700871898054998,0.4299128101945004,0.0,12.738392391887002,80.07520426749576,"{""type"":""MultiPoint"",""coordinates"":[]}"
3816,28.650137420804324,0.13618815105473062,0.02490738447715591,-0.06263398601666915,0.0,0.0,0.0,0.0,0.0,0.0,1.0,12.766826531944362,80.31467556386158,"{""type"":""MultiPoint"",""coordinates"":[]}"
3817,42.213579596217315,-0.5315167616509574,0.10606268953521279,0.35320075002372264,0.0,0.0,0.0,1.0,0.0,0.0,0.0,12.8100373149412,80.17909417758338,"{""type"":""MultiPoint"",""coordinates"":[]}"
3818,40.29725785734409,-0.3887213710112137,0.0578956942556302,0.2887001273250142,0.0,0.45674044265593566,0.0,0.1710261569416499,0.0,0.3722334004024145,0.0,12.677353799805518,79.9842329454684,"{""type"":""MultiPoint"",""coordinates"":[]}"
3819,41.000445948733265,-0.29111224381629397,0.04136453665963806,0.2268291506144315,0.0,1.0,0.0,0.0,0.0,0.0,0.0,12.94087558506,80.23415250826208,"{""type"":""MultiPoint"",""coordinates"":[]}"
3820,28.570849237280655,0.18444786705394828,-0.00839420156591883,-0.05535734029418143,0.0,0.0,0.0,0.0,0.0,0.0,1.0,12.783465577655136,80.2890583315307,"{""type"":""MultiPoint"",""coordinates"":[]}"
3821,41.862383182327775,-0.33344769960711784,0.06819173037313553,0.20603281514863583,0.0,1.0,0.0,0.0,0.0,0.0,0.0,13.123782187222382,80.12491681867154,"{""type"":""MultiPoint"",""coordinates"":[]}"
3822,38.777232921084355,-0.553937276507741,-0.10242012195449801,0.6224882719845767,0.0,0.0,0.3654618473895583,0.0,0.0,0.6345381526104419,0.0,13.117314480711082,79.9538651005035,"{""type"":""MultiPoint"",""coordinates"":[]}"
3823,29.667692512935666,0.2780001415420613,0.11251360362507848,-0.17999062160960352,0.0,0.0,0.0,0.0,0.0,0.0,1.0,12.96533385125212,80.26815872110001,"{""type"":""MultiPoint"",""coordinates"":[]}"
3824,42.17266780363332,-0.43290659578599877,0.03976327012552363,0.3660854340356281,0.0,0.6521155137676292,0.0,0.0,0.0,0.34788448623237067,0.0,12.786333665416766,80.25223705115775,"{""type"":""MultiPoint"",""coordinates"":[]}"
3825,32.84309267781211,0.2137175853041693,0.07341103316536528,-0.14044411313484254,0.0,0.0,0.0,0.04697986577181209,0.0,0.008053691275167786,0.7832214765100671,12.641621748760876,80.05917046725129,"{""type"":""MultiPoint"",""coordinates"":[]}"
3826,42.17623663873413,-0.5345184364174675,-0.07571565403562504,0.6030812296599367,0.0,0.0,0.0,0.24581379772270606,0.0,0.754186202277294,0.0,12.736031032340893,80.20324765581321,"{""type"":""MultiPoint"",""coordinates"":[]}"
3827,37.87143444129766,-0.507232640082472,0.014449549038261601,0.44408341382159117,0.0,0.0,0.0,0.2160535117056856,0.0,0.7839464882943142,0.0,13.15257030730589,80.0947284886239,"{""type"":""MultiPoint"",""coordinates"":[]}"
3828,42.38116007084566,-0.41474287916142055,0.07707053931424591,0.27025397314498184,0.0,0.5939597315436242,0.0,0.2503355704697987,0.026845637583892617,0.12885906040268458,0.0,12.740940326309033,79.99094069491036,"{""type"":""MultiPoint"",""coordinates"":[]}"
3829,28.679991386628647,0.17767299814328738,-0.018816066532759895,-0.04897927392479019,0.0,0.0,0.0,0.0,0.0,0.0,1.0,12.655986519115125,80.31567840690238,"{""type"":""MultiPoint"",""coordinates"":[]}"
3830,42.241279750736794,-0.4491819936196185,0.05607046613903942,0.3576146565424715,0.0,0.20763563295378432,0.6282652377762894,0.16409912926992634,0.0,0.0,0.0,13.093390731782558,80.00617269253068,"{""type"":""MultiPoint"",""coordinates"":[]}"
3831,34.890411036648814,-0.4497047025986692,-0.23616981896990236,0.6151870988803523,0.0,0.0,1.0,0.0,0.0,0.0,0.0,12.625605304610104,80.10167557019848,"{""type"":""MultiPoint"",""coordinates"":[]}"
3832,41.74738207088534,-0.3147531019776223,0.030964661099841303,0.25118583998496347,0.0,1.0,0.0,0.0,0.0,0.0,0.0,12.977763709027396,80.20039810013056,"{""type"":""MultiPoint"",""coordinates"":[]}"
3833,41.44453312589264,-0.5140468529915664,0.028040763902241705,0.43934926152100057,0.0,0.0,0.0,0.0,0.0,1.0,0.0,12.6289406543612,80.08839055886524,"{""type"":""MultiPoint"",""coordinates"":[]}"
3834,28.638831838565697,0.1788857100343893,-0.021238740048111167,-0.055472029366847544,0.0,0.0,0.0,0.0,0.0,0.0,1.0,12.86263857631906,80.3170533656028,"{""type"":""MultiPoint"",""coordinates"":[]}"
3835,28.761985923000687,0.2396811379408845,-0.024112041858497066,-0.062419832647482104,0.0,0.0,0.0,0.0,0.0,0.0,1.0,12.976938777237079,80.27700037253106,"{""type"":""MultiPoint"",""coordinates"":[]}"
3836,39.36755975012049,-0.5200987817687689,0.055409206069816,0.45388044723918636,0.0,0.0,0.0,0.012048192771084338,0.7958500669344044,0.19210174029451138,0.0,12.864396586331905,80.1301481738762,"{""type"":""MultiPoint"",""coordinates"":[]}"
3837,40.80915939178286,-0.4555532761920304,-0.021065245120237216,0.43964785024598885,0.0,0.0,1.0,0.0,0.0,0.0,0.0,12.754795340819566,80.14183801147274,"{""type"":""MultiPoint"",""coordinates"":[]}"
3838,29.457378801750526,0.32194496636335473,-0.008502001022287493,-0.11466213046114794,0.0,0.0,0.0,0.0,0.0,0.0,1.0,12.724442884115021,80.24308932324061,"{""type"":""MultiPoint"",""coordinates"":[]}"
3839,41.523236918619304,-0.5668530108189834,0.13113385117358678,0.4137063475240171,0.0,0.0,0.1394101876675603,0.7265415549597855,0.13404825737265413,0.0,0.0,12.747385864313213,80.08602641952403,"{""type"":""MultiPoint"",""coordinates"":[]}"
3840,28.821250681031504,0.14460853151962336,-0.008669421592035615,-0.0445355842535371,0.0,0.0,0.0,0.0,0.0,0.0,1.0,12.866514318117009,80.34264935194689,"{""type"":""MultiPoint"",""coordinates"":[]}"
3841,40.979724775207785,-0.3586109986498567,0.04820778131904244,0.2536652975241239,0.0,0.2741286863270777,0.2875335120643431,0.2794906166219839,0.1300268096514745,0.028820375335120642,0.0,12.937525641958047,79.90777835950486,"{""type"":""MultiPoint"",""coordinates"":[]}"
3842,31.132332460688982,0.3743072745393651,-0.0850725834275178,-0.1721724541138347,0.0,0.0,0.0,0.0,0.0,0.0,1.0,13.16301399416949,80.18959505073919,"{""type"":""MultiPoint"",""coordinates"":[]}"
3843,43.016914017122765,-0.5944390448450959,0.14562381465150523,0.3940455271288408,0.0,0.0,0.0,0.9490274983232728,0.0,0.050972501676727025,0.0,12.604168899149855,80.08421854774132,"{""type"":""MultiPoint"",""coordinates"":[]}"
3844,44.52542424768613,-0.40646642284363194,0.14423084768591032,0.19505557947025878,0.0,0.10060362173038229,0.10596914822266934,0.7934272300469482,0.0,0.0,0.0,12.97089040434858,80.03917005701308,"{""type"":""MultiPoint"",""coordinates"":[]}"
3845,31.874862439598672,0.381945314798601,0.033251821144465635,-0.25178633061876593,0.0,0.0,0.06220735785953178,0.0,0.0,0.0,0.0026755852842809363,13.023415545350408,80.05568013396326,"{""type"":""MultiPoint"",""coordinates"":[]}"
3846,41.14684027780981,-0.5314045010538405,0.08456584190588132,0.4345508361800797,0.0,0.0,1.0,0.0,0.0,0.0,0.0,13.151062074722768,80.12401946781604,"{""type"":""MultiPoint"",""coordinates"":[]}"
3847,28.674773776024104,0.2252437302828026,-0.02957084601245762,-0.06182491744462759,0.0,0.0,0.0,0.0,0.0,0.0,1.0,12.911238536479152,80.26790204182397,"{""type"":""MultiPoint"",""coordinates"":[]}"
3848,40.2818813522133,-0.4747250258980451,0.029946737510290318,0.4129200161249827,0.0,0.29309188464118047,0.5264922870556673,0.18041582830315225,0.0,0.0,0.0,12.635426536444028,80.12700985990215,"{""type"":""MultiPoint"",""coordinates"":[]}"
3849,28.632293615321736,0.16401373109905365,0.030382347547276332,-0.06719182326730261,0.0,0.0,0.0,0.0,0.0,0.0,1.0,12.780782337502043,80.28632046446991,"{""type"":""MultiPoint"",""coordinates"":[]}"
3850,43.28636824133382,-0.5559774893032517,0.11078209459620737,0.44190937196900776,0.0,0.0,0.0,0.35455764075067026,0.0,0.6454423592493299,0.0,12.787653108503932,80.16566219106619,"{""type"":""MultiPoint"",""coordinates"":[]}"
3851,28.771690978692167,0.07470784285875744,0.05288934421297753,-0.057556807998526395,0.0,0.0,0.0,0.0,0.0,0.0,1.0,12.685542551928174,80.34453955947566,"{""type"":""MultiPoint"",""coordinates"":[]}"
3852,37.275961629224106,-0.41513582448645964,-0.06833920706178294,0.49990393667434124,0.0,0.0,0.8294314381270902,0.0,0.0,0.1705685618729097,0.0,13.16979959568207,79.93042337293758,"{""type"":""MultiPoint"",""coordinates"":[]}"
3853,28.683854178554224,0.2297603304188001,-0.04004394580502508,-0.04843195330609637,0.0,0.0,0.0,0.0,0.0,0.0,1.0,12.914200225563256,80.27111982853192,"{""type"":""MultiPoint"",""coordinates"":[]}"
3854,28.40838466909518,0.17282285625583949,-0.026775539596414363,-0.03263931482892468,0.0,0.0,0.0,0.0,0.0,0.0,1.0,12.918070703638877,80.32602419001023,"{""type"":""MultiPoint"",""coordinates"":[]}"
3855,37.88240151056341,-0.26387149983163727,-0.08969225938336209,0.3489114084262939,0.0,0.7189805499664655,0.0,0.1710261569416499,0.0,0.10999329309188466,0.0,12.734544872889446,80.00894276973571,"{""type"":""MultiPoint"",""coordinates"":[]}"
3856,34.58456927217304,-0.13213712427756957,0.054466455022411174,0.14015687288253578,0.0,0.0,0.0,0.046948356807511735,0.0,0.03353454057679409,0.9195171026156942,12.81608842935975,80.19111780765151,"{""type"":""MultiPoint"",""coordinates"":[]}"
3857,35.82285926349868,-0.44525269954050434,-0.19852476943713895,0.6527189304040883,0.0,0.002680965147453083,0.0,0.0,0.0,0.9973190348525469,0.0,13.055778325012025,80.03239012213528,"{""type"":""MultiPoint"",""coordinates"":[]}"
3858,38.66459051464791,-0.4332004796275262,-0.11266974951779243,0.532298880874278,0.0,0.0,0.00335345405767941,0.0,0.0,0.9966465459423206,0.0,13.164753934063365,80.00494485495953,"{""type"":""MultiPoint"",""coordinates"":[]}"
3859,42.460441682156734,-0.43986918095846905,0.10628195888615537,0.2932583658195077,0.0,0.405224380442063,0.4320160750167448,0.0,0.0,0.16275954454119226,0.0,12.978348290331184,80.20309802609769,"{""type"":""MultiPoint"",""coordinates"":[]}"
3860,49.83089260058985,-0.38546880185793453,0.21305133833554718,0.1989788804970954,0.0,1.0,0.0,0.0,0.0,0.0,0.0,12.86311591336314,79.9345493834199,"{""type"":""MultiPoint"",""coordinates"":[]}"
3861,39.43614511048929,-0.542900293088186,-0.005727479225682553,0.5470837116106156,0.0,0.0,0.46983914209115285,0.17091152815013405,0.0,0.3592493297587131,0.0,13.073699905200373,80.0265890684863,"{""type"":""MultiPoint"",""coordinates"":[]}"
3862,36.858525536389834,-0.6201362215544654,0.03684434303359602,0.633822708550566,0.0,0.0,0.0,0.0,0.0,1.0,0.0,12.728856237169103,79.98088690277359,"{""type"":""MultiPoint"",""coordinates"":[]}"
3863,28.701735915791954,0.11457500658606405,0.035002579513905764,-0.04191419194119359,0.0,0.0,0.0,0.0,0.0,0.0,1.0,12.740057224643898,80.29288500162137,"{""type"":""MultiPoint"",""coordinates"":[]}"
3864,39.331697008993984,-0.5383443287111196,-0.03234589935187228,0.5773312004227567,0.0,0.0,0.0,0.0,0.38832997987927564,0.6116700201207245,0.0,12.808307294865516,80.09476191438206,"{""type"":""MultiPoint"",""coordinates"":[]}"
3865,41.91939994686749,-0.2888435005878968,0.1258871655712907,0.10498022282685514,0.0,1.0,0.0,0.0,0.0,0.0,0.0,12.994979496229604,80.2711301347719,"{""type"":""MultiPoint"",""coordinates"":[]}"
3866,36.468659599739155,-0.19381549764884048,-0.025239365522397153,0.2750149645937348,0.0,0.0,0.0,0.17056856187290972,0.0,0.8294314381270902,0.0,13.184874179211716,80.24249581673268,"{""type"":""MultiPoint"",""coordinates"":[]}"
3867,39.967949639811984,-0.6223260591339779,0.21894008685435742,0.445133475598322,0.0,0.0,0.0,1.0,0.0,0.0,0.0,12.651030176225735,79.91003951954194,"{""type"":""MultiPoint"",""coordinates"":[]}"
3868,34.08767918878688,0.12286773115528257,0.07664255321280003,-0.11577909578300649,0.0,0.0,0.0,0.009383378016085792,0.7319034852546917,0.14343163538873996,0.1152815013404826,12.881080533021398,79.95571481928275,"{""type"":""MultiPoint"",""coordinates"":[]}"
3869,41.01532564945785,-0.36789377300864906,0.04253742281289987,0.2985849556172907,0.0,0.7161981258366801,0.0,0.17068273092369482,0.0,0.11311914323962519,0.0,12.956342947475983,80.08980116227048,"{""type"":""MultiPoint"",""coordinates"":[]}"
3870,28.88607172475555,0.16261380973472722,0.024248052255358876,-0.07288275948300271,0.0,0.0,0.0,0.0,0.0,0.0,1.0,12.715938753561215,80.31827459716273,"{""type"":""MultiPoint"",""coordinates"":[]}"
3871,35.827959570456706,-0.5892166914350084,-0.004115957725165334,0.603021440748516,0.0,0.0,0.0,0.0,0.0,1.0,0.0,12.650594403882875,79.97570787437742,"{""type"":""MultiPoint"",""coordinates"":[]}"
3872,28.64608779603764,0.20649569754846717,-0.0023506885083934234,-0.06581173467238177,0.0,0.0,0.0,0.0,0.0,0.0,1.0,12.643758454101414,80.25485003095903,"{""type"":""MultiPoint"",""coordinates"":[]}"
3873,28.56252511087746,0.15395347917435465,0.029985690435455625,-0.06925100653124308,0.0,0.0,0.0,0.0,0.0,0.0,1.0,12.828116310915389,80.30732002400462,"{""type"":""MultiPoint"",""coordinates"":[]}"
3874,43.53957486193182,-0.35008933721911956,0.1237579529544713,0.190918042024207,0.0,1.0,0.0,0.0,0.0,0.0,0.0,13.184235371943279,80.11839153921831,"{""type"":""MultiPoint"",""coordinates"":[]}"
3875,42.99102834738638,-0.3952957325856319,-0.013559132735260477,0.3530301004136901,0.0,0.0,0.0,0.0,0.0,1.0,0.0,13.099852669082674,80.11521633931636,"{""type"":""MultiPoint"",""coordinates"":[]}"
3876,39.19946708839038,-0.5473402690769794,-0.14479679748599542,0.7435054806330512,0.0,0.0,0.0,0.0,0.0,1.0,0.0,12.779459222911722,80.11745468431666,"{""type"":""MultiPoint"",""coordinates"":[]}"
3877,40.314224597627366,-0.5430868786239306,-0.06457933848614826,0.597127971009908,0.0,0.0,0.0,0.0,0.0,1.0,0.0,13.095934125431103,80.27066218297571,"{""type"":""MultiPoint"",""coordinates"":[]}"
3878,41.1324642184729,-0.3832512332745663,0.16748647453683882,0.14235849882062873,0.7910247823174816,0.0,0.0,0.20897521768251848,0.0,0.0,0.0,13.172502724425591,80.14256168711078,"{""type"":""MultiPoint"",""coordinates"":[]}"
3879,44.80121113675841,-0.5487086989536791,0.12341040617573483,0.37751824675205436,0.0,0.0,0.5187919463087248,0.4812080536912752,0.0,0.0,0.0,12.84092379311354,80.00019284648155,"{""type"":""MultiPoint"",""coordinates"":[]}"
3880,41.821331426458755,-0.44561878740254124,0.04907364263757548,0.3641421353069093,0.0,0.1187122736418511,0.5935613682092555,0.0,0.0,0.28772635814889336,0.0,12.76783126890229,80.01396149975686,"{""type"":""MultiPoint"",""coordinates"":[]}"
3881,36.53663923631794,-0.3134386923796244,-0.10240455992161084,0.46736675042003395,0.0,0.0,0.431924882629108,0.4587525150905433,0.06639839034205232,0.042924211938296444,0.0,12.959702234281284,79.93480455021388,"{""type"":""MultiPoint"",""coordinates"":[]}"
3882,41.30771832991953,-0.37605872775328886,-0.08279828381740646,0.4096821371141165,0.0,0.7994634473507712,0.0,0.0,0.0,0.20053655264922865,0.0,13.063694458037585,80.2250761468928,"{""type"":""MultiPoint"",""coordinates"":[]}"
3883,42.043913389537536,-0.4782346683876319,0.06530407126165957,0.367605181134131,0.0,0.1769436997319035,0.8002680965147452,0.0,0.0,0.022788203753351204,0.0,13.004420611209332,80.11368316226506,"{""type"":""MultiPoint"",""coordinates"":[]}"
3884,35.418986524296265,-0.4154761599216585,-0.20893886304989648,0.6372140236910374,0.0,0.0,1.0,0.0,0.0,0.0,0.0,12.934735243149191,79.97076469004864,"{""type"":""MultiPoint"",""coordinates"":[]}"
3885,40.852579624216865,-0.19920188669042452,0.06939600883850199,0.04325487115104967,0.0,1.0,0.0,0.0,0.0,0.0,0.0,13.093498417973175,80.30259846799841,"{""type"":""MultiPoint"",""coordinates"":[]}"
3886,41.925385335016756,-0.45107920631681087,0.06798456765825431,0.314362754701853,0.0,0.0,0.7052913596784997,0.004018754186202277,0.0,0.290689886135298,0.0,13.070791093439215,80.14665908564888,"{""type"":""MultiPoint"",""coordinates"":[]}"
3887,37.55721873251844,-0.3630469472401904,-0.20834657033203888,0.5208239358425802,0.0,0.0,1.0,0.0,0.0,0.0,0.0,12.81934432426211,79.97598178632634,"{""type"":""MultiPoint"",""coordinates"":[]}"
3888,28.772675579356157,0.12399708595750296,0.023952768670923025,-0.03200828521893873,0.0,0.0,0.0,0.0,0.0,0.0,1.0,12.67991145296252,80.318346815887,"{""type"":""MultiPoint"",""coordinates"":[]}"
3889,42.28333838132799,-0.44815222136050276,0.04017437219263492,0.3703870734708223,0.0,0.7572099262240108,0.0,0.0,0.0,0.2427900737759893,0.0,12.745589495710057,79.98501919572146,"{""type"":""MultiPoint"",""coordinates"":[]}"
3890,39.411828829618244,-0.40998718368588066,0.01989883265715047,0.36039970168628016,0.0,1.0,0.0,0.0,0.0,0.0,0.0,13.120680407563468,80.00094279940416,"{""type"":""MultiPoint"",""coordinates"":[]}"
3891,41.697550398307605,-0.5626763514297608,0.06273411123303825,0.5035453546568205,0.0,0.0,0.19879113498992615,0.8012088650100738,0.0,0.0,0.0,12.633349446455123,79.95857860117782,"{""type"":""MultiPoint"",""coordinates"":[]}"
3892,45.04278097515743,-0.5159219340693487,0.18076413427324314,0.2484243160817381,0.0,0.1433355659745479,0.7782987273945078,0.07836570663094442,0.0,0.0,0.0,13.015932874505113,79.91530362106316,"{""type"":""MultiPoint"",""coordinates"":[]}"
3893,36.97282826715819,-0.5238721636460749,-0.16435165898526993,0.6605300173785582,0.0,6.702412868632707E-4,0.0,0.0,0.0,0.9993297587131368,0.0,12.987398969374611,80.26522847397095,"{""type"":""MultiPoint"",""coordinates"":[]}"
3894,43.366024298651936,-0.3629666245401445,0.0308464734262002,0.2832367347487171,0.0,0.29242119382964454,0.7075788061703556,0.0,0.0,0.0,0.0,12.91855377986896,80.19347946513128,"{""type"":""MultiPoint"",""coordinates"":[]}"
3895,39.73072963897387,-0.4829494577899051,-0.012650356704670657,0.49358313738157805,0.0,0.05969148222669349,0.0,0.0,0.0,0.9403085177733066,0.0,12.982331569588995,80.0953920475457,"{""type"":""MultiPoint"",""coordinates"":[]}"
3896,36.174825428410486,-0.5044788852158667,-0.1771934984509355,0.7405724267131631,0.0,0.0,0.0,0.0,0.0,1.0,0.0,12.865877944109158,80.09750942137278,"{""type"":""MultiPoint"",""coordinates"":[]}"
3897,39.33104786818366,-0.565334484602495,0.04595019270963902,0.5109930131416524,0.0,0.0,0.0,0.6836461126005361,0.0,0.3163538873994638,0.0,12.747768328145105,80.01951220939891,"{""type"":""MultiPoint"",""coordinates"":[]}"
3898,33.25322412916222,0.2641234406549378,0.16583895266507015,-0.2874624709874868,0.0,0.0,0.0,0.08378016085790886,0.0,0.0,0.9162198391420912,12.947421778908067,80.04030293720287,"{""type"":""MultiPoint"",""coordinates"":[]}"
3899,34.227386166818505,-0.40523229702227764,-0.273683040111866,0.6940437263386056,0.0,0.0,1.0,0.0,0.0,0.0,0.0,13.190986225103394,79.98487474997198,"{""type"":""MultiPoint"",""coordinates"":[]}"
3900,36.98007942097318,-0.2901497822435693,-0.07295761560778342,0.4320398111284351,0.0,0.0,0.32214765100671144,0.4033557046979866,0.0,0.274496644295302,0.0,12.706976397578432,80.13301882805199,"{""type"":""MultiPoint"",""coordinates"":[]}"
3901,40.34534052702217,-0.49990492801262,0.04569562522396423,0.44562758565153254,0.0,0.09657947686116701,0.45875251509054327,0.0,0.36887994634473514,0.07578806170355466,0.0,12.889897425907494,79.94709841864737,"{""type"":""MultiPoint"",""coordinates"":[]}"
3902,41.58880832036146,-0.37600172826021505,0.009002715133405432,0.3097218111280651,0.0,0.8714859437751006,0.0,0.0,0.0,0.12851405622489961,0.0,13.108337902143596,80.2395572500387,"{""type"":""MultiPoint"",""coordinates"":[]}"
3903,44.0043456532215,-0.25139690184371255,0.06883495265003191,0.1354606471900937,0.0,0.9020134228187919,0.0,0.0,0.0,0.09798657718120805,0.0,12.948838207477614,80.18701152670933,"{""type"":""MultiPoint"",""coordinates"":[]}"
3904,39.9572542822609,-0.47812751495948363,-0.0558264970751857,0.5251649092557532,0.0,0.5705685618729098,0.0,0.0,0.0,0.4294314381270904,0.0,13.178752174059,79.97279688735937,"{""type"":""MultiPoint"",""coordinates"":[]}"
3905,28.955629423557077,0.3142289781492043,-0.040292850375487556,-0.08588279408549034,0.0,0.0,0.0,0.0,0.0,0.0,1.0,12.638344999114487,80.22260226981916,"{""type"":""MultiPoint"",""coordinates"":[]}"
3906,41.86028975511364,-0.4844003040440093,0.10975014221051363,0.23252114616976058,0.0,0.0,0.0320855614973262,0.44184491978609625,0.0,0.5260695187165775,0.0,13.186864286735556,80.10745231579259,"{""type"":""MultiPoint"",""coordinates"":[]}"
3907,42.40920061138555,-0.3712123602802715,0.06972450651067962,0.2573218624805367,0.0,0.8701472556894244,0.0,0.01673360107095047,0.0,0.11311914323962516,0.0,13.02882729224774,80.12636766531702,"{""type"":""MultiPoint"",""coordinates"":[]}"
3908,40.78731261954334,-0.3187917524505084,-0.010100226654707096,0.30124076626972246,0.0,0.9147078576225655,0.07253190060443251,0.0,0.0,0.012760241773002015,0.0,12.814968737448801,79.96067922719325,"{""type"":""MultiPoint"",""coordinates"":[]}"
3909,41.34214246077698,-0.3343299987089166,0.14037370744837896,0.11413158324862968,0.27729403884795717,0.7227059611520429,0.0,0.0,0.0,0.0,0.0,12.970718152169459,80.25078434729699,"{""type"":""MultiPoint"",""coordinates"":[]}"
3910,28.85724005338029,0.12830663697619354,0.01997427579436373,-0.042887502125715696,0.0,0.0,0.0,0.0,0.0,0.0,1.0,12.72787785355839,80.31046108591514,"{""type"":""MultiPoint"",""coordinates"":[]}"
3911,45.97964772918233,-0.4956429955109188,0.08499377917264475,0.374478079749881,0.0,0.27211796246648795,0.6621983914209115,0.06568364611260054,0.0,0.0,0.0,12.840618509835746,79.91075928509227,"{""type"":""MultiPoint"",""coordinates"":[]}"
3912,42.03939926851109,-0.43965849477927105,0.0815903925591851,0.3075329348280698,0.0,0.0,0.29309188464118047,0.7069081153588196,0.0,0.0,0.0,12.802183391997067,80.23256977133939,"{""type"":""MultiPoint"",""coordinates"":[]}"
3913,28.321125445184215,0.1706152082081086,-0.008894719837082503,-0.050856134526935395,0.0,0.0,0.0,0.0,0.0,0.0,1.0,12.971513593955773,80.3047206318809,"{""type"":""MultiPoint"",""coordinates"":[]}"
3914,39.79962986970532,-0.5309922110120735,0.09699219794888697,0.39805682875166704,0.0,0.0,1.0,0.0,0.0,0.0,0.0,13.062055214350966,80.10349911627932,"{""type"":""MultiPoint"",""coordinates"":[]}"
3915,39.38969829648796,-0.3985832997492654,-0.14224830158960933,0.5234620274642191,0.0,0.8063002680965147,0.03552278820375335,0.0824396782841823,0.0,0.07573726541554959,0.0,12.898770268685166,80.24097796628274,"{""type"":""MultiPoint"",""coordinates"":[]}"
3916,40.502843414454134,-0.5061849907745612,0.06614038557106175,0.41506714290005114,0.0,0.0,0.3824514400535833,0.6175485599464166,0.0,0.0,0.0,12.838794700402826,80.02160073861573,"{""type"":""MultiPoint"",""coordinates"":[]}"
3917,42.01091691472839,-0.3288081362614777,0.047978804261860006,0.24439398661040262,0.0,0.7565392354124748,0.2334004024144869,0.010060362173038228,0.0,0.0,0.0,12.848096521494492,80.21144492094008,"{""type"":""MultiPoint"",""coordinates"":[]}"
3918,40.23184342083726,-0.45556338252492273,-0.1057012068323593,0.5578714067694716,0.0,0.0,0.6912257200267917,0.0,0.0,0.30877427997320833,0.0,13.09006919650428,80.15174140855478,"{""type"":""MultiPoint"",""coordinates"":[]}"
3919,35.37104283653925,-0.4158586926725517,-0.23117288638918396,0.6361148607333368,0.0,0.0,0.8289738430583501,0.0,0.0,0.1710261569416499,0.0,12.617234294138372,79.9842979155429,"{""type"":""MultiPoint"",""coordinates"":[]}"
3920,40.55075979663765,-0.42469548782896743,-0.016583062296746245,0.4174699283458276,0.0,0.27126590756865365,0.0,0.0,0.0,0.7287340924313462,0.0,13.08891191296958,80.10610300374532,"{""type"":""MultiPoint"",""coordinates"":[]}"
3921,28.567007516096584,0.19052760427553295,-0.002176300101482931,-0.06724559628704277,0.0,0.0,0.0,0.0,0.0,0.0,1.0,12.754575189540965,80.28577717133749,"{""type"":""MultiPoint"",""coordinates"":[]}"
3922,39.11278140403488,-0.4589065083070503,0.04551974713129809,0.40308295456780874,0.0,0.4235924932975872,0.0,0.0,0.0,0.576407506702413,0.0,12.990978818392069,80.08773062969556,"{""type"":""MultiPoint"",""coordinates"":[]}"
3923,38.44467147180724,-0.5187996962800141,-0.04014633724558684,0.5830987320343151,0.0,0.0,0.05488621151271754,0.0,0.0,0.9451137884872823,0.0,13.059967744655156,80.09721897896647,"{""type"":""MultiPoint"",""coordinates"":[]}"
3924,28.58108975136731,0.24843771769804654,-0.019878197359332946,-0.07523430219090915,0.0,0.0,0.0,0.0,0.0,0.0,1.0,13.122833544562875,80.31494389043546,"{""type"":""MultiPoint"",""coordinates"":[]}"
3925,28.91297372356138,0.20839973680084817,-0.029954432681305907,-0.04583861727591951,0.0,0.0,0.0,0.0,0.0,0.0,1.0,12.61592278305106,80.25093831371957,"{""type"":""MultiPoint"",""coordinates"":[]}"
3926,38.36569088979226,-0.5280367625834673,-0.12031996957205662,0.6817168146609401,0.0,0.0,0.0,0.0,0.0,1.0,0.0,13.02688735748136,80.0263443503459,"{""type"":""MultiPoint"",""coordinates"":[]}"
3927,40.923787456013436,-0.6198789730491756,0.18198114422078443,0.447957971928337,0.0,0.0,0.1785234899328859,0.821476510067114,0.0,0.0,0.0,12.800159627277463,79.90320521974495,"{""type"":""MultiPoint"",""coordinates"":[]}"
3928,38.47431274343625,-0.4697540755071092,-0.03860133183575503,0.5159696738986714,0.0,0.0,0.19463087248322145,0.0,0.16040268456375836,0.6449664429530201,0.0,12.771700789674682,79.93778117391933,"{""type"":""MultiPoint"",""coordinates"":[]}"
3929,28.981925571690166,0.29077698305704464,-0.0386645199861329,-0.07956422854962619,0.0,0.0,0.0,0.0,0.0,0.0,1.0,12.616449520628255,80.22205038360829,"{""type"":""MultiPoint"",""coordinates"":[]}"
3930,46.49723436623745,-0.6043629539647057,0.28285802629299267,0.28333489325086564,0.0,0.0,0.0,1.0,0.0,0.0,0.0,12.639725003238766,80.1848857630503,"{""type"":""MultiPoint"",""coordinates"":[]}"
3931,38.59957747069661,-0.3140331447873805,-0.022250174413861474,0.31936905187925363,0.0,0.5820495646349633,0.0,0.0,0.0,0.4179504353650369,0.0,13.140855731308609,80.15594212013131,"{""type"":""MultiPoint"",""coordinates"":[]}"
3932,36.919049401403655,-0.5696570444789871,0.1292887116461521,0.4041519387879259,0.0,0.0,0.0,0.0,0.3593015446608463,0.6406984553391538,0.0,12.679144916865356,80.03063958671721,"{""type"":""MultiPoint"",""coordinates"":[]}"
3933,42.520712941927734,-0.5817473359268388,0.10815731764449127,0.431899082157975,0.0,0.0,0.0,0.042168674698795185,0.30053547523427043,0.6572958500669345,0.0,13.032714150282402,79.93812831054782,"{""type"":""MultiPoint"",""coordinates"":[]}"
3934,40.91100262121905,-0.45953715041032583,0.18659001186961455,0.2830453084157169,0.0,0.8506363027461489,0.0,0.0,0.0,0.14936369725385132,0.0,13.13753354457538,80.1063370536496,"{""type"":""MultiPoint"",""coordinates"":[]}"
3935,28.353807658933622,0.10391844719005534,0.03446632711023945,-0.04407914686762556,0.0,0.0,0.0,0.0,0.0,0.0,1.0,12.887279061049885,80.32377487952519,"{""type"":""MultiPoint"",""coordinates"":[]}"
3936,41.49550827108435,-0.33971996240880437,-0.03150108833354564,0.32036302276600115,0.012717536813922355,0.7396251673360108,0.0,0.0,0.0,0.2476572958500669,0.0,13.182317573193108,80.27765948635484,"{""type"":""MultiPoint"",""coordinates"":[]}"
3937,32.60811464502346,0.2515736909868079,-0.3588850697409789,0.20373111244810493,0.0,0.0,0.0,1.0,0.0,0.0,0.0,12.930538531348528,79.94996848003777,"{""type"":""MultiPoint"",""coordinates"":[]}"
3938,38.07036320529768,-0.505047946762552,-0.09445935760604142,0.6144698067488178,0.0,0.0,0.5277591973244148,0.0,0.0,0.4722408026755854,0.0,13.110845682855928,80.05389357875242,"{""type"":""MultiPoint"",""coordinates"":[]}"
3939,37.984411836590624,-0.5174196439087884,-0.0827196129143148,0.621485683988865,0.0,0.0,0.0,0.0,0.0,1.0,0.0,12.900117000856808,80.11073512933166,"{""type"":""MultiPoint"",""coordinates"":[]}"
3940,39.73607865638742,-0.4205401758891121,-0.04593972267079077,0.4674398195723545,0.0,0.009383378016085792,0.9892761394101877,0.0013404825737265416,0.0,0.0,0.0,13.00719645493794,80.11524418020345,"{""type"":""MultiPoint"",""coordinates"":[]}"
3941,41.66293497012727,-0.5165705029452786,0.09325466739418185,0.4222368872138419,0.0,0.0,0.0,0.6865371734762225,0.31346282652377766,0.0,0.0,13.091623939720511,80.01421237174758,"{""type"":""MultiPoint"",""coordinates"":[]}"
3942,37.826832327168695,-0.4562828341720444,0.02709196354700946,0.40679083223266255,0.0,0.0,0.17603748326639893,0.8239625167336011,0.0,0.0,0.0,12.929881780548143,79.94366011704774,"{""type"":""MultiPoint"",""coordinates"":[]}"
3943,40.36215171312125,-0.3467949290031186,-0.06252561971462837,0.4087957234248385,0.0,0.0,0.4467515070328198,0.5532484929671803,0.0,0.0,0.0,12.863739240395674,80.19929231515167,"{""type"":""MultiPoint"",""coordinates"":[]}"
3944,28.473549818181226,0.16307242834065785,0.008531128880086928,-0.06493890546664392,0.0,0.0,0.0,0.0,0.0,0.0,1.0,12.680496581628518,80.33138843419641,"{""type"":""MultiPoint"",""coordinates"":[]}"
3945,41.31645250577467,-0.4016789333997204,0.015361220103786825,0.3592728099787576,0.0,0.6787391012743127,0.0033534540576794104,0.0,0.0,0.31790744466800813,0.0,12.769810788081061,79.99369450251173,"{""type"":""MultiPoint"",""coordinates"":[]}"
3946,32.01606249581491,0.3166688013896915,-0.24865012050551813,0.06858913998493603,0.0,0.0,0.0,0.18041582830315225,0.0,0.0,0.8195841716968478,12.756224244869351,80.08718015548168,"{""type"":""MultiPoint"",""coordinates"":[]}"
3947,41.67935128531064,-0.48369286036384473,0.013968287871332497,0.45371758021566444,0.0,0.11957247828991316,0.30995323981295925,0.0,0.17034068136272545,0.4001336005344021,0.0,13.128114253809292,79.97348933910084,"{""type"":""MultiPoint"",""coordinates"":[]}"
3948,40.54548180645485,-0.44668030512245116,-0.09668301866232194,0.5397388257401801,0.0,0.2809364548494983,0.1705685618729097,0.0,0.0,0.5484949832775918,0.0,13.192367477323144,80.19973362804345,"{""type"":""MultiPoint"",""coordinates"":[]}"
3949,31.890813954026864,0.5259833028156518,-0.32174590935227104,-0.056840901138593115,0.0,0.0,0.0,0.0,0.0,0.0,1.0,12.796072584269545,80.23498248435703,"{""type"":""MultiPoint"",""coordinates"":[]}"
3950,42.26968293759037,-0.3897474004649527,0.15900184309090948,0.1417688336999362,0.0,1.0,0.0,0.0,0.0,0.0,0.0,13.117871222678918,80.28756613627674,"{""type"":""MultiPoint"",""coordinates"":[]}"
3951,34.523624105833896,-0.415405624595603,-0.3178540809025631,0.7222839018350106,0.0,0.0,1.0,0.0,0.0,0.0,0.0,12.96488748459281,79.96736051951997,"{""type"":""MultiPoint"",""coordinates"":[]}"
3952,39.66897274466086,-0.5094115667209744,-0.10070634488806027,0.5976749114667336,0.0,0.0,0.0,0.0,0.0,1.0,0.0,12.675490824480953,79.97681962164127,"{""type"":""MultiPoint"",""coordinates"":[]}"
3953,28.24517624891568,0.1678341502428903,-0.01833730463822401,-0.046831113196933456,0.0,0.0,0.0,0.0,0.0,0.0,1.0,13.032821199089389,80.33810026164778,"{""type"":""MultiPoint"",""coordinates"":[]}"
3954,42.24297136295184,-0.3389984444244916,0.08189853750326018,0.20646824719378584,0.0,1.0,0.0,0.0,0.0,0.0,0.0,13.040816108982211,80.1589153101584,"{""type"":""MultiPoint"",""coordinates"":[]}"
3955,43.89215778364551,-0.32844297368805314,0.06916922504998063,0.16247810637119403,0.0,1.0,0.0,0.0,0.0,0.0,0.0,13.185871397081415,80.30075290960735,"{""type"":""MultiPoint"",""coordinates"":[]}"
3956,45.0379511466086,-0.616044608992317,0.23355405070754767,0.3433085738864743,0.0,0.0,0.06702412868632708,0.9329758713136729,0.0,0.0,0.0,12.808052598936118,79.92059034561855,"{""type"":""MultiPoint"",""coordinates"":[]}"
3957,28.690123784398942,0.14153628400717694,0.007142386901683765,-0.04828753224577462,0.0,0.0,0.0,0.0,0.0,0.0,1.0,12.684617405711927,80.33963432988054,"{""type"":""MultiPoint"",""coordinates"":[]}"
3958,41.57492634835462,-0.5548899232729039,0.04626663808764088,0.45845269294780255,0.0,0.0,0.0033579583613163196,0.9966420416386836,0.0,0.0,0.0,12.636772600262953,80.14426864995215,"{""type"":""MultiPoint"",""coordinates"":[]}"
3959,43.31078231656627,-0.28741032710005254,0.01210344076795437,0.2389893452734603,0.0,1.0,0.0,0.0,0.0,0.0,0.0,12.95819367297795,79.97738480496976,"{""type"":""MultiPoint"",""coordinates"":[]}"
3960,39.79735267638799,-0.3294160588595322,-0.05925009986966008,0.3743895577865438,0.0,0.5424749163879599,0.13846153846153847,0.14916387959866223,0.0,0.16989966555183947,0.0,13.074414986952915,80.0212288401014,"{""type"":""MultiPoint"",""coordinates"":[]}"
3961,42.943413919577786,-0.4871544816457775,0.09504487005606609,0.34742576854537915,0.0,0.0,1.0,0.0,0.0,0.0,0.0,12.861210827225834,80.04182821166273,"{""type"":""MultiPoint"",""coordinates"":[]}"
3962,37.2162765983813,-0.3021061848809993,0.03983786778459151,0.1999012369912444,0.0,0.991304347826087,0.0,0.006688963210702343,0.0,0.0020066889632107026,0.0,13.016068099256055,80.27067424188476,"{""type"":""MultiPoint"",""coordinates"":[]}"
3963,38.947078086927725,-0.4235979638108352,-0.11577586461973784,0.5675566179907997,0.0,0.0,0.0,0.0,0.0,1.0,0.0,13.152109607401309,80.28765684376759,"{""type"":""MultiPoint"",""coordinates"":[]}"
3964,33.68643405745639,0.6514485080883673,-0.5330842623949794,-0.04759741465555327,0.0,0.0,0.0,0.0,0.0,0.0,1.0,12.738100417830916,80.21878922964687,"{""type"":""MultiPoint"",""coordinates"":[]}"
3965,37.46042707661748,-0.5602528850691036,-0.05005159739279261,0.5960285518650433,0.0,0.0020134228187919465,0.0,0.0,0.0,0.9979865771812081,0.0,12.645049531046519,79.97310618186467,"{""type"":""MultiPoint"",""coordinates"":[]}"
3966,40.939178518873256,-0.42577408160648283,-0.011643302714470503,0.42943385871745776,0.0,0.4500335345405768,0.0,0.0,0.0,0.5499664654594233,0.0,12.8354559505814,80.20400739698664,"{""type"":""MultiPoint"",""coordinates"":[]}"
3967,34.641614918659535,0.46788930306188486,-0.517019936224987,0.22122618976102484,0.0,0.0,0.0,0.0,0.0,0.0,0.20710455764075067,12.760804901616618,80.22199502989851,"{""type"":""MultiPoint"",""coordinates"":[]}"
3968,41.553922368128795,-0.5046957160702964,-0.014194085227297029,0.4483056711478104,0.0,0.0,0.7900737759892689,0.0,0.0,0.20992622401073108,0.0,12.723696447674957,80.15317483551019,"{""type"":""MultiPoint"",""coordinates"":[]}"
3969,40.87454620601878,-0.42525130181974485,-0.06639828483565456,0.4637706714847784,0.0,0.5134048257372653,0.0,0.002010723860589812,0.0,0.48458445040214476,0.0,13.090154286911604,80.25007345806627,"{""type"":""MultiPoint"",""coordinates"":[]}"
3970,42.783680850120504,-0.29430751143198336,0.099336318892734,0.1848303142058718,0.0,0.4143239625167336,0.0,0.0,0.0,0.5856760374832664,0.0,13.011184331711661,80.2060780886293,"{""type"":""MultiPoint"",""coordinates"":[]}"
3971,40.843387429858986,-0.36567548246591897,0.0978277590490981,0.21573845422100205,0.0,1.0,0.0,0.0,0.0,0.0,0.0,12.69633313682349,79.9699780848785,"{""type"":""MultiPoint"",""coordinates"":[]}"
3972,41.329666573308785,-0.36304050075252403,0.07219474939880584,0.25776768074751616,0.0,0.958472873409243,0.0,0.0,0.0,0.041527126590756865,0.0,12.977867054489588,80.10658101580081,"{""type"":""MultiPoint"",""coordinates"":[]}"
3973,41.44819935102411,-0.36815211596063985,0.07555783456132972,0.22850005978343294,0.16666666666666669,0.41700133868808575,6.693440428380188E-4,0.41566265060240964,0.0,0.0,0.0,13.136422233819573,80.19499565287859,"{""type"":""MultiPoint"",""coordinates"":[]}"
3974,41.42434893241796,-0.3028087664013111,0.05270109456720773,0.2125143940516695,0.0,1.0,0.0,0.0,0.0,0.0,0.0,12.879392050044151,80.19092210989413,"{""type"":""MultiPoint"",""coordinates"":[]}"
3975,43.047450476052305,-0.49401423148341433,0.011453958443547185,0.44714097782620266,0.0,0.0,1.0,0.0,0.0,0.0,0.0,12.62486616609088,79.98413366276839,"{""type"":""MultiPoint"",""coordinates"":[]}"
3976,41.61826643650604,-0.4750737975837053,0.09961141854453316,0.30262746792991485,0.0,0.0,1.0,0.0,0.0,0.0,0.0,13.195547785450605,79.97600585671212,"{""type"":""MultiPoint"",""coordinates"":[]}"
3977,42.26287972306302,-0.3327919302385951,0.09166130778273568,0.20730771997972883,0.0,0.5462466487935657,0.29222520107238603,0.0,0.0,0.16152815013404823,0.0,12.967606383890736,80.09753583507158,"{""type"":""MultiPoint"",""coordinates"":[]}"
3978,41.22584283329091,-0.2865439309284044,0.06649458096937076,0.17443482026103285,0.0,0.8485254691689009,0.0,0.0,0.0,0.15147453083109919,0.0,12.885444112789715,80.22838763797657,"{""type"":""MultiPoint"",""coordinates"":[]}"
3979,42.94364759118635,-0.23614957002857334,0.11405618931451894,0.0845552675140162,0.0,1.0,0.0,0.0,0.0,0.0,0.0,12.970513545910814,80.21871456351623,"{""type"":""MultiPoint"",""coordinates"":[]}"
3980,42.14197733692773,-0.44670555651186994,0.05668145724445643,0.3427871571466783,0.0,0.8340026773761715,0.0,0.0013386880856760376,0.0,0.1646586345381526,0.0,12.92538457626771,80.19882390844973,"{""type"":""MultiPoint"",""coordinates"":[]}"
3981,40.67511459862694,-0.5167704640779053,0.046336199576309384,0.45944346935435043,0.0,0.0,0.3737441393168118,0.0,0.5097119892833222,0.11654387139986604,0.0,13.085289656274528,79.95118729332054,"{""type"":""MultiPoint"",""coordinates"":[]}"
3982,38.52707469372577,-0.506193187147538,0.06983255181657928,0.4040388178526766,0.0,0.579933110367893,0.0,0.0,0.0,0.4200668896321069,0.0,13.107056522377178,80.12044608948128,"{""type"":""MultiPoint"",""coordinates"":[]}"
3983,39.808911854963085,-0.46270405049432917,-0.00662306778587698,0.45645926402565923,0.0,0.0,0.22766957689724648,0.6662189388851578,0.0,0.10611148421759571,0.0,12.607276186079293,80.15758084824348,"{""type"":""MultiPoint"",""coordinates"":[]}"
3984,43.152438078795214,-0.5263842538678211,0.16021678631688124,0.28652361773066093,0.0,0.0,1.0,0.0,0.0,0.0,0.0,13.168831333004666,80.12926370271884,"{""type"":""MultiPoint"",""coordinates"":[]}"
3985,44.3624871655131,-0.5865750653414095,0.16569717884989954,0.3867161284086016,0.0,0.0,0.8477531857813548,0.15224681421864522,0.0,0.0,0.0,13.009594950161219,79.97642010070534,"{""type"":""MultiPoint"",""coordinates"":[]}"
3986,38.90141290395179,-0.526753610325723,0.010622097748044618,0.5212777026501532,0.0,0.0,0.0,0.0,0.02277294038847957,0.9772270596115203,0.0,12.815059349285468,80.17718509328702,"{""type"":""MultiPoint"",""coordinates"":[]}"
3987,39.95458523855424,-0.3866431897844828,0.10431376831949375,0.21184578445616534,0.0,1.0,0.0,0.0,0.0,0.0,0.0,13.09953234441382,80.13804155782924,"{""type"":""MultiPoint"",""coordinates"":[]}"
3988,40.629596687283716,-0.5649285145877746,-0.07423050428936159,0.6318700992424731,0.0,0.0,0.0,0.0,0.0,1.0,0.0,12.791668709289246,80.01875413910103,"{""type"":""MultiPoint"",""coordinates"":[]}"
3989,40.2918837591287,-0.5083807972370677,-0.04534207147290803,0.5613267756716289,0.0,0.0,0.0,0.0,0.0,1.0,0.0,12.808039023090101,79.93742013253488,"{""type"":""MultiPoint"",""coordinates"":[]}"
3990,39.32089530356332,-0.5067461303965185,-0.12859321167347212,0.6750874255744778,0.0,0.0,0.0,0.0,0.0,1.0,0.0,13.0959363230626,80.1155548601038,"{""type"":""MultiPoint"",""coordinates"":[]}"
3991,28.73678293070424,0.1405100238341912,0.016208298082163806,-0.03940311836429718,0.0,0.0,0.0,0.0,0.0,0.0,1.0,12.744621975147691,80.34429635958983,"{""type"":""MultiPoint"",""coordinates"":[]}"
3992,28.64704644880538,0.14480970958332665,0.029051163122725304,-0.05107618698133127,0.0,0.0,0.0,0.0,0.0,0.0,1.0,12.749564674918526,80.29574656236848,"{""type"":""MultiPoint"",""coordinates"":[]}"
3993,40.615698653068186,-0.4242903856723967,0.062238243344474954,0.3305746562846936,0.0,0.2693850267379679,0.46390374331550793,0.0,0.0,0.26671122994652396,0.0,13.032075071433841,80.08281812774597,"{""type"":""MultiPoint"",""coordinates"":[]}"
3994,39.479706121637605,-0.47227107693474457,0.00928222345204725,0.4483580526449769,0.0,0.7919463087248321,0.19999999999999996,0.0,0.0,0.008053691275167784,0.0,12.661655534341067,79.97207674547164,"{""type"":""MultiPoint"",""coordinates"":[]}"
3995,28.819088043378123,0.22077109031545106,-0.014723962234809573,-0.05937784681529145,0.0,0.0,0.0,0.0,0.0,0.0,1.0,12.606258759094695,80.23789895932309,"{""type"":""MultiPoint"",""coordinates"":[]}"
3996,41.865144163369095,-0.25246134689819366,0.233065720903742,-0.014667832036384694,1.0,0.0,0.0,0.0,0.0,0.0,0.0,12.884268276537783,79.90873942191376,"{""type"":""MultiPoint"",""coordinates"":[]}"
3997,41.204952341219034,-0.3554872926969231,0.04798491349993722,0.2700603140262874,0.0,0.9417280643000671,0.0,0.0,0.0,0.058271935699933025,0.0,13.047848186830635,80.23276377934876,"{""type"":""MultiPoint"",""coordinates"":[]}"
3998,30.34648847165213,0.4100858644683444,0.07507828906104388,-0.25841688870701196,0.0,0.0,0.0,0.0,0.0,0.0,1.0,12.651621401040169,80.2111079098571,"{""type"":""MultiPoint"",""coordinates"":[]}"
3999,38.231364521953196,-0.4732360259679536,-0.07071185303617769,0.5395198002930476,0.0,0.018729096989966557,0.3658862876254181,0.0,0.0,0.6153846153846153,0.0,13.170118125723167,80.02408261129216,"{""type"":""MultiPoint"",""coordinates"":[]}"
